# Blender 4.1.1
# www.blender.org
mtllib shipModel.mtl
o Ship.001
v -0.255967 -1.733021 -1.007982
v 0.409525 -2.339270 -1.041624
v 0.921939 -2.621004 -0.662893
v 0.655778 -2.621715 0.938320
v -0.867437 -1.651673 -0.769870
v 0.355917 -0.547485 0.210944
v -0.155800 -2.431240 -1.941702
v -0.268381 -0.981658 -0.374252
v 0.000000 -1.045293 -0.669839
v 0.000000 -1.335500 -0.670874
v -0.128083 -1.066776 -0.666925
v -0.128225 -1.308488 -0.667183
v 0.128225 -1.308488 -0.667183
v 0.128083 -1.066776 -0.666925
v -0.355536 -0.547826 -0.238609
v 0.295044 -0.545144 -0.330986
v -0.179272 -1.186419 -0.665681
v 0.179272 -1.186419 -0.665681
v 0.020521 -1.563406 -0.966711
v -0.357143 -0.957964 -0.979039
v 0.035628 -1.544928 -2.425143
v 0.186954 -0.933039 -2.604458
v -0.097772 -1.037991 -2.674436
v -0.108921 -1.574473 -1.609960
v 0.390086 -1.394815 -1.401405
v 0.459980 -1.190885 -1.402894
v -0.413127 -1.433053 -1.595166
v 0.094600 -2.022605 -4.340769
v -3.069620 0.392748 2.034376
v -3.375383 0.418075 1.212191
v -3.888485 0.252254 0.458205
v 4.136032 0.033909 -0.332930
v 3.888484 0.252254 -0.458205
v -1.662490 0.353841 -3.452688
v 1.027140 0.417213 -3.471778
v -2.077509 0.562279 -1.960305
v 2.217898 0.562838 -1.781459
v -2.791054 0.582713 0.332130
v -2.567621 0.572635 1.196139
v -2.221323 0.562442 1.776860
v -1.267004 2.278855 -1.859838
v 1.868420 -0.220704 -2.968464
v 3.420722 -0.213349 -0.725570
v 3.127474 -0.271214 -0.151508
v 1.945396 -0.259886 2.689866
v -1.817519 -0.204169 3.270241
v -1.579691 1.254746 -2.308015
v -0.940383 2.878181 0.568050
v 2.186917 2.297877 0.267239
v 1.930648 2.272172 1.160555
v -1.276961 2.277803 1.852157
v -0.221096 3.064672 -0.158042
v 0.866962 -1.650863 -0.772782
v 0.145814 -2.047380 -4.344908
v -0.032999 -1.861426 -4.337242
v -1.236502 -0.836988 2.636162
v 1.870852 -0.836927 3.271126
v 2.334102 -0.920287 2.342517
v -0.858909 -2.004173 2.321458
v -2.442627 -1.985042 3.352083
v -0.646911 -1.995495 3.488428
v 1.181292 -0.237049 -3.204386
v 1.230166 -0.837195 2.638295
v 1.269430 -0.836050 3.328387
v 1.133324 -2.003652 2.264917
v 0.972333 -2.019354 3.697193
v 1.520993 -1.016456 3.741585
v 1.477638 -1.903754 3.747518
v -0.291794 2.875292 1.097386
v -0.200958 2.989056 -0.717566
v -1.944538 -0.919107 2.201150
v -2.167873 -2.019648 3.574181
v 1.118603 -1.285713 4.756106
v -1.283588 -1.092154 4.743755
v 1.973183 -1.653983 4.655540
v 1.480075 -1.162588 3.801921
v -1.820873 -1.495936 3.988297
v -1.397869 -1.209477 3.906939
v -3.711867 -0.019318 1.892513
v -3.577056 0.414996 0.577784
v 3.726445 0.378616 0.440200
v -5.234715 0.397161 0.673018
v 5.675491 -0.520616 -0.314022
v 5.763064 0.655451 0.650526
v -6.354488 -0.071148 0.081635
v -5.545678 -0.252786 0.781709
v 5.544526 -0.252968 -0.776746
v 2.885509 0.055033 3.150958
v 3.377653 0.045249 -2.588033
v -3.351046 0.086232 2.587708
v 2.268478 0.036323 3.565950
v 1.310799 0.082667 3.932504
v -2.267693 0.035940 -3.565096
v -1.619461 0.051123 -3.845471
v 4.052373 0.084444 -0.510125
v -4.064966 0.081091 0.508614
v 5.223033 -0.021937 -0.745172
v -5.226349 -0.030012 0.762039
v -5.564992 -0.927973 0.236135
v 5.726528 -0.767180 -0.313494
v 5.612554 -0.748781 -0.313581
v -5.961437 -0.353992 -0.256415
v 5.670536 -0.357469 -0.313273
v -5.400790 -0.815867 -0.216477
v 5.616076 -0.950041 -0.247318
v -5.917422 -0.901847 -0.285380
v 5.913978 -0.357539 -0.300518
v -5.685933 -0.520591 -3.117385
v -5.630038 -0.800014 -3.117380
v -5.758820 -0.810199 -3.286328
v -5.874810 -0.637274 -3.117365
v 5.477543 -0.604117 -3.286309
v 5.712544 -0.468085 -3.117576
v 5.693568 -0.549363 -2.267745
v -5.698213 -0.738859 -2.267671
v 5.715264 -0.737747 -2.267678
v 0.234915 -1.734835 -1.006022
v 0.398992 -1.813244 -1.040593
v 0.191550 -1.724388 -1.958956
v 0.394346 -1.816687 -1.946430
v 0.229802 -2.422374 -1.941299
v 0.386210 -2.336934 -1.948182
v -0.313921 -2.395671 -1.958464
v 0.077445 -2.439944 -1.281735
v 0.245671 -2.431924 -1.035968
v -0.503129 -2.637220 -0.975063
v 0.001996 -2.673681 -0.354374
v 0.268304 -2.641414 -0.985760
v 0.951353 -2.637035 0.441805
v 0.746580 -2.664382 -0.147836
v -0.272585 -2.632363 0.979876
v 0.511393 -1.649976 0.983190
v -0.741010 -2.664698 0.125934
v -0.907352 -2.630893 0.590226
v -0.960442 -2.633011 -0.451231
v -0.855850 -2.623077 -0.776712
v -0.169340 -1.724829 -1.958966
v -0.428038 -2.195862 -1.931155
v 0.119548 -1.644533 -1.004022
v -0.745188 -2.622286 0.866028
v 0.634629 -2.655306 0.732001
v 0.966729 -1.657269 -0.322501
v -0.345059 -2.399906 -1.045871
v 0.010907 -1.640854 -0.383413
v 0.369591 -1.643226 0.137035
v 0.592529 -1.637647 -0.956038
v -0.837762 -1.649122 -0.000010
v -0.658912 -1.637352 0.765467
v 0.838637 -1.649190 -0.000322
v 0.664877 -1.636095 0.760039
v -0.957774 -1.647425 -0.353666
v -0.344246 -0.546853 0.259385
v -0.111258 -0.548190 -0.393318
v -0.328125 -1.636694 0.309470
v -0.275076 -2.229551 -1.975699
v -0.120144 -1.750457 -1.960650
v 0.198068 -1.750202 -1.962241
v 0.293743 -2.282605 -1.959036
v 0.118530 -1.743887 -2.776254
v 0.136569 -2.261290 -2.775280
v -0.102090 -2.263787 -2.760503
v -0.152501 -1.744992 -2.776098
v -0.258836 -2.221611 -2.769270
v -0.105823 -2.274374 -1.988773
v 0.273510 -2.193453 -2.768183
v -0.365140 -1.642666 -0.165005
v 0.058479 -1.640276 0.397834
v -0.191554 -0.546984 0.370723
v -0.172530 -1.309516 -0.404909
v -0.173158 -1.041643 -0.399868
v -0.290395 -1.637694 -0.334931
v 0.105662 -1.044551 -0.397662
v -0.175939 -1.222340 -0.665733
v -0.166104 -1.256132 -0.665945
v -0.150091 -1.285586 -0.666400
v 0.175887 -1.150597 -0.665730
v 0.166006 -1.117172 -0.665914
v 0.149961 -1.088461 -0.666293
v 0.035512 -1.334821 -0.670480
v 0.069641 -1.331439 -0.669515
v 0.101006 -1.323335 -0.668307
v 0.035459 -1.045388 -0.669530
v 0.069543 -1.047336 -0.668772
v 0.100876 -1.053633 -0.667819
v -0.101006 -1.323335 -0.668307
v -0.069641 -1.331439 -0.669515
v -0.035512 -1.334821 -0.670480
v -0.100876 -1.053633 -0.667819
v -0.069543 -1.047336 -0.668772
v -0.035459 -1.045388 -0.669530
v -0.082645 -1.337470 -0.432843
v 0.115879 -1.334875 -0.407018
v -0.106030 -1.045966 -0.464156
v 0.178772 -1.076361 -0.402981
v 0.301441 -1.370420 -0.354854
v 0.191070 -1.270278 -0.403381
v -0.047759 -1.290064 -0.670326
v -0.149961 -1.088461 -0.666293
v -0.166006 -1.117172 -0.665914
v -0.175887 -1.150597 -0.665730
v 0.150091 -1.285586 -0.666400
v 0.166104 -1.256132 -0.665945
v 0.175939 -1.222340 -0.665733
v 0.265375 -0.960854 -0.791134
v 0.123139 -0.876607 -0.810311
v -0.130519 -1.487157 -0.788055
v -0.407369 -1.268162 -0.982233
v 0.357135 -0.957941 -0.979075
v 0.189197 -1.536163 -0.996540
v 0.042564 -0.821627 -1.017336
v 0.189693 -0.844997 -0.996727
v -0.148448 -1.552541 -1.017071
v -0.151411 -0.832881 -1.002452
v 0.407369 -1.268162 -0.982234
v 0.165039 -1.490359 -0.805373
v -0.317852 -1.438487 -0.899439
v 0.347213 -1.145279 -0.783681
v -0.202512 -0.904489 -0.791829
v 0.306438 -0.924594 -2.383104
v 0.179691 -1.533418 -2.361164
v 0.137546 -0.859484 -2.473672
v -0.179691 -1.533418 -2.361164
v -0.244259 -0.868094 -2.374423
v -0.408595 -1.168998 -2.434417
v 0.318676 -1.435086 -2.396135
v -0.041171 -0.828063 -2.343008
v -0.319883 -1.062717 -2.587957
v -0.112716 -0.892282 -2.569371
v -0.303328 -1.423297 -2.521975
v -0.097887 -1.498214 -2.568916
v 0.213618 -1.118195 -2.660211
v -0.389553 -0.969792 -1.596050
v 0.292740 -0.875892 -1.598007
v 0.030921 -0.810997 -1.622590
v -0.163485 -0.824591 -1.607386
v 0.326063 -1.463857 -1.596109
v 0.162718 -1.561236 -1.603570
v -0.034424 -1.573561 -1.394887
v -0.258386 -1.526158 -1.404404
v 0.147533 -1.562020 -1.402565
v -0.120298 -0.816783 -1.398036
v 0.106408 -0.818202 -1.401831
v 0.292363 -0.877588 -1.402978
v -0.125440 -1.611267 -1.601236
v 0.346714 -1.514212 -1.597057
v 0.464236 -1.194691 -1.594740
v 0.382368 -0.901697 -1.596077
v 0.138191 -0.777346 -1.599907
v -0.126769 -0.779055 -1.599041
v -0.290013 -0.829005 -1.597314
v 0.122040 -1.608100 -1.600240
v -0.454693 -1.030961 -1.595294
v 0.225592 -1.579649 -1.409008
v -0.000044 -1.617952 -1.409667
v -0.475379 -1.225540 -1.402000
v 0.388976 -1.460174 -1.403155
v -0.134472 -0.780623 -1.406540
v -0.353278 -0.862573 -1.403586
v 0.079679 -0.772915 -1.408690
v 0.353517 -0.861946 -1.403780
v 0.427098 -1.277248 -1.594398
v -0.381674 -1.459986 -1.403091
v -0.016542 -1.833255 -2.777151
v 0.128966 -1.866391 -2.787017
v 0.149388 -2.041054 -2.799965
v -0.102138 -1.901963 -4.344289
v -0.123017 -1.859942 -2.800306
v -2.974186 0.261392 2.847517
v -2.755860 0.340680 -2.797995
v 2.769440 0.341831 -2.775789
v 2.878380 -0.023678 3.098773
v -2.755860 0.340681 2.797995
v -2.962190 -0.018213 -3.044971
v -4.118760 -0.049457 -0.312223
v -4.054556 -0.079020 0.228342
v -3.573498 0.413404 -0.632544
v -3.427258 0.332778 -1.802568
v 3.322931 -0.025905 2.573303
v 3.756612 0.006904 1.830726
v 4.046094 -0.060768 -0.625436
v 3.729806 0.015056 -1.886286
v 3.292609 0.338456 -2.034343
v 3.560950 0.419355 -0.606612
v 3.301429 0.402521 1.534036
v 3.088208 0.369594 2.171563
v 3.035588 0.444038 -1.657390
v -3.197343 -0.094249 -2.459877
v -3.527597 -0.024044 -2.241562
v -3.660285 -0.171263 -0.634660
v -3.537573 -0.166152 1.219639
v -3.633595 -0.092557 1.733907
v -3.043957 -0.161205 2.235972
v -2.846464 -0.088681 2.919861
v 4.113928 0.002348 0.509878
v -3.802371 0.078521 1.611661
v -4.142372 0.038804 0.372952
v -4.113928 0.002348 -0.509876
v 0.805570 -0.047727 -3.987778
v -3.042399 -0.012666 2.973860
v -2.325496 0.038893 3.535081
v -1.843922 -0.082003 3.654776
v -0.413566 0.597325 -2.790648
v 1.419494 0.577611 -2.481537
v -3.668356 0.408343 -0.097687
v -0.299549 0.596921 2.808636
v 3.150826 -0.058164 -2.723518
v 2.436105 -0.127180 -3.075801
v 0.259705 -0.253838 -3.277857
v -2.511696 -0.135805 -2.965480
v 2.108686 -0.253328 -2.518501
v 1.068810 -0.296301 -2.774594
v -2.014910 -0.279126 -2.310094
v -2.684673 -0.186908 -2.478456
v -3.366480 -0.158673 -1.736830
v 0.803700 -0.407342 -0.864935
v 0.075413 -0.416059 -1.039105
v -3.208888 -0.244553 -0.783385
v 3.844140 -0.141060 -0.125037
v 3.419807 -0.206015 0.887075
v 2.487382 -0.274029 1.817917
v 1.245205 -0.309424 2.665759
v -1.149853 -0.295904 2.849558
v -1.918687 -0.262637 2.668215
v 3.086664 -0.117601 2.496027
v 0.072075 -0.250815 3.295630
v -1.977747 -0.220084 3.020264
v -0.041819 -0.303667 2.896612
v 1.140024 -0.243855 3.293220
v 1.878390 -0.201272 3.254149
v -1.337591 -0.307161 2.640302
v 0.053270 -0.415799 1.027754
v -0.247869 -0.355519 2.199276
v 3.139899 -0.195036 1.735068
v -3.207343 -0.242044 0.844434
v -2.664535 -0.326847 0.087201
v -0.987549 -0.420613 0.255411
v 0.989397 -0.422890 -0.122630
v 0.893132 -0.408008 0.791147
v -2.673598 -0.284675 -1.364854
v -2.277688 -0.350961 -0.500622
v 0.072208 -0.345091 -2.398108
v 1.081388 -0.348038 -1.968311
v 2.729923 -0.279384 -1.369777
v 3.623421 -0.129096 -1.456210
v -1.846910 -0.213776 -3.022037
v 3.040231 -0.142723 -2.383325
v -1.919775 -0.104855 -3.504293
v 0.765638 -0.123276 -3.818259
v 1.276961 2.277803 -1.852159
v -0.605320 2.308570 -2.138372
v -1.566122 1.386927 2.268754
v 2.762300 1.245427 -0.246097
v -2.101003 1.629350 1.643753
v 2.790436 0.582881 -0.337236
v -2.762300 1.245427 0.246096
v -2.756612 0.580208 -0.564567
v 2.570068 0.573530 -1.190462
v -2.566610 0.572660 -1.197890
v 0.741579 1.432197 2.642754
v 1.721467 0.375207 -3.340011
v 0.285465 0.429545 -3.566042
v 1.602059 0.572874 2.347170
v -0.668979 0.362867 3.732120
v -1.146557 -0.239965 3.291402
v -0.021071 -0.162988 3.736802
v 0.205389 -0.078694 3.993677
v 1.381081 -0.021015 3.906774
v 0.704333 0.034315 -4.078783
v -0.947512 1.278837 -2.616085
v -0.001665 1.460377 -2.727128
v 1.588084 1.242315 -2.304600
v -0.775141 2.771163 -1.191338
v -0.385321 2.783978 -1.341851
v 0.786428 2.766343 -1.195760
v -0.224146 3.071143 0.010583
v 0.261790 3.066465 -0.087933
v 1.117612 2.793469 0.746377
v 0.811669 2.933630 0.443371
v 1.067488 2.879926 -0.038945
v -0.475663 2.964658 0.649680
v 0.444323 2.970313 0.673969
v -0.278182 1.702796 2.625994
v -0.579144 3.001079 0.316530
v 0.940382 2.878182 -0.568048
v 0.200951 2.989057 0.717562
v 1.462477 1.851955 -2.110634
v -2.422165 1.654332 1.098741
v -1.929984 2.270128 1.164761
v -2.605621 1.709034 -0.362304
v 2.422165 1.654332 -1.098742
v 0.691762 1.886083 2.457205
v 0.605320 2.308571 2.138370
v -2.422932 1.655051 -1.096832
v 2.101002 1.629350 -1.643754
v -0.691765 1.886084 -2.457204
v -1.462477 1.851956 2.110633
v -2.101838 1.629617 -1.642830
v 0.499755 2.592654 1.756723
v 0.385327 2.783977 1.341851
v 1.391981 2.675030 -0.866154
v 1.040735 2.566587 -1.546208
v -1.582625 2.564264 -0.980149
v -2.179428 2.288004 0.365629
v 2.179428 2.288004 -0.365630
v -1.022175 2.571684 -1.549376
v -0.499751 2.592655 -1.756722
v -2.186917 2.297877 -0.267241
v 1.582622 2.564266 0.980148
v 1.929983 2.270128 -1.164762
v -0.991347 2.620524 1.471050
v 1.674260 2.499644 -1.017256
v -1.835908 2.511388 0.615603
v -1.467140 2.555623 1.138127
v -1.930646 2.272173 -1.160556
v -0.648330 2.856625 0.985209
v -0.811658 2.933635 -0.443359
v 0.544272 2.917784 -0.820917
v -1.325705 2.712762 0.809562
v 0.589403 2.996198 -0.341005
v -0.588145 3.017334 -0.057110
v -1.067488 2.879926 0.038944
v -0.444315 2.970315 -0.673973
v -1.117610 2.793471 -0.746374
v 0.221093 3.064672 0.158041
v 0.006905 3.072469 0.221319
v 0.072113 3.065373 -0.319269
v 0.232574 3.040297 -0.437028
v 0.113305 3.058185 0.370277
v -0.357475 3.043865 0.245550
v 0.357471 3.043865 -0.245551
v 0.588146 3.017334 0.057111
v -0.201782 3.060466 0.240397
v -0.231618 3.034815 0.465787
v 0.390984 3.029389 0.319501
v 0.358702 -0.412592 -0.435715
v -0.330796 -0.414321 -0.445257
v 0.330796 -0.414321 0.445257
v -0.729245 -0.407294 0.946526
v -0.467984 -0.419771 -0.024242
v 0.092209 -0.550746 -0.462799
v -0.378044 -0.547106 -0.393582
v 0.378044 -0.547106 0.393582
v -0.092208 -0.550746 0.462798
v -0.406272 -0.547703 0.355669
v 0.406272 -0.547704 -0.355669
v -0.358702 -0.412592 0.435715
v 0.359213 -0.549462 -0.168477
v 0.443476 -0.553620 0.035116
v 0.250271 -0.546765 0.358555
v -0.443476 -0.553620 -0.035115
v 0.777320 -2.361461 -0.933301
v 0.844816 -1.648217 0.773873
v -0.844816 -1.648217 0.773873
v -0.331376 -1.758315 -1.957678
v 0.307162 -1.955181 -1.966406
v -0.000287 -1.890998 -3.002034
v 0.256566 -1.775790 -2.772109
v -0.696492 -1.776681 -0.958527
v 0.956323 -1.657128 0.407882
v -0.276182 -1.813939 -2.769721
v 0.726960 -1.843635 -0.950907
v 0.033311 -2.100358 -2.852136
v -0.152327 -2.040408 -2.793595
v 0.153502 -1.970004 -4.206586
v -0.026166 -2.082983 -4.212107
v -0.010514 -1.817135 -4.206005
v 0.139671 -1.837459 -4.345006
v 0.000855 -1.793639 -4.344661
v 0.056678 -2.098342 -4.349761
v -0.112613 -2.090377 -4.346960
v -0.144379 -1.847975 -4.344794
v 0.110851 -2.060937 -4.206887
v 0.016240 -2.100401 -4.219528
v -0.153502 -1.970007 -4.206585
v 0.017017 -1.799471 -4.212542
v 0.064546 -1.866541 -4.334851
v -0.011213 -2.039686 -4.320191
v -0.076299 -2.029683 -4.344684
v 0.076254 -1.913254 -2.973880
v -0.011650 -2.067197 -3.007584
v -0.077012 -1.912547 -2.980276
v 0.085566 -2.051267 -2.982788
v -0.090356 -2.041347 -2.978686
v -1.817233 -0.839034 2.602377
v -1.871226 -0.837239 3.271812
v -1.980633 -0.837271 2.734854
v -2.015040 -0.836796 3.008333
v -1.091461 -0.838234 2.890882
v -1.112126 -0.838357 3.193794
v 1.087689 -0.839161 2.898105
v 1.112838 -0.838269 3.194785
v 1.963306 -0.837305 2.690554
v 2.013379 -0.836272 3.009183
v -2.335015 -0.920483 2.343782
v 1.193184 -0.899643 3.732870
v -2.275465 -0.911877 3.532114
v -2.511999 -0.918954 2.725619
v -2.506646 -0.921304 3.117418
v -0.590936 -0.917619 2.823896
v -0.631854 -0.925561 3.434930
v 0.598137 -0.900022 2.832875
v 2.512177 -0.918714 2.728314
v 1.163983 -0.868772 2.539114
v 0.965705 -0.887533 2.383832
v 0.810278 -0.886955 3.461745
v 0.954447 -0.866754 3.115772
v -1.960942 -0.868018 2.534370
v -2.331398 -0.888786 2.548501
v -2.330194 -0.885409 3.268637
v -2.149016 -0.867320 3.032529
v 2.406852 -0.886388 3.049478
v -1.158543 -0.868372 3.421711
v -0.949177 -0.867194 2.900069
v 0.680305 -2.001781 2.497733
v -2.108467 -2.003312 2.242299
v -2.525316 -1.999624 3.018772
v -0.616139 -2.003890 2.734302
v 0.574625 -1.999329 3.148003
v 2.452094 -1.995747 3.348017
v -2.453745 -2.000155 2.518340
v 0.657686 -1.984386 3.490689
v 2.481394 -0.925161 3.254012
v 2.461339 -2.002734 2.546346
v -1.681656 -1.895693 3.719902
v 0.835870 -0.915448 3.683004
v 1.282696 -1.078375 3.778616
v 2.319643 -0.918405 3.485953
v -2.061383 -0.899116 3.632976
v -0.931311 -0.897160 3.689565
v 2.179754 -1.953012 3.609515
v 0.771914 -1.727334 3.732533
v -1.194341 -1.987804 3.745589
v -2.309051 -1.772460 3.591207
v -0.766425 -0.919331 2.403018
v -1.078257 -1.328757 3.821887
v -0.759818 -1.525630 3.744227
v -2.034932 -1.564769 3.697997
v -2.412212 -1.219342 3.503844
v -1.890297 -1.797434 3.709155
v -0.566396 -1.864900 3.166917
v 2.077528 -0.331447 -1.409497
v 1.976661 -0.917289 2.208544
v 2.024525 -0.899573 3.645904
v 2.231345 -2.020491 3.514423
v 1.682754 -1.891809 3.721970
v 1.547159 -1.989459 3.712492
v 1.619308 -0.986571 3.711240
v 2.139678 -2.002623 2.247391
v 2.127023 -0.887699 2.328237
v 1.217880 -0.869232 3.433536
v 0.150152 3.073967 -0.021433
v 0.291791 2.875287 -1.097404
v 0.197647 2.981519 -0.739725
v 0.483535 2.540709 -1.854307
v 0.404774 2.704967 -1.548392
v 1.022173 2.571683 1.549379
v 0.775142 2.771160 1.191347
v 1.449285 1.853469 2.121202
v 1.267003 2.278855 1.859839
v 0.901830 1.689971 -2.504874
v 0.559817 2.318645 -2.147472
v 1.886000 0.086848 -3.735531
v 1.833924 -0.103477 3.602111
v 1.027137 0.417215 3.471778
v 1.579691 1.254746 2.308014
v 1.777217 -0.106518 -3.559683
v 2.245740 -0.351771 -0.563958
v 2.293903 -0.355333 0.074727
v 0.619672 -0.930340 3.440622
v 0.766434 -0.919055 2.403017
v 1.152640 -0.920322 2.226228
v -1.133229 -1.713745 3.821939
v 1.204216 -1.786489 3.790535
v 2.349304 -1.417071 3.579798
v -0.871147 -0.025344 4.017696
v -1.662487 0.353843 3.452689
v -1.161090 0.588650 -2.587510
v -1.161764 0.588586 2.587436
v -2.214349 -0.358760 0.288561
v -2.134207 -0.336277 1.210064
v -1.270060 -0.835948 3.328299
v -0.877572 -2.020152 3.654257
v -1.452749 -1.905939 3.751650
v -1.204376 -1.129089 3.790272
v -1.653807 -1.016647 3.727419
v -1.307838 -0.900243 3.728626
v -1.957327 -1.200064 3.723858
v -0.841739 -2.023025 2.642556
v -1.217329 -0.869385 2.524859
v -0.245640 3.048562 -0.341764
v -0.197645 2.981518 0.739726
v -0.483534 2.540710 1.854305
v -0.404776 2.704967 1.548392
v -0.886679 1.877325 2.392055
v -0.559820 2.318645 2.147471
v -1.449285 1.853472 -2.121202
v -1.355730 0.056439 3.934934
v -1.056564 -0.116271 3.795409
v -0.843861 0.470319 3.304569
v -1.103921 -0.242995 -3.197757
v 1.402928 -1.035834 4.729103
v -1.665289 -1.027238 4.698818
v 1.401979 -1.885309 4.727042
v -1.648650 -1.895927 4.707693
v -1.814846 -1.845067 4.655433
v -1.996026 -1.387393 4.661405
v -1.888073 -1.134274 4.633348
v 1.151120 -1.692431 4.756960
v 1.971349 -1.295431 4.664022
v 1.813802 -1.082390 4.655460
v -1.115261 -1.595952 4.763862
v -1.971665 -1.635948 4.664169
v -1.107759 -1.318914 4.756691
v -1.603611 -1.146395 4.689304
v 1.576235 -1.019366 4.705992
v 1.747908 -1.863125 4.689837
v 1.576119 -1.902054 4.692100
v -1.568532 -1.773011 3.782460
v -1.484573 -1.017559 4.704349
v -1.294210 -1.847624 4.739026
v -1.517887 -1.904989 4.698944
v -1.276808 -1.623149 4.728654
v 1.580130 -1.152125 4.007974
v 1.079474 -1.593332 3.822039
v 1.974868 -1.198566 3.705860
v 1.133858 -1.217383 3.822072
v 1.981478 -1.706419 3.713876
v 1.437127 -1.757850 4.704500
v 1.797731 -1.279207 4.665073
v -1.471114 -1.769718 4.706927
v 1.323242 -1.258688 4.725841
v -1.767118 -1.243786 4.672645
v 1.551731 -1.773338 4.706344
v -1.610291 -1.775360 4.696181
v -1.862539 -1.466168 4.657414
v 1.244418 -1.507836 4.736038
v 1.608866 -1.151132 4.696374
v 1.822222 -1.605379 4.653912
v -1.268123 -1.319872 4.729498
v 1.709490 -1.733257 4.681635
v -1.301199 -1.454209 3.942642
v -1.610266 -1.152069 3.831849
v -1.711048 -1.696218 3.861935
v 1.389360 -1.686104 3.860995
v 1.816133 -1.460161 3.904013
v -1.473785 -1.761297 3.803744
v 1.516980 -1.765831 3.795197
v 1.635529 -1.756064 3.793627
v 1.276045 -1.400029 4.095629
v -4.144694 0.027770 -0.099677
v -3.868092 0.287001 0.242917
v -3.866567 0.284820 -0.297882
v 4.131881 0.032598 0.235031
v 3.868092 0.287001 -0.242918
v 3.866567 0.284820 0.297882
v -3.827116 0.342801 0.251871
v 4.137548 -0.027162 0.188524
v 3.827116 0.342801 -0.251874
v -5.229943 0.025875 0.201885
v -5.227577 0.277174 0.301636
v 5.229943 0.025875 -0.201886
v 5.227577 0.277174 -0.301636
v -4.085519 0.055254 -0.468090
v 4.085519 0.055254 0.468090
v -6.073491 0.421428 -0.748351
v -5.285301 -0.207882 0.494875
v 5.232929 -0.057872 0.759596
v -5.222572 0.009544 -0.748310
v -5.226976 0.277451 -0.298810
v 5.239956 0.412926 0.671017
v 5.226977 0.277451 0.298809
v -5.233922 0.402848 -0.640868
v -6.357446 0.370703 -0.078300
v -6.321243 -0.057889 -0.308635
v -6.103417 0.529152 0.589611
v -6.134560 0.629961 -0.002662
v -6.253225 0.445211 -0.430919
v 6.246398 -0.069953 -0.504785
v 6.061847 0.540752 -0.637998
v 6.134542 0.629971 0.002104
v 6.325323 0.431991 0.254456
v 6.037604 -0.096393 -0.817791
v 6.033302 -0.105783 0.828372
v 6.227054 -0.071018 0.567994
v -6.180630 -0.093747 0.644055
v -6.168636 -0.071847 -0.663967
v -5.727228 0.604630 0.775911
v -5.285077 -0.191200 -0.640346
v 6.166270 0.427186 0.637680
v 5.580884 0.697955 0.395399
v 5.437513 0.626212 0.390678
v -5.911246 0.713972 0.183774
v -5.488894 0.613075 0.645271
v -5.867390 -0.139847 0.914837
v 5.901046 -0.863933 0.291092
v -5.872195 -0.251052 -0.765363
v -5.718713 0.718295 0.384051
v -5.529082 0.587939 -0.752112
v -5.702672 0.734229 -0.113794
v 5.512784 0.567675 0.762832
v 5.911085 0.713963 -0.184744
v 5.694289 -0.265243 0.797058
v 5.809585 -0.165062 -0.895462
v 5.722175 0.724961 -0.293044
v 5.722531 0.639870 -0.704524
v 5.728109 0.731495 0.226305
v 5.435248 -0.320526 0.271544
v -5.794078 -0.364172 0.320773
v -5.669229 -0.361831 -0.319904
v 5.765173 -0.364697 0.317025
v -5.389365 -0.317078 -0.195849
v -5.397469 -0.313250 0.245711
v 5.265469 -0.205447 0.363645
v 5.383699 -0.326081 -0.091163
v 5.395301 -0.247285 0.631231
v 5.288788 -0.219353 -0.455814
v -6.193658 -0.250186 -0.176586
v -5.970238 -0.356557 0.219777
v -6.064362 -0.248875 0.528129
v 6.031536 -0.269780 0.523873
v 5.963112 -0.355952 0.242138
v 6.211454 -0.236273 -0.007885
v 5.969175 -0.356192 -0.224433
v 6.064228 -0.248353 -0.530057
v -5.742965 -0.315190 0.641204
v -5.638958 -0.314706 -0.635633
v 5.677376 -0.324971 0.583878
v 5.742309 -0.315154 -0.640667
v 3.561063 0.271200 -1.826572
v 3.850442 0.264008 -0.838418
v 3.834951 0.297461 0.703950
v 3.781258 0.203987 1.400237
v -3.541123 0.277376 1.850760
v -3.850442 0.264008 0.838418
v -3.834951 0.297460 -0.703951
v -3.596692 0.241060 -1.839568
v 2.562291 0.265707 3.177973
v 1.585543 0.351599 3.488509
v 1.790457 0.237128 3.644347
v -0.765951 0.241276 3.925967
v -2.562289 0.265707 3.177974
v -2.562292 0.265706 -3.177973
v -1.790457 0.237127 -3.644347
v 0.771090 0.275548 -3.890418
v 1.770066 0.265959 -3.616294
v 2.562289 0.265706 -3.177975
v -1.790457 0.237128 3.644346
v 3.901939 0.237260 0.473209
v -3.901939 0.237260 -0.473209
v 5.213713 0.253659 -0.470671
v 5.214051 0.255061 0.463004
v -5.213714 0.253659 0.470670
v -5.214052 0.255061 -0.463004
v 5.332412 0.237698 0.897103
v -5.381462 0.362175 -0.878931
v -5.561762 -0.192121 -0.861367
v -5.847358 0.389399 0.940233
v 5.635007 -0.112825 0.959165
v 5.703908 0.277653 -0.990218
v 5.427555 0.297344 -0.928106
v 5.561246 0.270755 1.007115
v -5.807036 0.144625 1.024320
v -5.468863 0.005444 -0.964799
v 5.921002 0.128466 0.962509
v 5.961215 0.277517 -0.897050
v -5.908003 -0.028054 -0.937146
v 5.209987 0.083732 0.509734
v -5.209987 0.083732 -0.509735
v 3.986906 0.062033 -0.996934
v -0.302014 0.277124 -3.930217
v -1.002787 0.272429 -3.842662
v 0.336804 0.272457 3.932870
v 1.037926 0.275511 3.828736
v -3.877305 0.044714 -1.434848
v -5.835128 -0.974852 -0.146155
v 5.790740 -0.986679 -0.041895
v -5.559144 -0.971581 0.042744
v -5.714735 -0.991968 0.060581
v -5.659239 -0.963632 -0.211125
v 5.523913 -0.948311 -0.141857
v 5.405670 -0.805194 -0.229944
v 5.969841 -0.839514 -0.228392
v 5.498446 -0.882160 0.262102
v 5.868193 -0.960480 -0.200372
v 5.461268 -0.741612 0.296684
v 5.444558 -0.321388 -0.277894
v 5.394459 -0.835224 0.104758
v -5.966609 -0.857306 0.222649
v -5.445030 -0.700768 -0.304124
v -5.530692 -0.801433 0.306409
v -5.698233 -0.519687 -0.313702
v -5.691437 -0.767916 -0.313581
v 5.836457 -0.648354 -0.313317
v -5.549469 -0.644605 -0.313323
v -5.965854 -0.721568 -0.294809
v -5.500465 -0.852458 -0.302339
v 5.877761 -0.863168 -0.305745
v 5.478144 -0.751840 -0.309494
v -5.704990 -0.738011 -3.286308
v 5.691514 -0.552327 -3.286274
v 5.802039 -0.644606 -3.286301
v 5.591114 -0.618012 -3.286299
v -5.783684 -0.648093 -3.286003
v -5.589195 -0.657704 -3.286214
v -5.827464 -0.681670 -0.313363
v -5.730705 -0.766862 -3.117379
v -5.751529 -0.807941 -3.117375
v -5.627816 -0.752659 -3.117379
v -5.828593 -0.635643 -3.117336
v -5.565916 -0.623705 -3.117364
v 5.689494 -0.520004 -3.117576
v 5.839985 -0.642221 -3.117576
v 5.636551 -0.751202 -3.117576
v -5.630927 -0.797261 -3.286310
v -5.857307 -0.585887 -3.286307
v -5.507887 -0.645405 -3.286298
v -5.510082 -0.619433 -3.117368
v -5.698688 -0.474565 -3.117376
v 5.808466 -0.793738 -3.286309
v 5.685227 -0.468801 -3.286309
v 5.612599 -0.796263 -3.286308
v 5.713104 -0.819951 -3.286308
v 5.881561 -0.603966 -3.286309
v 5.690246 -0.818128 -3.117576
v 5.501492 -0.556894 -3.117576
v 5.883976 -0.622437 -3.117576
v 5.570780 -0.767597 -3.117576
v 5.788765 -0.809720 -3.117576
v 5.541848 -0.615857 -3.117576
v -5.680857 -0.547097 -2.267706
v 5.644907 -0.717443 -2.267729
v 5.799752 -0.645343 -2.267708
v 5.581084 -0.616899 -2.267932
v -5.585117 -0.644873 -2.267694
v -0.108436 -2.447842 -1.041571
v -0.630709 -2.655598 -0.733742
v 0.612712 -2.644190 -0.906961
v 0.000992 -2.677205 0.188261
v -0.646177 -2.653922 0.723486
v -0.514978 -1.639119 -0.964085
v -0.722986 -2.325014 -0.955464
v 0.238952 -2.242246 -1.998701
v 0.121718 -2.272827 -2.009374
v 0.339815 -1.637976 -0.288653
v 0.294355 -1.637641 0.325351
v 0.077690 -1.263929 -0.669431
v -0.231168 -1.383662 -0.747072
v -0.347205 -1.145404 -0.783669
v 0.301007 -1.439904 -0.828968
v -0.005257 -1.567459 -2.230626
v 0.148853 -0.831792 -2.189145
v 0.389670 -1.109872 -2.454114
v 0.158805 -1.468676 -2.583013
v 0.243909 -1.308948 -2.649282
v -0.127305 -1.321563 -2.675994
v -0.369423 -0.950606 -1.403193
v -0.225487 -1.578595 -1.411556
v -0.372123 -1.418929 -1.594642
v -0.025194 -2.146158 -2.785600
v -3.027460 0.463210 -1.514377
v 2.878447 0.031349 -3.169590
v 3.979483 -0.097613 0.474721
v 3.626118 -0.112449 1.587559
v 2.974185 0.261390 -2.847519
v 3.500649 0.279058 1.928852
v -2.652003 -0.278543 1.531106
v 2.204179 -0.341443 1.011703
v -3.588771 -0.195300 0.243730
v 2.727515 -0.308739 0.729180
v -0.769207 -0.406366 -0.961081
v -0.974279 -0.418293 -0.341122
v -3.848082 -0.062950 -1.313288
v -1.120238 -0.315046 -2.527397
v -0.474431 -0.305419 -2.831674
v -0.821281 -0.135577 -3.767471
v -0.322906 -0.075869 -3.984001
v 1.973750 -0.018382 -3.685932
v 3.425286 0.456120 0.413889
v -0.956518 1.290760 2.611299
v 2.215165 0.562889 1.784272
v 2.569300 0.573555 1.191692
v 2.756168 0.580099 0.566934
v 0.973467 0.589646 -2.668763
v 0.287827 0.597818 -2.809171
v 0.358386 0.598449 2.797937
v -0.859378 0.430056 -3.476449
v 2.769441 0.341833 2.775787
v 1.844831 0.396153 3.185024
v 0.974166 0.589652 2.668409
v 0.285461 0.429546 3.566042
v -1.653615 0.566961 2.334779
v 2.974186 0.261392 2.847517
v -2.974186 0.261391 -2.847517
v 2.101837 1.629616 1.642831
v 2.422931 1.655052 1.096833
v 2.605621 1.709034 0.362303
v 2.498415 1.864108 -0.418054
v 0.266008 1.904467 -2.504485
v -2.498415 1.864108 0.418053
v -1.559997 2.691399 0.210443
v -1.698679 2.628486 -0.281353
v 1.906643 2.527794 -0.005194
v 1.570074 2.700184 0.029832
v 0.467984 -0.419771 0.024241
v -0.269709 -1.791468 -1.964496
v -0.441200 -1.941384 -1.039788
v -0.956349 -1.657130 0.407725
v -0.545701 -1.650044 0.969643
v -0.104205 -2.074569 -4.211507
v -0.079494 -2.091327 -2.847832
v -0.117069 -1.836568 -4.206942
v 0.114392 -1.838981 -4.204766
v 1.882408 -0.857198 2.595298
v 2.152666 -0.868343 3.033894
v -0.679081 -0.887513 3.156725
v -1.902706 -0.869013 3.360735
v -0.965629 -0.887542 2.383759
v 2.259111 -2.023028 2.576540
v 2.532899 -1.859496 3.043174
v -2.002998 -1.969363 3.656391
v -1.115918 -0.919682 2.237172
v 0.817876 -2.023200 2.674525
v 1.902633 -0.869041 3.361085
v 1.054948 -0.113022 3.800841
v -1.418810 -1.025776 3.752116
v -2.281369 -2.023237 2.603811
v -2.014729 -0.887810 2.312609
v -0.025160 3.074141 -0.181187
v -1.656899 -0.051423 -3.747865
v -2.155550 -0.332151 -1.293553
v 1.679949 -1.029258 3.719862
v 1.471146 -1.156815 4.720362
v -1.474767 -1.150603 4.715439
v -1.781692 -1.669486 4.669654
v -1.712981 -1.265763 3.800973
v 1.649954 -1.177311 3.788808
v -1.488649 -1.157127 3.796028
v -5.224300 0.031588 -0.270023
v 5.234036 0.402186 -0.627491
v 5.224300 0.031588 0.270022
v 5.932622 0.686542 0.405073
v -5.766935 0.714059 -0.396636
v -5.933866 0.631041 -0.598273
v -6.275055 0.363736 0.473951
v 6.272902 0.363865 -0.478925
v -5.865082 0.677226 0.501176
v 5.864978 0.677134 -0.500074
v -5.506319 0.671085 0.397643
v 5.975561 -0.805750 0.180204
v -5.491858 0.655548 -0.476793
v -5.425322 0.416182 0.885884
v 5.509930 0.666734 -0.457073
v 5.322426 0.443456 -0.793747
v -5.545628 -0.305386 0.578471
v 5.545608 -0.305458 -0.577517
v 5.437037 -0.084444 -0.903695
v -5.408743 -0.021511 0.943776
v 5.776504 0.473402 0.907748
v -5.819698 0.443432 -0.897495
v 6.364441 -0.080565 0.059818
v 5.210421 0.076818 -0.499812
v -5.210421 0.076818 0.499812
v -0.838841 -0.021005 -4.020756
v -0.795713 0.071775 -4.046983
v -2.885329 0.054893 -3.151170
v 0.031318 0.037724 4.119864
v -3.577099 0.097732 -2.149147
v -2.884710 0.055652 3.151450
v 3.361109 0.055235 2.600387
v -3.219316 0.071968 -2.773926
v 5.697715 -0.991737 0.037948
v 5.875338 -0.956443 0.174074
v -5.859803 -0.951799 0.218950
v -5.483006 -0.925200 -0.168448
v 5.569086 -0.957673 0.170988
v 5.724759 -0.768120 -3.117576
v -5.694405 -0.553739 -3.286229
v -5.407858 -0.816057 0.216989
v -5.868124 -0.781747 0.303737
v -5.801701 -0.638585 -2.267689
v -5.675665 -0.474902 -3.286316
v 5.693315 -0.737242 -3.286299
vn 0.4295 0.9030 -0.0096
vn 0.0115 0.4235 -0.9058
vn 0.5352 0.3299 -0.7777
vn 0.9995 -0.0155 -0.0257
vn 0.0646 -0.9978 -0.0117
vn 0.0230 -0.9995 -0.0213
vn -0.9999 0.0121 0.0077
vn 0.2118 -0.2061 -0.9553
vn 0.2153 -0.2129 -0.9531
vn 0.2129 -0.2082 -0.9546
vn -0.0206 -0.9997 -0.0132
vn 0.1107 -0.9928 -0.0459
vn 0.0143 -0.9999 -0.0065
vn 0.0021 -0.9987 -0.0510
vn 0.8803 -0.0039 -0.4745
vn 0.9999 -0.0046 0.0142
vn 0.8555 -0.0797 0.5117
vn 0.0758 -0.9969 0.0199
vn 0.0184 -0.9871 0.1588
vn 0.5311 0.0398 0.8464
vn -0.2350 -0.0552 0.9704
vn -0.9566 0.0064 0.2912
vn -0.0186 -0.9996 0.0210
vn -0.1704 -0.9853 0.0107
vn -0.1461 -0.9824 0.1166
vn -0.4785 -0.2848 -0.8306
vn -0.2024 0.9792 -0.0100
vn -0.0141 0.9999 -0.0048
vn -0.0176 0.9998 -0.0113
vn -0.0175 0.9998 -0.0112
vn 0.0160 0.9998 0.0112
vn -0.0235 0.9996 0.0128
vn -0.0540 0.9943 0.0917
vn -0.0097 0.9999 0.0047
vn -0.5284 0.1548 -0.8347
vn 0.1323 0.1579 -0.9785
vn 0.0272 -0.1511 -0.9881
vn 0.0255 -0.1301 -0.9912
vn 0.0269 -0.1472 -0.9887
vn -0.0081 -0.9865 -0.1638
vn 0.0099 -0.3899 -0.9208
vn 0.0627 -0.3419 -0.9376
vn -0.0978 -0.0800 -0.9920
vn -0.0043 0.0573 -0.9983
vn 0.0050 0.0752 -0.9972
vn 0.0037 0.1038 -0.9946
vn -0.0001 0.1262 -0.9920
vn -0.0043 0.0663 -0.9978
vn -0.2417 -0.0054 -0.9703
vn 0.0205 -0.3492 0.9368
vn -0.2648 0.9642 0.0170
vn -0.0008 1.0000 0.0067
vn -0.4876 0.8728 -0.0204
vn -0.0041 1.0000 0.0082
vn 0.2288 -0.2028 -0.9521
vn 0.2284 -0.2045 -0.9519
vn 0.2274 -0.2089 -0.9511
vn 0.2518 -0.9661 -0.0570
vn 0.4799 -0.8748 -0.0660
vn -0.9969 -0.0112 0.0779
vn -0.0994 -0.9946 -0.0308
vn -0.0193 -0.9997 -0.0150
vn 0.9999 0.0119 0.0086
vn 0.2939 -0.0172 0.9557
vn -0.5889 0.0284 0.8077
vn -0.8464 -0.0035 -0.5326
vn 0.4245 0.0290 -0.9050
vn 0.4254 0.0294 -0.9045
vn 0.4241 0.0288 -0.9052
vn -0.0125 0.1370 -0.9905
vn -0.1590 -0.0216 -0.9870
vn -0.3200 -0.0862 -0.9435
vn 0.1240 -0.3842 -0.9149
vn 0.0115 0.4081 -0.9129
vn 0.0376 -0.0009 -0.9993
vn 0.0322 0.0025 -0.9995
vn 0.0346 0.0027 -0.9994
vn 0.0225 0.0039 -0.9997
vn 0.0294 0.0041 -0.9996
vn 0.0325 0.0044 -0.9995
vn 0.0325 0.0045 -0.9995
vn -0.0332 0.0008 -0.9995
vn -0.0328 0.0033 -0.9995
vn -0.0311 0.0036 -0.9995
vn -0.8627 0.4800 -0.1595
vn 0.0109 0.9984 -0.0558
vn 0.1980 0.9795 -0.0364
vn 0.0574 0.9982 -0.0179
vn 0.8741 -0.4735 -0.1086
vn 0.9550 -0.2773 -0.1057
vn 0.9930 -0.0920 -0.0741
vn 0.9552 0.2819 -0.0901
vn -0.0111 0.0004 -0.9999
vn -0.0362 -0.0004 -0.9993
vn -0.0287 -0.0044 -0.9996
vn -0.0387 0.0001 -0.9992
vn 0.0394 -0.0041 -0.9992
vn 0.0399 -0.0056 -0.9992
vn 0.0403 -0.0056 -0.9992
vn 0.2269 -0.2106 -0.9509
vn -0.9150 -0.0191 -0.4030
vn -0.9997 0.0103 0.0226
vn -0.2512 -0.5222 0.8150
vn -0.0000 -0.6114 0.7913
vn -0.0027 -0.6100 0.7924
vn -0.0029 -0.6099 0.7925
vn -0.0364 -0.5963 0.8020
vn 0.0029 -0.6130 0.7901
vn 0.1247 -0.6004 0.7899
vn 0.4213 -0.4295 0.7988
vn 0.5831 -0.0553 0.8106
vn 0.5369 -0.3040 0.7870
vn -0.5830 -0.0553 0.8106
vn -0.3734 -0.3854 0.8438
vn -0.4875 -0.2778 0.8277
vn -0.2274 0.5263 0.8193
vn -0.0958 0.5970 0.7965
vn -0.0196 0.6420 0.7665
vn 0.0048 0.6587 0.7524
vn -0.5651 0.0545 0.8232
vn -0.5554 0.1687 0.8143
vn -0.4060 0.4331 0.8047
vn 0.1976 -0.9474 0.2520
vn -0.8711 -0.2534 0.4206
vn 0.8959 -0.2014 0.3961
vn 0.1248 0.9699 0.2090
vn 0.9680 0.1547 0.1975
vn -0.7438 0.4630 0.4821
vn -0.1451 -0.9484 0.2821
vn 0.0137 -0.9154 0.4022
vn -0.8652 0.4919 -0.0972
vn 0.1188 -0.9889 -0.0896
vn 0.8792 -0.4758 -0.0252
vn 0.2393 0.9708 0.0142
vn 0.4060 0.9079 -0.1045
vn 0.9053 -0.4077 -0.1188
vn 0.4750 0.8314 -0.2881
vn -0.0247 0.9638 -0.2656
vn 0.7532 0.5015 -0.4257
vn 0.7561 0.0829 -0.6492
vn -0.3866 -0.8721 -0.3000
vn -0.3671 -0.5261 -0.7671
vn -0.0518 -0.9811 -0.1866
vn 0.2043 -0.9344 -0.2919
vn 0.5047 -0.8148 -0.2853
vn 0.8821 -0.2623 -0.3912
vn -0.0157 0.5837 -0.8118
vn -0.5417 0.7079 -0.4533
vn -0.3667 0.0433 -0.9293
vn -0.5908 -0.1714 -0.7884
vn 0.0079 0.0013 1.0000
vn 0.0029 0.0032 1.0000
vn 0.0114 -0.0001 0.9999
vn 0.1413 0.2028 -0.9690
vn -0.1033 0.7610 -0.6405
vn 0.0238 0.0079 -0.9997
vn 0.0271 0.0195 -0.9994
vn 0.0220 0.0016 -0.9998
vn 0.0381 0.1716 0.9844
vn -0.0101 -0.0016 -0.9999
vn -0.0103 -0.0014 -0.9999
vn -0.0097 -0.0020 -1.0000
vn -0.0095 -0.0023 -1.0000
vn 0.0177 0.2355 0.9717
vn -0.9971 0.0240 -0.0718
vn -0.5137 -0.8535 0.0877
vn -0.0740 -0.9967 0.0331
vn 0.1671 -0.9849 0.0456
vn 0.8838 -0.4567 0.1016
vn -0.0551 0.9978 0.0363
vn 0.3042 0.9526 0.0005
vn 0.0064 0.9999 0.0100
vn 0.8808 0.4712 -0.0453
vn 0.9761 0.1565 0.1508
vn 0.4522 0.8845 -0.1150
vn -0.0359 0.9993 0.0067
vn 0.9666 -0.2549 0.0265
vn -0.9238 -0.3697 0.0994
vn 0.1669 -0.9844 0.0561
vn 0.3854 -0.9199 -0.0718
vn 0.5852 -0.8051 0.0968
vn -0.1721 -0.9820 0.0784
vn -0.5268 -0.8493 -0.0328
vn -0.7678 0.6247 -0.1425
vn -0.0854 0.2458 -0.9655
vn -0.0044 0.1837 -0.9830
vn -0.0041 -0.9434 0.3316
vn -0.0056 0.0158 0.9999
vn -0.1374 0.0577 -0.9888
vn 0.0505 -0.1380 0.9891
vn 0.0137 -0.0026 -0.9999
vn 0.0681 -0.1294 -0.9893
vn 0.0069 -0.2336 -0.9723
vn 0.0511 0.0917 -0.9945
vn 0.0567 0.0838 -0.9949
vn 0.0533 0.0887 -0.9946
vn 0.0590 0.0807 -0.9950
vn 0.5014 -0.8528 -0.1461
vn -0.0862 -0.7836 -0.6152
vn -0.0529 -0.3879 -0.9202
vn -0.0290 -0.1249 -0.9917
vn -0.0314 -0.1176 -0.9926
vn -0.0325 -0.1142 -0.9929
vn -0.0313 -0.0363 -0.9989
vn 0.0221 0.6035 -0.7971
vn -0.0519 -0.9984 -0.0208
vn -0.2961 0.9356 -0.1923
vn -0.6050 0.5649 -0.5612
vn 0.2540 0.9180 -0.3046
vn 0.3221 0.9248 0.2024
vn 0.6384 0.5368 0.5516
vn -0.2607 0.9133 0.3130
vn 0.2035 -0.9543 0.2190
vn 0.2813 -0.9286 0.2419
vn -0.1433 0.9800 0.1378
vn -0.1561 0.9790 0.1309
vn -0.2159 0.9666 -0.1380
vn -0.1620 0.9785 -0.1277
vn -0.1554 0.9814 -0.1131
vn -0.1902 0.9817 -0.0100
vn -0.1616 0.9803 0.1136
vn 0.5862 -0.6468 -0.4878
vn 0.2378 -0.9140 -0.3286
vn 0.4022 -0.8935 -0.2000
vn 0.2567 -0.9651 -0.0512
vn 0.3471 -0.9378 -0.0104
vn 0.2072 -0.9780 0.0241
vn 0.1891 -0.9791 0.0751
vn 0.3056 -0.9357 0.1761
vn 0.4215 -0.8829 0.2071
vn 0.6413 0.5213 -0.5630
vn 0.7434 0.5710 -0.3485
vn 0.7789 0.5727 -0.2554
vn 0.3904 0.9128 0.1203
vn 0.7425 0.5738 0.3455
vn -0.6330 0.5417 0.5530
vn -0.7467 0.5713 0.3408
vn -0.7891 0.5843 0.1892
vn -0.3775 0.9194 -0.1105
vn -0.7958 0.5288 -0.2952
vn -0.2603 -0.9494 0.1758
vn -0.1649 -0.9747 0.1510
vn -0.1255 -0.9875 0.0950
vn -0.1264 -0.9872 0.0974
vn -0.1254 -0.9876 0.0947
vn -0.1266 -0.9871 0.0981
vn 0.0068 -0.9916 0.1294
vn 0.0084 -0.9974 0.0717
vn 0.1427 -0.9826 0.1190
vn -0.1528 -0.9851 0.0790
vn -0.0158 -0.9988 0.0473
vn 0.0137 -0.9984 0.0549
vn 0.0687 -0.9959 0.0591
vn 0.0685 -0.9959 0.0588
vn -0.1816 -0.9826 0.0389
vn -0.3091 -0.9478 0.0779
vn -0.5152 -0.8461 0.1364
vn -0.1390 -0.9902 0.0112
vn -0.0438 -0.9984 0.0356
vn -0.0496 -0.9984 0.0287
vn 0.0741 -0.9970 0.0219
vn 0.1014 -0.9948 0.0037
vn 0.1418 -0.9896 0.0222
vn -0.2702 -0.9626 -0.0206
vn -0.3009 -0.9512 -0.0685
vn -0.1049 -0.9941 -0.0282
vn -0.1048 -0.9941 -0.0282
vn -0.1050 -0.9941 -0.0282
vn -0.1417 -0.9899 -0.0050
vn -0.0461 -0.9985 -0.0308
vn 0.0819 -0.9958 -0.0402
vn 0.1273 -0.9913 -0.0349
vn 0.0969 -0.9952 -0.0129
vn -0.3169 -0.9367 -0.1487
vn -0.1789 -0.9821 -0.0589
vn -0.1147 -0.9897 -0.0857
vn -0.1446 -0.9873 -0.0650
vn -0.0545 -0.9967 -0.0595
vn -0.0193 -0.9984 -0.0539
vn 0.0193 -0.9985 -0.0522
vn 0.0835 -0.9942 -0.0677
vn 0.1307 -0.9870 -0.0931
vn 0.1589 -0.9848 -0.0695
vn -0.1276 -0.9807 -0.1482
vn -0.0359 -0.9935 -0.1077
vn 0.0106 -0.9948 -0.1009
vn 0.0284 -0.9912 -0.1292
vn -0.2122 -0.9545 -0.2093
vn -0.3634 -0.8940 -0.2622
vn -0.1979 -0.9419 -0.2715
vn -0.2676 -0.8540 -0.4462
vn -0.2605 -0.8452 -0.4666
vn -0.1024 -0.9428 -0.3173
vn -0.0678 -0.9108 -0.4073
vn 0.0341 -0.9783 -0.2044
vn 0.1210 -0.9710 -0.2062
vn 0.1968 0.9780 0.0689
vn 0.1965 0.9781 0.0685
vn 0.1969 0.9780 0.0690
vn 0.1970 0.9780 0.0692
vn -0.2487 0.0398 0.9678
vn -0.4718 0.1207 0.8734
vn 0.6593 0.0327 -0.7512
vn 0.1874 0.9805 -0.0591
vn 0.2049 0.9787 -0.0080
vn 0.2494 0.9684 -0.0017
vn 0.9788 0.1548 0.1341
vn 0.9986 0.0372 0.0380
vn 0.9653 0.0754 -0.2501
vn 0.1965 0.9776 -0.0753
vn 0.7297 0.1656 -0.6634
vn -0.9653 0.0744 0.2505
vn -0.9788 0.1549 -0.1340
vn -0.9985 0.0383 -0.0385
vn -0.1419 0.1398 -0.9800
vn 0.1109 0.9732 -0.2016
vn -0.0064 0.9761 -0.2170
vn -0.0985 0.9734 -0.2071
vn -0.1322 0.9795 -0.1520
vn 0.1317 0.9770 0.1679
vn 0.0962 0.9745 0.2028
vn -0.0236 0.9672 0.2527
vn 0.0012 0.9766 0.2149
vn -0.1013 0.9734 0.2054
vn -0.1297 0.9771 0.1688
vn -0.3248 -0.8094 0.4893
vn -0.2524 -0.9011 0.3525
vn -0.0094 -0.9811 0.1933
vn -0.0300 -0.9695 0.2433
vn 0.0068 -0.9805 0.1966
vn 0.2108 -0.9337 0.2894
vn 0.2540 0.9180 0.3046
vn 0.1741 0.9420 0.2870
vn 0.3340 0.4781 0.8123
vn 0.2079 0.6751 0.7079
vn 0.1541 0.8820 0.4453
vn 0.1158 0.5927 0.7970
vn 0.0042 0.9195 0.3932
vn -0.0274 0.8529 0.5213
vn -0.3422 0.4778 0.8091
vn -0.2607 0.9133 -0.3130
vn -0.3491 0.5212 -0.7788
vn -0.2180 0.6171 -0.7561
vn -0.1503 0.8858 -0.4391
vn -0.0533 0.9246 -0.3771
vn 0.0165 0.9126 -0.4086
vn 0.1846 0.9246 -0.3331
vn -0.0116 0.9801 0.1980
vn -0.0453 0.9908 0.1274
vn -0.0374 0.9934 0.1081
vn 0.0098 0.9809 -0.1943
vn 0.0102 0.9808 -0.1949
vn 0.0083 0.9813 -0.1921
vn 0.1448 0.9874 0.0634
vn -0.1457 0.9870 -0.0671
vn 0.0982 0.9917 -0.0826
vn 0.6289 0.3531 0.6927
vn 0.7207 0.5286 0.4485
vn 0.9194 0.3349 -0.2062
vn 0.1887 0.5609 -0.8061
vn -0.9194 0.3349 0.2062
vn -0.0525 0.4727 -0.8797
vn -0.7207 0.5286 -0.4485
vn -0.6289 0.3531 -0.6927
vn -0.2411 0.3648 0.8993
vn -0.1512 0.5625 0.8129
vn 0.3657 0.8711 -0.3278
vn 0.2674 0.9352 -0.2322
vn -0.4053 0.9054 0.1262
vn -0.3626 0.9318 -0.0170
vn -0.0013 0.9356 0.3530
vn 0.0004 0.8810 0.4731
vn -0.3388 0.9364 -0.0911
vn -0.3143 0.9048 -0.2873
vn -0.4319 0.8009 -0.4148
vn -0.3258 0.8998 0.2901
vn 0.0013 0.9356 -0.3530
vn -0.0004 0.8810 -0.4731
vn 0.3383 0.9366 0.0917
vn 0.3143 0.9048 0.2873
vn 0.4319 0.8009 0.4148
vn -0.4927 0.8246 0.2779
vn -0.4319 0.8718 0.2310
vn 0.0023 0.9588 -0.2841
vn -0.2254 0.9488 -0.2211
vn 0.2834 0.9580 0.0436
vn 0.2254 0.9488 0.2211
vn 0.2892 0.9560 -0.0498
vn -0.1406 0.9785 0.1507
vn -0.2091 0.9630 0.1702
vn -0.2912 0.9554 0.0486
vn 0.2090 0.9618 -0.1768
vn 0.1530 0.9811 -0.1181
vn -0.2834 0.9580 -0.0436
vn -0.0023 0.9588 0.2841
vn 0.7597 0.0228 -0.6499
vn -0.8418 0.0727 0.5349
vn -0.0408 0.9861 -0.1610
vn 0.1806 0.9822 -0.0516
vn -0.1748 0.9835 0.0470
vn -0.1023 0.9898 0.0991
vn 0.1281 0.9812 0.1442
vn 0.0081 -0.9998 0.0162
vn -0.0021 -0.9999 -0.0136
vn 0.0027 -0.9999 0.0138
vn -0.0120 -0.9999 -0.0053
vn 0.0099 -0.9999 0.0022
vn -0.0068 -0.9998 -0.0192
vn 0.9533 0.2033 -0.2233
vn -0.9533 0.2033 0.2233
vn 0.2985 -0.4065 -0.8635
vn -0.9701 -0.1630 -0.1800
vn 0.9701 -0.1630 0.1800
vn -0.2985 -0.4065 0.8635
vn -0.0041 -1.0000 -0.0041
vn 0.0667 -0.9978 0.0004
vn 0.0067 -0.9988 -0.0481
vn -0.0033 -1.0000 0.0025
vn -0.0529 -0.9986 0.0085
vn -0.0266 -0.9995 -0.0161
vn 0.0013 -0.9992 0.0405
vn -0.0454 -0.4830 0.8745
vn 0.2630 -0.9644 -0.0278
vn -0.1998 -0.0060 -0.9798
vn -0.2044 -0.0086 -0.9788
vn -0.1971 -0.0044 -0.9804
vn 0.2492 0.0010 -0.9684
vn 0.8821 0.4685 0.0489
vn 0.9978 0.0400 -0.0538
vn -0.9776 -0.2056 0.0443
vn 0.9759 0.0309 -0.2158
vn 0.5848 -0.4059 -0.7023
vn 0.9052 -0.4245 -0.0188
vn -0.0802 -0.9967 -0.0092
vn 0.1722 0.9850 0.0118
vn -0.2462 0.9691 0.0151
vn 0.1595 -0.9870 -0.0196
vn -0.3504 0.9366 -0.0081
vn 0.3010 0.9536 0.0053
vn -0.9510 0.2601 0.1669
vn -0.9762 -0.1264 -0.1760
vn -0.2000 -0.9717 0.1258
vn -0.0475 -0.9984 -0.0305
vn 0.8896 -0.4179 0.1843
vn 0.0182 -0.1177 -0.9929
vn -0.0819 -0.0029 -0.9966
vn -0.0473 0.8745 0.4828
vn -0.0187 0.1271 -0.9917
vn 0.0297 0.7839 -0.6202
vn 0.0241 -0.7514 -0.6594
vn 0.9945 -0.1033 -0.0191
vn -0.2015 0.9731 0.1116
vn -0.2272 0.9734 -0.0303
vn -0.0568 0.9981 -0.0229
vn -0.1689 0.9856 -0.0043
vn -0.3278 0.9308 0.1616
vn -0.1044 0.9944 0.0146
vn -0.2275 0.9721 0.0566
vn -0.2353 0.9602 0.1509
vn -0.9959 0.0316 0.0843
vn -0.9614 0.2058 -0.1827
vn -0.8759 0.0499 -0.4799
vn 0.8678 0.0558 -0.4938
vn 0.7326 0.1450 -0.6651
vn 0.9874 0.0304 -0.1553
vn 0.8784 0.0023 0.4779
vn -0.8494 -0.5261 0.0412
vn -0.9936 -0.0967 0.0579
vn -0.9717 -0.0059 0.2360
vn -0.9704 -0.0092 0.2412
vn -0.9710 -0.0079 0.2391
vn -0.0405 0.9983 0.0414
vn 0.0088 0.9511 -0.3087
vn -0.0067 0.9928 -0.1195
vn 0.6453 -0.6421 -0.4139
vn 0.3863 0.9217 0.0339
vn 0.1986 0.9800 0.0139
vn 0.0528 0.9983 0.0235
vn -0.0470 0.9981 0.0404
vn -0.0094 0.9945 0.1045
vn 0.0491 0.9980 -0.0409
vn 0.0822 -0.9966 0.0057
vn 0.0857 -0.9920 -0.0926
vn 0.1007 -0.9949 0.0057
vn 0.3510 0.0192 -0.9362
vn -0.0213 -0.0390 -0.9990
vn -0.0202 -0.0380 -0.9991
vn -0.0184 -0.0364 -0.9992
vn 0.8737 -0.4862 0.0143
vn 0.8928 -0.4485 0.0414
vn 0.8615 -0.0354 -0.5066
vn -0.9945 -0.0794 0.0678
vn -0.9713 -0.0238 0.2365
vn 0.4476 0.7379 0.5051
vn -0.0597 0.2344 0.9703
vn 0.0960 0.2992 0.9494
vn -0.0253 -0.3957 0.9180
vn -0.1627 -0.2537 0.9535
vn -0.1606 -0.2329 0.9592
vn -0.1599 -0.2260 0.9609
vn -0.1437 -0.2075 0.9676
vn -0.1451 -0.2021 0.9685
vn -0.1444 -0.2047 0.9681
vn -0.2759 -0.1238 0.9532
vn -0.2757 -0.1149 0.9544
vn -0.2756 -0.1123 0.9547
vn -0.0882 -0.7612 0.6425
vn -0.4077 0.0721 0.9103
vn -0.4015 0.0702 0.9132
vn -0.4093 0.0726 0.9095
vn -0.4000 0.0697 0.9139
vn -0.2963 0.0428 0.9541
vn -0.7456 0.0989 0.6590
vn 0.3291 0.0192 0.9441
vn 0.6683 -0.1713 0.7239
vn 0.2186 -0.0311 0.9753
vn 0.5802 -0.2775 0.7658
vn 0.2303 0.1465 0.9620
vn 0.9193 0.0067 0.3934
vn -0.8419 -0.0726 0.5348
vn -0.9772 0.2037 0.0597
vn 0.9965 0.0502 0.0674
vn -0.8286 0.3268 0.4545
vn -0.9068 0.0317 -0.4204
vn -0.9896 -0.0262 -0.1415
vn 0.1835 -0.2543 0.9496
vn 0.1347 -0.2793 0.9507
vn 0.0418 -0.9549 0.2941
vn 0.1017 0.2598 0.9603
vn 0.1077 0.2913 0.9505
vn 0.1088 0.2973 0.9486
vn -0.1437 0.1772 0.9736
vn 0.0003 -1.0000 0.0036
vn -0.0004 -1.0000 0.0028
vn 0.0004 -1.0000 0.0037
vn -0.0033 -0.9987 -0.0502
vn -0.0005 -1.0000 0.0027
vn -0.1634 -0.9831 0.0825
vn -0.1316 -0.9911 -0.0177
vn -0.0053 0.9935 -0.1133
vn -0.1807 0.8980 -0.4011
vn 0.2947 0.9282 0.2272
vn 0.1148 0.9888 0.0955
vn -0.4255 -0.9049 -0.0116
vn 0.0791 0.9967 0.0204
vn -0.0640 0.0537 -0.9965
vn 0.1520 0.9466 -0.2843
vn 0.1307 0.9703 -0.2035
vn 0.1985 0.9065 -0.3726
vn 0.4674 0.3540 -0.8101
vn 0.0533 0.9969 0.0575
vn 0.2106 0.6325 -0.7454
vn 0.0784 -0.9621 0.2611
vn 0.1179 -0.9003 0.4189
vn 0.0794 -0.8606 0.5030
vn 0.1066 0.9666 0.2330
vn 0.1147 0.9782 0.1731
vn 0.0963 0.9758 -0.1962
vn 0.3922 0.1360 0.9098
vn 0.3863 0.1445 -0.9110
vn 0.0529 -0.9965 -0.0648
vn 0.0409 -0.9982 -0.0433
vn 0.0457 -0.9984 -0.0323
vn 0.0456 -0.9984 -0.0324
vn 0.0450 -0.9984 -0.0329
vn 0.0432 -0.9981 0.0444
vn 0.5205 -0.8532 -0.0332
vn 0.3794 0.1209 0.9173
vn 0.4772 0.1899 0.8581
vn 0.9220 0.0088 0.3870
vn -0.8993 -0.0117 0.4372
vn -0.9297 0.0420 -0.3659
vn -0.9868 -0.0248 -0.1603
vn -0.0934 -0.9956 0.0115
vn -0.6056 -0.7945 0.0441
vn -0.0584 -0.2558 0.9650
vn -0.0177 -0.9602 0.2788
vn 0.2478 -0.2302 0.9411
vn -0.1541 0.2364 0.9593
vn -0.3431 0.0162 -0.9392
vn -0.4342 0.9008 0.0047
vn -0.5169 0.8558 -0.0225
vn -0.0538 0.9985 0.0103
vn -0.0000 -1.0000 0.0036
vn -0.0005 -1.0000 0.0029
vn -0.0000 -1.0000 0.0037
vn -0.1970 -0.9761 0.0916
vn -0.1245 -0.9921 -0.0168
vn -0.1283 0.9309 -0.3421
vn -0.0587 0.9955 -0.0746
vn 0.1805 0.9782 0.1031
vn 0.0674 0.9965 0.0499
vn 0.6452 -0.0867 0.7591
vn -0.0396 0.1065 -0.9935
vn -0.6298 -0.0222 -0.7765
vn -0.0030 1.0000 0.0044
vn -0.0575 0.9952 -0.0796
vn -0.1251 0.9709 0.2044
vn -0.1992 0.6703 0.7148
vn -0.0942 -0.9507 0.2956
vn -0.4390 0.0989 -0.8930
vn -0.0862 -0.9956 -0.0369
vn -0.0899 -0.9954 0.0341
vn -0.0732 -0.9954 0.0611
vn -0.0731 -0.9955 0.0611
vn -0.0733 -0.9954 0.0611
vn 0.4847 0.8743 0.0244
vn 0.5235 0.8519 0.0176
vn -0.3003 -0.9537 0.0139
vn -0.0792 -0.9929 0.0889
vn -0.5614 -0.8275 -0.0015
vn 0.5443 0.8379 0.0404
vn 0.1339 0.9910 0.0031
vn -0.9303 -0.3530 0.0994
vn 0.5116 -0.8592 0.0017
vn -0.1248 0.9921 0.0096
vn -0.6028 0.7978 0.0092
vn 0.5675 -0.8233 0.0107
vn 0.4970 0.8675 -0.0218
vn 0.0801 0.9968 -0.0016
vn -0.9897 0.1432 -0.0057
vn 0.9999 0.0070 0.0076
vn 1.0000 0.0049 0.0085
vn 0.9999 0.0115 0.0057
vn 0.2212 -0.9751 0.0140
vn 0.8110 -0.5823 0.0573
vn -0.2531 0.9674 -0.0113
vn -0.6706 0.7400 0.0508
vn -0.6576 0.7521 0.0445
vn -0.6734 0.7374 0.0522
vn 0.0624 -0.0369 0.9974
vn -0.3861 0.2627 0.8843
vn -0.1266 -0.0640 0.9899
vn -0.1259 -0.0610 0.9902
vn -0.1256 -0.0606 0.9902
vn 0.1326 0.0367 0.9905
vn 0.1294 0.0203 0.9914
vn 0.1278 0.0124 0.9917
vn 0.1242 -0.4984 0.8580
vn 0.1040 0.0446 0.9936
vn -0.0458 0.1094 0.9929
vn -0.0084 -0.0648 0.9979
vn 0.0365 0.1527 -0.9876
vn 0.1867 0.0170 0.9823
vn -0.2155 0.0158 0.9764
vn -0.2206 0.0492 0.9741
vn -0.2135 0.0034 0.9769
vn -0.1670 -0.0213 0.9857
vn -0.1670 -0.0214 0.9857
vn -0.1663 -0.0729 0.9834
vn -0.1673 0.0300 0.9855
vn 0.1727 -0.0291 0.9845
vn 0.0665 -0.0562 0.9962
vn 0.1290 0.1005 0.9865
vn 0.1487 -0.0188 0.9887
vn 0.1534 -0.0565 0.9866
vn 0.1471 -0.0061 0.9891
vn 0.0452 0.1734 0.9838
vn -0.1256 -0.0686 0.9897
vn -0.0813 0.1203 0.9894
vn -0.0951 0.0533 0.9940
vn 0.5324 0.1210 0.8378
vn 0.0349 -0.0265 0.9990
vn 0.8502 -0.0888 0.5189
vn -0.8036 -0.2379 0.5455
vn -0.2200 0.0070 0.9755
vn -0.2469 0.9690 -0.0043
vn -0.7445 0.6661 0.0449
vn 0.9170 -0.3931 0.0682
vn 0.9230 -0.3779 0.0728
vn 0.9153 -0.3973 0.0669
vn 0.7321 -0.6784 0.0626
vn 0.7997 -0.5959 0.0738
vn -0.8745 -0.4763 0.0921
vn -0.9972 -0.0747 -0.0064
vn -0.5121 -0.8588 0.0138
vn -0.6335 -0.7737 -0.0039
vn -0.8879 0.4434 0.1229
vn 0.0053 0.9908 0.1355
vn 0.0054 1.0000 -0.0005
vn 0.0080 -0.9973 -0.0731
vn -0.0016 -0.9999 -0.0121
vn -0.0168 -0.9768 -0.2135
vn 0.0093 0.2736 0.9618
vn -0.0053 0.9908 -0.1355
vn -0.0054 1.0000 0.0005
vn -0.7326 -0.6538 -0.1893
vn -0.9368 -0.3497 0.0128
vn -0.7664 -0.6399 0.0560
vn -0.4527 0.8909 -0.0385
vn -0.6739 0.7382 -0.0295
vn -0.3908 0.9185 -0.0606
vn 0.9960 0.0886 0.0075
vn 0.5630 -0.8118 0.1551
vn 0.8208 -0.5671 -0.0688
vn 0.9508 -0.2153 -0.2227
vn 0.5420 0.8396 0.0354
vn 0.6739 0.7382 0.0295
vn 0.6947 0.7082 -0.1260
vn 0.6944 0.7085 -0.1260
vn 0.6922 0.7106 -0.1258
vn 0.7338 0.6785 0.0360
vn -0.6774 0.7173 0.1629
vn -0.7338 0.6785 -0.0360
vn 0.9756 0.2137 -0.0503
vn -0.9390 -0.3434 -0.0209
vn -0.9509 0.3092 -0.0151
vn 0.9513 -0.3081 -0.0044
vn 0.9511 -0.3087 -0.0043
vn 0.9526 -0.3042 -0.0049
vn 0.9786 0.2051 0.0142
vn -0.0040 -0.9954 0.0960
vn -0.0013 -0.9999 0.0121
vn 0.0168 -0.9768 0.2135
vn 0.0353 -0.0637 -0.9973
vn -0.0149 -0.9854 0.1695
vn -0.0093 0.2872 -0.9578
vn 0.0131 -0.9855 -0.1694
vn 0.0025 0.9872 0.1596
vn -0.0353 -0.0637 0.9973
vn -0.0025 0.9872 -0.1596
vn 0.0669 0.9831 0.1707
vn 0.5930 0.7635 0.2557
vn 0.5829 0.7922 0.1809
vn 0.3282 0.9441 0.0319
vn -0.0001 -0.0000 1.0000
vn 0.0001 0.0001 1.0000
vn 0.0001 -0.0000 1.0000
vn -0.7125 0.2936 0.6373
vn -0.0355 0.9341 -0.3552
vn -0.6079 0.6883 -0.3958
vn -0.5661 0.8023 -0.1893
vn -0.2967 0.9521 -0.0736
vn -0.9801 0.1909 0.0538
vn 0.9780 -0.2081 0.0131
vn 0.9539 -0.3000 -0.0055
vn -0.9836 -0.1795 -0.0155
vn -0.9841 -0.1768 -0.0150
vn -0.9823 -0.1867 -0.0168
vn -0.9817 -0.1897 -0.0174
vn -0.9879 0.0469 0.1480
vn -0.7368 0.6590 0.1509
vn -0.9606 0.0642 -0.2704
vn 0.9911 0.1063 -0.0807
vn 0.7068 0.6852 -0.1758
vn -0.1229 -0.6179 -0.7766
vn 0.7266 0.3204 -0.6078
vn -0.4695 0.8660 0.1720
vn -0.4695 0.8660 0.1721
vn -0.4735 0.8644 0.1694
vn -0.1645 0.9768 0.1370
vn 0.2964 -0.3636 0.8831
vn 0.0799 -0.1085 0.9909
vn 0.7870 0.0242 0.6165
vn 0.4774 0.8620 -0.1706
vn 0.4706 0.8650 -0.1740
vn 0.4765 0.8624 -0.1710
vn 0.1341 0.9818 -0.1343
vn 0.2145 0.9760 0.0381
vn 0.1993 0.9571 0.2102
vn 0.8007 -0.5429 0.2532
vn 0.5688 -0.5199 -0.6373
vn 0.5822 0.7678 -0.2673
vn 0.1302 0.9587 -0.2530
vn 0.2807 0.7778 0.5623
vn 0.0675 0.5814 0.8108
vn 0.2507 0.1363 0.9584
vn -0.3369 0.8602 -0.3828
vn -0.4031 -0.1894 0.8953
vn -0.7363 0.0872 -0.6710
vn -0.3528 -0.4313 0.8304
vn -0.0120 -0.4830 0.8755
vn -0.0197 0.9838 0.1780
vn -0.8010 -0.5921 -0.0884
vn -0.5672 -0.7636 -0.3085
vn 0.5315 -0.8375 0.1271
vn 0.6704 -0.6287 -0.3941
vn 0.1430 -0.9859 0.0870
vn 0.4051 -0.8851 0.2292
vn 0.1267 -0.9603 0.2486
vn 0.0216 -0.8817 -0.4714
vn 0.3214 -0.9282 -0.1874
vn -0.3704 -0.7174 0.5901
vn -0.1736 -0.9786 -0.1106
vn -0.4059 -0.8843 -0.2308
vn -0.1282 -0.9592 -0.2520
vn -0.0906 -0.8567 0.5078
vn 0.1897 -0.9507 0.2452
vn 0.1904 -0.9491 0.2508
vn 0.1903 -0.9493 0.2501
vn 0.3478 -0.8263 0.4430
vn 0.0064 -0.9919 -0.1268
vn 0.0667 -0.8673 -0.4933
vn -0.5468 -0.6976 -0.4631
vn -0.6063 -0.0657 -0.7925
vn -0.0249 -0.2149 -0.9763
vn -0.0264 0.8153 0.5784
vn 0.0356 -0.3655 0.9301
vn 0.5889 0.6528 -0.4765
vn 0.0810 0.2145 -0.9734
vn 0.5607 0.3537 0.7487
vn 0.4376 0.7446 0.5041
vn -0.5103 0.1665 -0.8437
vn -0.4080 0.6954 -0.5916
vn 0.8325 -0.0178 -0.5538
vn 0.9776 -0.0475 -0.2053
vn 0.8013 0.0141 0.5981
vn -0.9526 -0.0885 0.2909
vn 0.8241 0.1713 -0.5400
vn -0.6592 -0.1442 0.7380
vn -0.0110 0.9645 0.2639
vn 0.0099 0.1624 -0.9867
vn -0.0039 -0.9621 -0.2726
vn 0.0110 0.9645 -0.2639
vn -0.7769 0.5903 -0.2192
vn -0.7692 0.6163 -0.1686
vn -0.6886 0.7237 0.0465
vn 0.7769 0.5903 0.2192
vn 0.7645 0.6285 0.1433
vn 0.8037 0.5918 -0.0621
vn -0.0082 0.1624 0.9867
vn 0.0013 -0.9549 0.2969
vn 0.2152 -0.5942 -0.7750
vn 0.0160 -0.7337 -0.6793
vn -0.0057 0.5046 -0.8633
vn -0.2305 -0.1640 -0.9592
vn -0.3073 -0.5948 -0.7428
vn -0.2332 -0.6469 0.7260
vn -0.1150 0.4109 0.9044
vn 0.0874 -0.6692 0.7379
vn 0.1042 0.5332 0.8396
vn 0.3579 0.0109 0.9337
vn -0.7852 -0.5450 -0.2939
vn -0.9564 -0.1201 0.2664
vn -0.7634 0.1056 0.6372
vn 0.7585 -0.4974 0.4210
vn 0.8818 0.4077 0.2371
vn -0.4599 -0.6117 0.6437
vn 0.6563 -0.4980 0.5668
vn 0.6570 -0.4966 0.5671
vn 0.6811 -0.4487 0.5786
vn 0.4955 0.0038 -0.8686
vn -0.8671 0.0251 -0.4976
vn -0.7423 -0.1635 -0.6498
vn 0.0272 -0.9948 -0.0982
vn 0.1290 -0.9878 0.0878
vn 0.1516 -0.9632 0.2218
vn 0.5846 -0.7875 0.1952
vn 0.2402 -0.9627 -0.1248
vn 0.2969 -0.8223 -0.4855
vn -0.1380 -0.9849 -0.1045
vn -0.5308 -0.7168 -0.4521
vn -0.2492 -0.9684 0.0070
vn 0.8019 -0.5974 0.0128
vn -0.8298 -0.3302 0.4499
vn -0.0000 -0.0000 1.0000
vn -0.9501 0.0458 -0.3085
vn -0.9987 -0.0352 -0.0366
vn 0.3516 0.0471 0.9349
vn -0.0019 -0.0524 0.9986
vn -0.9998 -0.0074 -0.0185
vn 0.0012 -0.0035 -1.0000
vn 0.0011 -0.0032 -1.0000
vn -0.0000 -0.0013 -1.0000
vn 0.9996 -0.0231 0.0169
vn 0.9996 -0.0222 0.0179
vn 0.9996 -0.0236 0.0163
vn 0.1763 0.0739 0.9816
vn -0.0000 -0.0004 -1.0000
vn 0.0001 0.0001 -1.0000
vn -0.0901 -0.3546 -0.9307
vn -0.0164 -0.1060 -0.9942
vn -0.0175 -0.1085 -0.9939
vn -0.0188 -0.1116 -0.9936
vn -0.4229 -0.5258 -0.7380
vn -0.0648 -0.0997 -0.9929
vn -0.0194 -0.1746 -0.9844
vn 0.5928 -0.6178 -0.5167
vn 0.0324 0.0353 -0.9989
vn 0.2253 0.2655 -0.9374
vn 0.3696 0.2023 -0.9069
vn 0.1702 -0.0020 -0.9854
vn 0.6485 -0.0386 -0.7602
vn -0.1448 0.0612 -0.9876
vn -0.0296 0.0057 -0.9995
vn -0.0282 0.0045 -0.9996
vn -0.0273 0.0038 -0.9996
vn 0.0681 -0.0366 -0.9970
vn 0.6832 -0.2577 -0.6833
vn -0.6391 0.7691 -0.0071
vn 0.7263 -0.6871 0.0193
vn -0.0002 0.0001 -1.0000
vn -0.0001 0.0001 -1.0000
vn -0.0003 -0.0003 1.0000
vn -0.0000 0.0001 1.0000
vn -0.0004 -0.0003 1.0000
vn -0.0006 0.0010 -1.0000
vn 0.0001 0.0002 -1.0000
vn 0.0003 0.0003 -1.0000
vn 0.0002 0.0002 -1.0000
vn 0.6431 0.7658 0.0026
vn 0.6496 0.7602 0.0020
vn 0.6449 0.7643 0.0024
vn -0.7816 0.6236 0.0106
vn 0.9015 -0.4327 -0.0085
vn 0.6557 -0.7549 0.0108
vn -0.8193 -0.5733 -0.0065
vn 0.6216 0.7833 0.0025
vn 0.6234 0.7819 0.0027
vn 0.6285 0.7778 0.0031
vn -0.1884 -0.9821 -0.0008
vn -0.1594 -0.9872 0.0004
vn 0.8292 -0.5508 0.0955
vn 0.7769 -0.6295 -0.0143
vn -0.8948 -0.3928 -0.2122
vn 0.7093 0.6980 -0.0981
vn -0.6708 0.7261 0.1514
vn -0.0009 -0.0006 -1.0000
vn -0.0003 -0.0000 -1.0000
vn -0.0000 -0.0011 -1.0000
vn -0.0002 -0.0000 1.0000
vn -0.0002 0.0001 1.0000
vn -0.3889 -0.9194 0.0598
vn 0.2646 -0.9625 -0.0603
vn 0.6674 0.7413 0.0716
vn -0.9273 -0.3050 0.2170
vn 0.5645 0.8200 -0.0949
vn -0.0000 0.0001 -1.0000
vn -0.0000 -0.0000 -1.0000
vn 0.0005 -0.0015 -1.0000
vn 0.0002 -0.0019 -1.0000
vn 0.0006 -0.0011 -1.0000
vn 0.0011 0.0009 -1.0000
vn 0.0009 -0.0007 -1.0000
vn -0.0001 -0.0002 -1.0000
vn -0.0000 -0.0002 -1.0000
vn -0.7136 -0.7005 0.0118
vn -0.7145 -0.6996 0.0117
vn -0.7037 -0.7104 0.0138
vn 0.7590 0.6506 0.0234
vn -0.7380 0.6748 -0.0012
vn -0.5699 0.8217 0.0045
vn 0.5475 -0.8368 0.0063
vn 0.2773 0.9608 -0.0055
vn 0.0037 0.9999 0.0108
vn 0.4145 0.9100 -0.0056
vn 0.0977 0.1467 -0.9843
vn 0.0041 0.0274 -0.9996
vn -0.2580 -0.9660 -0.0147
vn -0.0164 -0.0356 -0.9992
vn 0.4855 -0.8741 -0.0162
vn 0.0449 -0.9990 0.0019
vn -0.2065 -0.9784 -0.0094
vn -0.0014 -0.2796 -0.9601
vn 0.0175 -0.9997 -0.0194
vn 0.2266 -0.4533 -0.8621
vn 0.2162 -0.2146 -0.9525
vn -0.0969 -0.9947 -0.0335
vn -0.1982 -0.9800 -0.0168
vn -0.1467 -0.0413 -0.9883
vn -0.1161 -0.9838 -0.1363
vn -0.0065 -0.9968 -0.0794
vn -0.0163 -0.9998 -0.0065
vn 0.0142 -0.0147 0.9998
vn 0.0209 -0.9993 -0.0303
vn 0.0026 -0.9989 -0.0468
vn 0.1865 -0.9823 -0.0192
vn 0.9990 -0.0368 -0.0271
vn 0.9566 0.0052 0.2913
vn 0.0232 -0.9996 0.0133
vn 0.1840 -0.9730 0.1396
vn -0.5474 0.0232 0.8366
vn -0.2671 -0.0156 -0.9635
vn -0.9979 -0.0407 0.0510
vn -0.8608 -0.0400 0.5074
vn -0.9519 -0.0092 -0.3062
vn -0.0014 -0.9991 0.0418
vn -0.0016 -0.9963 0.0862
vn -0.0630 -0.9827 0.1744
vn -0.1053 -0.9938 0.0346
vn -0.1227 0.1221 -0.9849
vn -0.4238 0.5295 -0.7349
vn -0.0577 0.2877 -0.9560
vn -0.7727 0.0092 -0.6347
vn -0.0642 0.9979 -0.0018
vn -0.0012 1.0000 0.0085
vn -0.9747 0.2108 -0.0746
vn -0.7499 0.6602 0.0420
vn -0.0067 1.0000 -0.0071
vn 0.0527 0.9986 -0.0002
vn 0.0182 0.9998 0.0074
vn 0.0648 0.9979 0.0007
vn 0.0112 0.9998 -0.0167
vn 0.0698 0.9976 -0.0018
vn -0.0124 0.9998 0.0138
vn 0.0087 1.0000 -0.0049
vn 0.0077 0.9999 0.0070
vn -0.0008 0.9981 0.0620
vn -0.0468 0.9987 -0.0203
vn -0.0147 0.9999 0.0030
vn 0.0076 -0.9999 -0.0143
vn 0.0590 0.9930 0.1024
vn -0.0010 1.0000 -0.0099
vn 0.1507 0.0745 -0.9858
vn -0.0658 -0.0200 -0.9976
vn 0.1058 0.0764 -0.9915
vn 0.2725 -0.0328 -0.9616
vn 0.2117 -0.5236 -0.8252
vn 0.0251 -0.1259 -0.9917
vn -0.0361 0.1365 -0.9900
vn -0.3729 -0.0091 -0.9278
vn 0.9718 -0.2341 0.0288
vn 0.2532 -0.9674 -0.0097
vn 0.0144 -0.9999 -0.0040
vn 0.4451 -0.8947 -0.0367
vn 0.2256 0.9741 -0.0145
vn 0.2743 -0.1672 -0.9470
vn 0.8805 -0.0000 0.4741
vn 0.0994 -0.9946 -0.0305
vn -0.3532 -0.9344 -0.0469
vn -0.3824 -0.0254 -0.9237
vn -0.2514 -0.9671 -0.0385
vn 0.9975 -0.0101 -0.0699
vn 0.0275 0.0311 0.9991
vn -0.2230 -0.0268 0.9745
vn 0.0074 0.0007 -1.0000
vn 0.0061 0.0108 -0.9999
vn 0.0070 0.0040 -1.0000
vn 0.4255 0.0295 -0.9045
vn 0.0339 0.0040 -0.9994
vn 0.0332 0.0041 -0.9994
vn -0.0334 0.0032 -0.9994
vn -0.0317 0.0039 -0.9995
vn -0.0360 -0.0009 -0.9994
vn -0.0332 0.0024 -0.9994
vn -0.0315 0.0040 -0.9995
vn -0.2852 0.9486 -0.1374
vn -0.0223 0.0044 -0.9997
vn -0.0225 0.0044 -0.9997
vn -0.0215 0.0043 -0.9998
vn -0.0087 0.0037 -1.0000
vn 0.4071 0.9125 -0.0414
vn -0.9538 0.2814 -0.1055
vn -0.9952 0.0940 -0.0283
vn -0.0026 1.0000 0.0019
vn -0.0574 0.9982 -0.0169
vn -0.1981 0.9793 -0.0419
vn -0.4358 0.8989 -0.0449
vn -0.0051 1.0000 -0.0007
vn 0.6700 -0.7405 -0.0523
vn 0.9973 0.0681 -0.0266
vn -0.9997 -0.0134 0.0195
vn 0.8676 0.4833 -0.1171
vn 0.7013 0.7044 -0.1091
vn -0.0390 -0.0002 -0.9992
vn -0.0387 -0.0036 -0.9992
vn -0.9572 -0.2781 -0.0804
vn -0.8732 -0.4729 -0.1182
vn -0.7198 -0.6830 -0.1243
vn 0.0414 -0.0034 -0.9991
vn 0.0409 -0.0034 -0.9992
vn -0.0384 -0.0050 -0.9992
vn -0.0380 -0.0042 -0.9993
vn 0.0057 0.0140 -0.9999
vn 0.0368 -0.0031 -0.9993
vn 0.0285 -0.0021 -0.9996
vn 0.9221 0.0228 -0.3863
vn -0.2089 -0.5523 0.8070
vn 0.3205 -0.5311 0.7843
vn 0.0386 -0.6362 0.7706
vn 0.6201 -0.2105 0.7557
vn -0.6110 -0.1796 0.7710
vn -0.0111 0.6447 0.7644
vn 0.2464 0.5875 0.7708
vn 0.0191 0.6346 0.7726
vn 0.1001 0.6162 0.7812
vn 0.5493 0.2812 0.7869
vn 0.4015 0.4287 0.8093
vn -0.5516 0.3528 0.7558
vn 0.5554 0.1687 0.8143
vn 0.5651 0.0545 0.8232
vn -0.0531 0.9546 0.2931
vn 0.3753 -0.8895 0.2606
vn -0.7807 -0.2957 0.5505
vn 0.4909 0.8238 0.2835
vn -0.4980 0.8507 0.1684
vn -0.5616 -0.8272 -0.0174
vn 0.8275 0.3837 0.4099
vn -0.9680 0.1547 0.1977
vn -0.4939 -0.6899 0.5292
vn -0.3943 -0.8751 0.2807
vn 0.5415 -0.8403 -0.0272
vn -0.1636 -0.9858 -0.0385
vn 0.0487 -0.9988 -0.0031
vn -0.1326 0.9908 -0.0267
vn 0.1586 -0.9868 -0.0327
vn -0.9298 -0.3617 -0.0673
vn -0.9987 -0.0387 0.0319
vn 0.9700 -0.2272 -0.0865
vn 0.8910 0.4534 -0.0230
vn -0.5401 0.8416 0.0091
vn 0.4635 0.8849 -0.0468
vn 0.1007 0.9898 -0.1003
vn 0.0422 0.9987 -0.0279
vn 0.0489 -0.4639 -0.8845
vn 0.0646 0.8800 -0.4705
vn 0.7211 0.2929 -0.6278
vn -0.8548 0.4968 -0.1500
vn -0.1785 -0.9724 -0.1502
vn 0.0853 -0.9216 -0.3786
vn -0.8118 -0.1410 -0.5666
vn 0.6769 -0.5592 -0.4786
vn -0.1550 0.9622 -0.2240
vn -0.3594 0.5213 -0.7740
vn 0.3167 0.0330 -0.9480
vn 0.1210 0.3022 -0.9455
vn -0.0379 0.0720 0.9967
vn 0.0322 -0.0521 -0.9981
vn 0.0718 -0.0020 -0.9974
vn -0.0006 0.0046 1.0000
vn 0.0291 0.0264 -0.9992
vn 0.0102 0.0115 0.9999
vn 0.0115 0.0064 0.9999
vn 0.0111 0.0078 0.9999
vn 0.0100 0.0121 0.9999
vn 0.0044 0.1523 0.9883
vn -0.0805 -0.0692 -0.9943
vn 0.5926 -0.8054 0.0129
vn -0.9867 0.1594 0.0313
vn -0.2067 -0.9784 -0.0080
vn 0.0639 -0.9978 0.0155
vn -0.7584 -0.6399 0.1234
vn -0.4942 0.8692 0.0135
vn 0.9559 0.2896 0.0495
vn 0.1521 0.9878 0.0341
vn 0.5524 0.8304 0.0730
vn 0.9445 -0.3233 0.0587
vn -0.3259 0.9450 0.0261
vn 0.3072 0.9489 0.0720
vn 0.0316 -0.0691 0.9971
vn -0.0065 0.9997 -0.0252
vn 0.9333 -0.3425 -0.1080
vn -0.9735 -0.1007 -0.2055
vn 0.0130 -0.9990 -0.0433
vn -0.6009 -0.7782 -0.1829
vn -0.9253 0.3122 0.2153
vn -0.0809 0.0483 -0.9955
vn -0.0890 -0.1892 0.9779
vn -0.0835 -0.1859 0.9790
vn -0.0922 -0.1911 0.9772
vn -0.0806 -0.1842 0.9796
vn -0.0101 0.0147 -0.9998
vn 0.0399 -0.1136 -0.9927
vn 0.0280 -0.0951 -0.9951
vn 0.0277 0.0301 -0.9992
vn 0.1040 -0.0284 0.9942
vn -0.0485 0.0833 -0.9953
vn -0.0006 0.0110 -0.9999
vn -0.1609 0.9868 0.0202
vn -0.0279 -0.1281 -0.9914
vn -0.6297 -0.7666 -0.1260
vn -0.2066 -0.0099 -0.9784
vn -0.2686 -0.9627 -0.0307
vn -0.6215 0.6875 -0.3755
vn -0.0935 0.4704 0.8775
vn 0.0412 0.2896 0.9563
vn 0.4043 0.6062 -0.6849
vn -0.4205 0.8744 -0.2420
vn -0.4040 0.6270 0.6661
vn 0.1753 0.9469 -0.2695
vn 0.4871 0.6357 -0.5988
vn 0.6078 0.7069 0.3619
vn 0.2970 0.9338 0.1996
vn -0.1919 0.9792 -0.0659
vn -0.1769 0.9446 0.2765
vn -0.4760 0.6568 0.5848
vn 0.6824 -0.4458 0.5792
vn -0.2448 0.9647 -0.0971
vn -0.1887 0.9803 0.0581
vn -0.1979 0.9799 -0.0258
vn -0.3002 0.9355 0.1864
vn -0.2033 0.9790 0.0178
vn -0.1851 0.9777 0.0990
vn 0.5397 -0.7848 -0.3046
vn 0.2629 -0.9529 -0.1514
vn 0.4762 -0.8625 -0.1713
vn 0.2330 -0.9713 -0.0474
vn 0.1790 -0.9838 -0.0078
vn 0.5027 -0.8517 0.1483
vn 0.1783 -0.9839 0.0116
vn 0.2330 -0.9706 0.0610
vn 0.1996 -0.9733 0.1130
vn 0.2952 0.9334 -0.2041
vn 0.4088 0.8796 -0.2434
vn 0.6090 0.7084 -0.3569
vn 0.3236 0.9393 -0.1140
vn 0.7269 0.6545 -0.2081
vn 0.5139 0.8441 0.1529
vn 0.3485 0.9302 0.1151
vn 0.7456 0.5887 0.3122
vn 0.2939 0.9445 0.1471
vn -0.0108 -0.9915 0.1298
vn -0.5794 0.7401 0.3414
vn -0.2848 0.9490 0.1352
vn -0.3611 0.9260 0.1103
vn -0.7053 0.6782 0.2065
vn -0.7289 0.6590 -0.1857
vn -0.4480 0.8833 -0.1379
vn -0.3044 -0.9302 0.2051
vn -0.3685 -0.8998 0.2337
vn -0.1664 -0.9715 0.1685
vn 0.1378 -0.9848 0.1054
vn -0.0103 -0.9970 0.0772
vn 0.0146 -0.9942 0.1063
vn 0.1305 -0.9897 0.0584
vn -0.2003 -0.9744 0.1020
vn -0.1492 -0.9865 0.0682
vn -0.0422 -0.9981 0.0438
vn -0.0239 -0.9984 0.0504
vn -0.0165 -0.9975 0.0685
vn 0.0228 -0.9986 0.0482
vn 0.0684 -0.9959 0.0587
vn 0.0900 -0.9946 0.0516
vn -0.0507 -0.9987 -0.0055
vn -0.2433 -0.9691 0.0417
vn -0.1076 -0.9936 0.0342
vn -0.2420 -0.9703 -0.0068
vn -0.1052 -0.9941 -0.0282
vn -0.0688 -0.9976 -0.0043
vn -0.1646 -0.9863 -0.0136
vn -0.0473 -0.9983 -0.0349
vn 0.1706 0.9788 0.1134
vn 0.1035 -0.9943 -0.0271
vn -0.2623 -0.9616 -0.0809
vn -0.1337 -0.9873 -0.0854
vn -0.0824 -0.9946 -0.0633
vn -0.0417 -0.9979 -0.0488
vn -0.0176 -0.9975 -0.0690
vn -0.0163 -0.9985 -0.0521
vn 0.0245 -0.9976 -0.0644
vn 0.0234 -0.9986 -0.0478
vn 0.1573 -0.9839 -0.0845
vn -0.1812 -0.9693 -0.1661
vn -0.1809 -0.9750 -0.1292
vn -0.3021 -0.9407 -0.1545
vn -0.1068 -0.9875 -0.1159
vn -0.0162 -0.9899 -0.1410
vn 0.0083 -0.9948 -0.1014
vn 0.1349 -0.9805 -0.1427
vn 0.1369 -0.9804 -0.1415
vn 0.1368 -0.9804 -0.1415
vn 0.1345 -0.9806 -0.1429
vn -0.1309 -0.9711 -0.1996
vn -0.1010 -0.9091 -0.4042
vn -0.0806 -0.9714 -0.2232
vn -0.0011 -0.9634 -0.2682
vn -0.0000 -0.9720 -0.2348
vn -0.0192 -0.9807 -0.1944
vn 0.0215 -0.9151 -0.4028
vn 0.0927 -0.9749 -0.2026
vn 0.2075 -0.9238 -0.3219
vn 0.2636 -0.8952 -0.3594
vn 0.1825 -0.9664 -0.1809
vn 0.8471 0.1582 0.5074
vn 0.1594 0.9787 0.1291
vn 0.2426 0.9674 0.0731
vn 0.1844 0.9828 0.0100
vn -0.1208 0.1640 0.9790
vn -0.4581 0.1039 0.8828
vn 0.7283 0.1655 0.6650
vn 0.9501 0.1636 0.2656
vn -0.7078 0.1508 0.6901
vn 0.9409 0.1543 -0.3013
vn 0.3715 0.1604 -0.9145
vn 0.8472 0.1586 -0.5071
vn -0.8470 0.1592 0.5072
vn 0.2475 0.9636 -0.1011
vn 0.1988 0.1578 -0.9673
vn -0.9409 0.1537 0.3017
vn -0.9500 0.1631 -0.2662
vn -0.8389 0.1485 -0.5236
vn 0.6755 0.0643 0.7346
vn 0.1991 0.9705 -0.1361
vn 0.1616 0.9785 -0.1279
vn 0.1596 0.9807 -0.1129
vn 0.0232 0.1668 0.9857
vn -0.2625 0.0413 -0.9641
vn -0.0264 0.0859 -0.9960
vn -0.7208 0.1825 -0.6687
vn 0.4559 0.0659 0.8876
vn -0.5646 -0.0085 -0.8253
vn 0.2063 0.0866 0.9747
vn 0.0488 0.9761 -0.2116
vn 0.1407 0.9801 -0.1398
vn 0.1301 0.9743 -0.1840
vn 0.0502 0.9758 0.2126
vn -0.0648 0.9784 -0.1965
vn -0.0173 0.9739 -0.2263
vn -0.1261 0.9734 -0.1911
vn 0.1431 0.9800 0.1385
vn 0.4060 0.6182 0.6730
vn -0.0575 0.9806 0.1872
vn -0.0179 0.9733 0.2289
vn -0.1261 0.9734 0.1911
vn -0.2019 -0.9373 0.2839
vn -0.0594 -0.9670 0.2479
vn -0.0239 -0.9435 0.3306
vn -0.0363 -0.9140 0.4041
vn 0.0298 -0.9667 0.2541
vn 0.0272 -0.9566 0.2900
vn 0.3027 -0.8117 0.4994
vn 0.2861 -0.7284 0.6225
vn 0.1748 0.9471 0.2693
vn 0.0577 0.9245 0.3767
vn 0.4765 0.6560 0.5854
vn 0.2034 0.8973 0.3917
vn 0.0979 0.9260 0.3646
vn -0.4065 0.6159 -0.6749
vn -0.2101 0.8911 0.4023
vn -0.1769 0.9446 -0.2765
vn 0.5964 0.5822 0.5526
vn -0.4766 0.6558 -0.5855
vn -0.2101 0.8911 -0.4023
vn -0.0987 0.9275 -0.3606
vn -0.0269 0.9368 -0.3487
vn 0.0604 0.9337 -0.3529
vn -0.1387 0.9895 -0.0405
vn -0.1040 0.9930 0.0563
vn 0.1056 0.9800 0.1684
vn 0.0947 0.9921 -0.0823
vn 0.0432 0.9983 -0.0401
vn 0.7722 0.5895 0.2371
vn 0.7632 0.5920 -0.2590
vn 0.9237 0.3797 -0.0514
vn 0.8084 0.5886 -0.0051
vn -0.5973 0.5815 0.5523
vn -0.6289 0.3723 0.6826
vn 0.5973 0.5815 -0.5523
vn 0.7208 0.5280 -0.4490
vn -0.7208 0.5280 0.4490
vn 0.1282 0.3817 -0.9154
vn 0.6293 0.3504 -0.6937
vn -0.7632 0.5920 0.2590
vn -0.9237 0.3797 0.0514
vn -0.8084 0.5886 0.0051
vn -0.7722 0.5895 -0.2371
vn 0.0161 0.6126 0.7903
vn 0.0871 0.3851 0.9187
vn -0.0290 0.6361 -0.7711
vn -0.1702 0.3159 -0.9334
vn -0.5964 0.5822 -0.5526
vn 0.4443 0.7905 -0.4215
vn -0.5584 0.8293 0.0215
vn -0.3352 0.9377 0.0911
vn -0.6377 0.7395 0.2156
vn -0.5648 0.8059 -0.1776
vn -0.5105 0.8592 0.0341
vn 0.0142 0.8002 0.5996
vn -0.3365 0.9388 -0.0739
vn -0.0142 0.8002 -0.5996
vn 0.0174 0.9098 0.4147
vn -0.3770 0.9145 -0.1467
vn 0.2994 0.9060 -0.2991
vn -0.4476 0.7910 -0.4172
vn -0.3035 0.9086 -0.2870
vn -0.2653 0.9275 0.2634
vn 0.4476 0.7910 0.4172
vn 0.5560 0.8142 0.1671
vn -0.0174 0.9098 -0.4147
vn 0.3871 0.9134 0.1255
vn 0.5585 0.8121 -0.1692
vn 0.3276 0.9423 0.0688
vn 0.4624 0.8786 0.1195
vn 0.3035 0.9086 0.2870
vn 0.6454 0.7636 -0.0195
vn 0.4578 0.8805 -0.1231
vn 0.3515 0.9316 -0.0929
vn -0.4350 0.7939 0.4248
vn -0.9855 0.0751 -0.1524
vn 0.0079 0.9815 -0.1915
vn -0.0173 0.9514 -0.3074
vn -0.2129 0.9567 0.1985
vn -0.2588 0.9382 0.2297
vn -0.1748 0.9746 0.1399
vn -0.2271 0.9508 -0.2105
vn -0.1759 0.9765 -0.1248
vn 0.1928 0.9761 0.1000
vn 0.2271 0.9508 0.2105
vn 0.1820 0.9740 0.1349
vn 0.2627 0.9626 -0.0663
vn -0.2627 0.9626 0.0663
vn 0.1668 0.9705 -0.1743
vn 0.2392 0.9441 -0.2269
vn 0.0173 0.9514 0.3074
vn -0.1791 0.9779 -0.1082
vn -0.0079 0.9814 0.1919
vn 0.0231 0.1540 -0.9878
vn -0.0069 -1.0000 -0.0006
vn -0.8769 0.0438 0.4787
vn -0.0458 0.9944 -0.0954
vn 0.1663 0.9853 -0.0403
vn -0.1055 0.9802 -0.1678
vn -0.1514 0.9881 0.0288
vn 0.1191 0.9887 0.0907
vn 0.1359 0.9903 0.0297
vn -0.0103 0.9999 0.0050
vn -0.0529 0.9978 -0.0393
vn 0.0089 -0.9999 0.0135
vn 0.0071 -1.0000 0.0024
vn 0.0076 -0.9998 -0.0167
vn -0.0005 -1.0000 -0.0039
vn -0.7885 -0.6149 -0.0119
vn -0.0014 -0.9999 0.0161
vn -0.0097 -0.9999 -0.0133
vn -0.1406 -0.3152 -0.9385
vn 0.9777 -0.1868 -0.0959
vn -0.9777 -0.1868 0.0959
vn 0.1406 -0.3152 0.9385
vn 0.0132 0.1677 -0.9857
vn -0.9296 0.2140 -0.3001
vn 0.9296 0.2140 0.3001
vn -0.0132 0.1677 0.9857
vn -0.0041 -0.9997 0.0248
vn 0.0412 -0.9991 -0.0106
vn 0.0324 -0.9994 0.0120
vn -0.0006 -0.9992 -0.0402
vn 0.0038 -1.0000 -0.0064
vn 0.0041 -0.9997 -0.0247
vn -0.0606 -0.9982 0.0047
vn -0.0166 -0.9998 -0.0136
vn -0.0101 -0.9983 0.0580
vn 0.5069 -0.8618 -0.0160
vn -0.0957 0.0266 -0.9951
vn 0.5655 -0.0417 -0.8237
vn 0.1174 0.0015 -0.9931
vn -0.8698 -0.4924 -0.0320
vn -0.1334 0.2644 -0.9551
vn -0.9769 0.0237 -0.2123
vn -1.0000 0.0025 0.0019
vn -0.9989 -0.0425 -0.0209
vn 0.7573 0.0515 -0.6510
vn 0.9998 0.0200 -0.0052
vn 0.9816 0.1910 0.0030
vn -0.9787 0.2051 0.0052
vn -0.1073 -0.9942 -0.0103
vn 0.4351 -0.8977 0.0700
vn 0.2231 0.9747 0.0166
vn -0.1795 0.9837 0.0103
vn 0.4549 -0.8905 0.0001
vn 0.0602 -0.0607 -0.9963
vn -0.2630 0.9619 0.0746
vn 0.3696 0.9260 0.0767
vn 0.9444 0.2795 0.1733
vn 0.9970 0.0291 -0.0717
vn -0.8975 -0.4281 0.1057
vn -0.1381 0.0110 -0.9904
vn -0.0609 -0.1852 -0.9808
vn 0.0183 0.1089 -0.9939
vn -0.0144 0.0460 -0.9988
vn 0.2423 0.9701 0.0155
vn 0.0391 0.0141 -0.9991
vn 0.0214 0.0074 -0.9997
vn -0.0197 0.0631 -0.9978
vn 0.0416 -0.0166 -0.9990
vn 0.9801 0.1982 0.0118
vn -0.9912 -0.1325 -0.0027
vn -0.3636 0.9189 -0.1531
vn -0.1051 0.9944 -0.0045
vn -0.4702 0.8643 -0.1787
vn -0.2961 0.9447 -0.1410
vn -0.2065 0.9784 0.0087
vn -0.1831 0.9830 0.0126
vn -0.0703 0.9971 -0.0294
vn 0.0701 0.0493 0.9963
vn -0.1655 0.9803 -0.1082
vn 0.9966 0.0802 0.0172
vn -0.6453 -0.0960 0.7579
vn -0.2476 0.9409 0.2310
vn 0.0580 0.0189 -0.9981
vn 0.9804 0.1703 0.0987
vn -0.7998 -0.6001 0.0082
vn -0.0365 0.9945 0.0980
vn 0.1441 0.9876 -0.0622
vn -0.0625 0.9889 0.1346
vn 0.1692 0.8861 -0.4316
vn 0.2308 0.9722 -0.0394
vn 0.2038 0.9724 0.1133
vn 0.2005 0.9733 0.1115
vn 0.0817 0.9962 -0.0303
vn 0.1484 0.9872 -0.0589
vn 0.2051 0.9723 -0.1120
vn 0.5348 0.8168 0.2165
vn 0.4629 0.8854 0.0425
vn -0.0314 0.9384 0.3442
vn 0.1153 0.9924 -0.0428
vn -0.0550 0.9954 0.0780
vn 0.0140 0.9700 -0.2428
vn -0.2959 0.9279 0.2268
vn -0.1168 0.9855 0.1233
vn 0.2987 0.9289 -0.2189
vn 0.1816 0.9050 -0.3846
vn 0.0552 -0.0553 -0.9969
vn 0.0075 0.9934 -0.1144
vn 0.1102 -0.9918 -0.0641
vn 0.1175 -0.9929 0.0158
vn -0.0001 -0.9981 -0.0619
vn 0.1188 -0.9929 0.0100
vn 0.6796 -0.0578 -0.7313
vn 0.9904 -0.0236 -0.1358
vn -0.8395 -0.5433 0.0068
vn 0.4285 0.0314 -0.9030
vn -0.5240 -0.3527 0.7752
vn 0.1197 0.1760 0.9771
vn 0.1557 0.4033 0.9017
vn -0.0909 0.2602 0.9613
vn -0.0057 -0.3672 0.9301
vn -0.5248 -0.4478 0.7239
vn -0.1435 -0.2081 0.9675
vn -0.4385 -0.0340 -0.8981
vn -0.5543 0.0591 0.8302
vn -0.1827 0.0742 0.9804
vn -0.6664 0.5595 -0.4927
vn 0.3918 -0.0731 0.9171
vn 0.3459 -0.3226 0.8811
vn 0.4465 0.4081 0.7963
vn 0.6421 0.2386 0.7285
vn -0.2759 -0.1258 0.9529
vn -0.9207 0.3888 -0.0344
vn 0.9702 -0.0015 0.2423
vn 0.9939 -0.0140 -0.1098
vn 0.9229 0.0103 -0.3849
vn -0.9998 0.0161 0.0138
vn -0.9722 -0.0046 0.2341
vn 0.1702 -0.3265 0.9297
vn 0.1458 -0.7678 0.6239
vn 0.5545 -0.5065 0.6603
vn -0.2024 0.9411 0.2710
vn 0.1006 0.2538 0.9620
vn -0.0096 0.9753 -0.2207
vn -0.0174 -0.0354 -0.9992
vn -0.0472 -0.9954 -0.0839
vn -0.0700 -0.9974 0.0143
vn 0.0328 0.9468 0.3202
vn 0.0106 0.9947 0.1020
vn 0.0754 0.9949 0.0665
vn -0.0536 -0.9986 -0.0005
vn -0.2954 -0.9553 0.0096
vn 0.1324 0.9516 0.2772
vn 0.0358 0.9986 -0.0382
vn 0.0462 0.9984 0.0334
vn 0.1169 0.9600 -0.2543
vn 0.2658 0.7976 -0.5415
vn 0.2557 0.8023 0.5394
vn 0.1939 0.8842 -0.4249
vn 0.1432 0.9372 -0.3181
vn 0.1808 0.9092 0.3751
vn 0.4012 0.3658 0.8398
vn 0.3394 0.6021 0.7227
vn 0.3373 0.5949 -0.7296
vn 0.1163 0.9226 -0.3678
vn 0.1229 -0.9067 -0.4035
vn 0.0700 -0.9580 0.2782
vn 0.0663 -0.9914 -0.1132
vn 0.0750 -0.9702 -0.2306
vn 0.0480 -0.9986 0.0203
vn 0.0580 -0.9960 -0.0685
vn 0.0449 -0.9984 -0.0329
vn 0.0532 -0.9985 -0.0096
vn 0.3924 0.9198 0.0081
vn 0.2454 -0.9693 0.0178
vn 0.8125 0.1541 0.5622
vn -0.1633 -0.2607 0.9515
vn -0.9988 0.0320 0.0370
vn 0.9671 -0.0041 0.2545
vn 0.9974 0.0417 0.0589
vn 0.9076 0.0278 -0.4190
vn -0.3959 -0.9182 -0.0133
vn 0.0022 -0.9984 -0.0562
vn 0.0394 0.9992 -0.0059
vn -0.1092 -0.4116 0.9048
vn -0.1179 0.3407 0.9327
vn -0.4290 0.1083 0.8968
vn -0.6237 -0.0574 -0.7795
vn -0.0854 -0.9918 -0.0955
vn 0.0055 0.9449 -0.3273
vn -0.0006 -1.0000 0.0028
vn -0.0753 -0.9971 0.0125
vn -0.1208 0.9794 -0.1621
vn -0.0598 0.0398 0.9974
vn 0.0007 0.9960 -0.0891
vn -0.1148 0.9820 -0.1500
vn 0.1504 0.9757 0.1591
vn -0.0074 0.9936 0.1130
vn -0.0038 0.9991 0.0419
vn -0.1324 0.9516 -0.2772
vn -0.0527 0.9973 0.0515
vn -0.1321 0.9602 0.2459
vn -0.2557 0.8023 -0.5394
vn -0.1808 0.9092 -0.3751
vn -0.2680 0.8045 0.5300
vn -0.1668 0.9316 0.3230
vn -0.1838 0.8850 0.4278
vn -0.4160 0.3672 0.8319
vn -0.3471 0.6156 0.7075
vn -0.4032 0.3691 -0.8374
vn -0.3394 0.6021 -0.7227
vn -0.1345 0.8761 0.4631
vn -0.0652 -0.9921 -0.1073
vn -0.1205 -0.8795 0.4603
vn -0.0863 0.9573 0.2759
vn -0.0873 -0.9745 -0.2069
vn 0.9086 0.4142 0.0533
vn -0.0848 -0.9959 0.0317
vn 0.0652 -0.9979 0.0034
vn -0.0406 0.9992 0.0007
vn 0.8141 0.5798 0.0325
vn 0.2599 0.9655 0.0176
vn 0.8012 0.5950 0.0631
vn 0.9999 0.0131 0.0050
vn 0.9955 -0.0938 0.0125
vn 0.5271 -0.8498 -0.0103
vn 0.6834 -0.7285 0.0466
vn 0.0576 -0.9983 -0.0042
vn -0.0076 -0.0290 0.9996
vn -0.6571 0.7525 0.0443
vn -0.0935 0.9956 0.0084
vn 0.1319 0.0028 0.9913
vn 0.1915 -0.1557 -0.9691
vn -0.3710 -0.3147 0.8737
vn 0.0375 -0.1373 0.9898
vn 0.1341 0.0444 0.9900
vn 0.0075 0.0349 0.9994
vn -0.0188 -0.2634 0.9645
vn -0.2225 0.0622 0.9729
vn 0.0508 -0.0006 0.9987
vn 0.0207 0.2743 0.9614
vn -0.1250 -0.0704 0.9896
vn 0.2605 0.2304 0.9376
vn 0.1550 -0.0698 0.9854
vn 0.0730 0.0844 0.9938
vn -0.0479 0.3626 0.9307
vn -0.5551 0.7791 -0.2914
vn 0.0116 -0.6028 0.7978
vn 0.8147 0.0849 0.5736
vn 0.2356 -0.4471 0.8629
vn -0.5457 0.0206 0.8377
vn -0.0367 -0.9993 0.0073
vn 0.4674 0.0187 0.8838
vn -0.6213 -0.0053 0.7836
vn -0.0820 0.9966 0.0113
vn 0.9248 -0.3731 0.0742
vn 0.9534 -0.3018 -0.0037
vn 0.9500 0.2968 0.0969
vn 0.7924 0.6099 0.0070
vn -0.8656 0.4903 0.1020
vn -0.7735 0.6321 0.0473
vn -0.9989 0.0285 0.0371
vn -0.9860 -0.1538 -0.0644
vn -0.8434 0.5287 -0.0960
vn -0.6821 -0.7121 0.1660
vn 0.7735 0.6321 -0.0473
vn -0.3174 0.9477 0.0336
vn -0.8056 0.5924 -0.0047
vn 0.9968 0.0404 0.0696
vn 0.8351 0.5383 0.1138
vn 0.5728 -0.8114 0.1166
vn 0.3969 -0.9178 -0.0067
vn 0.9489 0.0113 0.3155
vn 0.2862 0.9581 -0.0080
vn 0.8057 0.5924 0.0047
vn 0.6900 0.7128 -0.1256
vn 0.9984 0.0562 0.0010
vn 0.9984 0.0571 0.0009
vn -0.9794 -0.1997 0.0300
vn -0.9954 0.0488 -0.0828
vn -0.8881 0.1441 -0.4364
vn 0.9766 -0.2132 -0.0275
vn -0.0071 -1.0000 -0.0024
vn 0.0082 -0.9997 0.0233
vn -0.0074 1.0000 -0.0041
vn -0.0012 0.9904 0.1379
vn 0.0074 1.0000 0.0041
vn 0.0012 0.9904 -0.1379
vn 0.1818 0.9826 0.0390
vn 0.4580 0.7856 0.4159
vn -0.4284 0.6871 0.5868
vn -0.7365 0.1053 0.6682
vn -0.7356 0.1086 0.6687
vn -0.7385 0.0981 0.6671
vn -0.3325 0.9366 -0.1103
vn -0.1484 0.9882 -0.0368
vn -0.9988 0.0489 -0.0010
vn -0.9987 0.0516 -0.0007
vn -0.9985 0.0539 -0.0003
vn 0.9799 0.1929 0.0508
vn 0.9983 0.0576 0.0009
vn 0.9967 0.0321 0.0744
vn 0.9963 0.0358 0.0780
vn 0.9964 0.0352 0.0774
vn 0.9999 0.0154 0.0029
vn -0.9741 0.2212 -0.0465
vn -0.9964 0.0849 0.0038
vn -0.9859 -0.1673 0.0100
vn -0.7700 0.6261 0.1228
vn -0.8646 0.0820 -0.4957
vn -0.9181 0.0280 -0.3954
vn -0.9956 -0.0378 -0.0861
vn -0.7442 0.6631 -0.0798
vn 0.2988 0.5938 -0.7471
vn 0.7834 0.6112 -0.1128
vn -0.0213 -0.4558 -0.8898
vn -0.5510 -0.5630 -0.6160
vn -0.7251 0.0221 -0.6883
vn 0.8032 -0.5956 0.0156
vn -0.0581 -0.2530 0.9657
vn -0.4741 0.8641 0.1690
vn -0.0473 0.9596 0.2773
vn -0.0538 0.9981 0.0302
vn -0.3688 0.8361 0.4060
vn 0.2449 -0.6601 0.7102
vn 0.4776 0.8619 -0.1705
vn 0.0344 0.9787 -0.2024
vn 0.0657 0.9977 -0.0133
vn 0.3276 0.8626 -0.3854
vn 0.6330 0.7624 0.1341
vn 0.7088 0.7054 -0.0000
vn 0.7023 0.7119 0.0029
vn 0.7105 0.7037 -0.0008
vn 0.3326 0.9430 -0.0113
vn 0.1192 0.9529 0.2790
vn 0.7247 0.1357 0.6756
vn 0.5119 -0.5749 -0.6384
vn 0.7010 0.7132 0.0035
vn 0.1761 0.9782 -0.1098
vn -0.2475 0.9688 -0.0128
vn 0.5553 0.7095 0.4339
vn 0.0991 0.3379 0.9360
vn -0.6348 0.7581 -0.1493
vn -0.6843 0.7288 -0.0236
vn -0.4476 0.8942 0.0045
vn -0.1305 0.6183 -0.7751
vn -0.1114 0.9732 -0.2013
vn -0.4577 -0.2437 0.8550
vn -0.3776 -0.7395 0.5572
vn -0.5060 0.8305 0.2330
vn -0.0332 -0.4473 0.8938
vn -0.7351 0.6779 -0.0023
vn 0.7293 -0.6842 -0.0017
vn -0.1954 0.9352 0.2954
vn -0.5201 -0.8481 0.1009
vn -0.6729 -0.7246 0.1488
vn -0.6665 -0.7148 0.2116
vn -0.7313 -0.6819 -0.0092
vn -0.4116 -0.9113 -0.0125
vn -0.7027 -0.6558 -0.2760
vn -0.5760 -0.8104 0.1072
vn 0.7190 -0.6727 -0.1746
vn 0.4392 -0.8984 0.0062
vn 0.6621 -0.7280 0.1781
vn 0.6769 -0.7094 0.1963
vn 0.5309 -0.8373 -0.1303
vn -0.2352 -0.9468 0.2198
vn 0.0923 -0.9864 0.1361
vn 0.3991 -0.8951 0.1989
vn 0.5453 -0.7483 0.3778
vn 0.2103 -0.9697 -0.1246
vn 0.3012 -0.8774 -0.3734
vn -0.2353 -0.9572 0.1688
vn -0.2111 -0.9367 0.2792
vn -0.1454 -0.9844 0.0987
vn -0.0961 -0.9843 -0.1483
vn -0.8897 0.3598 -0.2809
vn -0.3833 -0.9085 -0.1661
vn -0.5653 -0.7356 -0.3734
vn -0.4047 -0.8054 0.4332
vn 0.2904 -0.9238 -0.2494
vn -0.1411 -0.9653 -0.2200
vn -0.0597 -0.9864 -0.1530
vn -0.4660 -0.8478 -0.2532
vn 0.1896 -0.9509 0.2448
vn 0.1121 -0.9768 0.1823
vn 0.6203 -0.6921 0.3691
vn 0.3529 -0.8285 -0.4348
vn -0.4804 0.5429 0.6889
vn -0.2234 -0.0677 -0.9724
vn -0.1231 -0.6460 -0.7533
vn 0.3448 -0.1215 -0.9308
vn -0.2093 0.6007 0.7716
vn 0.1087 -0.6129 0.7827
vn 0.5044 -0.6755 0.5378
vn 0.6599 0.0191 -0.7511
vn 0.1372 0.5518 -0.8226
vn 0.2121 0.2393 0.9475
vn 0.9965 0.0462 -0.0695
vn 0.7977 0.0354 -0.6020
vn -0.1261 0.8181 -0.5611
vn -0.0699 0.0966 -0.9929
vn -0.9937 0.0392 0.1046
vn 0.9969 0.0306 0.0730
vn -0.3992 0.9104 0.1087
vn -0.8930 0.0960 0.4396
vn -0.7393 0.0953 0.6666
vn 0.0039 0.2630 0.9648
vn -0.0039 0.2630 -0.9648
vn -0.9976 0.0289 -0.0629
vn -0.7042 0.7097 -0.0193
vn 0.4008 0.9097 -0.1091
vn 0.7042 0.7097 0.0193
vn -0.0070 -0.7788 0.6272
vn 0.2067 0.5660 -0.7981
vn 0.2814 -0.2070 -0.9370
vn 0.0303 0.6099 -0.7919
vn -0.0976 0.6588 -0.7459
vn -0.0270 -0.2603 -0.9652
vn -0.0081 -0.6078 -0.7940
vn -0.2254 -0.6273 -0.7455
vn -0.2065 0.5853 -0.7841
vn -0.4890 -0.5118 -0.7063
vn -0.3243 -0.4917 0.8081
vn -0.0224 -0.7500 0.6610
vn -0.0229 0.6410 0.7672
vn -0.1254 0.2327 0.9644
vn 0.1483 -0.1423 0.9786
vn 0.4900 -0.5121 0.7055
vn -0.9172 -0.0760 -0.3911
vn -0.8365 -0.4942 -0.2366
vn -0.8557 0.3366 0.3930
vn -0.7331 -0.5037 0.4570
vn 0.9174 -0.3105 -0.2488
vn -0.7033 -0.5066 -0.4987
vn -0.0964 -0.9038 -0.4170
vn -0.6638 -0.7479 0.0018
vn 0.0014 -0.9684 0.2493
vn 0.3276 -0.9448 0.0039
vn 0.0597 -0.9532 0.2965
vn -0.0298 -0.9881 -0.1509
vn -0.2188 -0.9746 0.0468
vn -0.9783 0.0105 0.2069
vn 0.6690 -0.7391 0.0789
vn 0.6165 -0.6553 -0.4364
vn 0.1207 -0.9896 -0.0786
vn -0.7420 -0.6651 -0.0845
vn -0.6083 -0.7751 0.1708
vn -0.5884 -0.8063 0.0608
vn 0.4600 -0.5231 0.7174
vn -0.9624 -0.2622 -0.0702
vn -0.1297 0.0511 0.9902
vn -0.5575 0.0299 0.8297
vn 0.9996 0.0259 0.0130
vn 0.8411 -0.0509 0.5385
vn 0.9999 0.0015 -0.0141
vn 0.8094 0.0059 -0.5873
vn -0.9999 0.0118 0.0016
vn 0.9996 -0.0217 0.0185
vn 0.5830 -0.0583 0.8104
vn -0.0102 -0.0390 0.9992
vn -0.0877 0.0230 -0.9959
vn 0.8918 -0.0017 -0.4524
vn -0.2085 0.1041 -0.9725
vn 0.7359 -0.6771 -0.0004
vn 0.0086 -0.0408 -0.9991
vn 0.0523 0.0062 -0.9986
vn -0.0271 -0.1308 -0.9910
vn 0.0501 -0.6753 -0.7359
vn 0.0944 -0.7356 -0.6708
vn -0.7366 -0.0078 -0.6763
vn 0.0328 -0.0289 -0.9990
vn -0.0305 0.0065 -0.9995
vn -0.1094 -0.0812 -0.9907
vn 0.0395 -0.0434 -0.9983
vn -0.6706 -0.7419 -0.0020
vn -0.7028 -0.7112 0.0140
vn 0.7525 0.6586 -0.0045
vn 0.6959 0.7182 0.0056
vn 0.0269 0.0269 -0.9993
vn -0.6278 0.7784 -0.0030
vn 0.6517 0.7585 0.0018
vn 0.1367 -0.9906 -0.0023
vn -0.8015 -0.5979 -0.0095
vn -0.5355 -0.8445 0.0072
vn 0.6304 0.7763 0.0033
vn -0.0003 -0.0001 1.0000
vn -0.9633 0.2658 0.0369
vn -0.5445 0.8387 -0.0025
vn 0.0651 -0.9978 0.0105
vn -0.8099 -0.5850 0.0428
vn 0.1006 -0.9948 -0.0167
vn 0.6071 0.7904 0.0812
vn -0.5200 0.8511 -0.0726
vn 0.9131 -0.4076 0.0052
vn -0.2294 -0.9731 -0.0206
vn -0.5393 0.8277 -0.1551
vn 0.0850 -0.9961 0.0223
vn -0.3872 0.9201 0.0588
vn -0.8136 -0.5719 -0.1045
vn 0.6036 -0.7973 -0.0028
vn 0.8442 0.5359 0.0077
vn -0.6409 -0.7676 0.0035
vn -0.6485 0.7611 0.0144
vn 0.5147 -0.8573 0.0015
vt 0.257212 0.593750
vt 0.263614 0.593750
vt 0.255898 0.593750
vt 0.272713 0.594589
vt 0.281157 0.597713
vt 0.274274 0.594375
vt 0.262473 0.593750
vt 0.263459 0.593750
vt 0.263743 0.593750
vt 0.257562 0.593750
vt 0.252457 0.593750
vt 0.256769 0.593750
vt 0.245481 0.593750
vt 0.241148 0.593750
vt 0.242393 0.593750
vt 0.241297 0.593750
vt 0.270077 0.593751
vt 0.258694 0.594865
vt 0.229900 0.603531
vt 0.250063 0.614556
vt 0.226661 0.628923
vt 0.281249 0.599728
vt 0.273438 0.620294
vt 0.272699 0.596387
vt 0.249991 0.630834
vt 0.281217 0.611651
vt 0.281234 0.635198
vt 0.281250 0.635797
vt 0.281211 0.653316
vt 0.274666 0.655653
vt 0.271267 0.648135
vt 0.243569 0.654842
vt 0.268892 0.656250
vt 0.235245 0.656250
vt 0.226159 0.651842
vt 0.218766 0.635194
vt 0.221331 0.642890
vt 0.218789 0.653316
vt 0.229072 0.647471
vt 0.219853 0.618866
vt 0.232027 0.596118
vt 0.222992 0.601757
vt 0.228731 0.594288
vt 0.244387 0.593750
vt 0.238524 0.593750
vt 0.243104 0.593750
vt 0.252193 0.593755
vt 0.276201 0.600896
vt 0.218807 0.624974
vt 0.224584 0.652320
vt 0.219286 0.617424
vt 0.281184 0.624959
vt 0.281236 0.634006
vt 0.218972 0.610055
vt 0.275394 0.652445
vt 0.280593 0.653629
vt 0.258097 0.656210
vt 0.221591 0.593914
vt 0.219868 0.602417
vt 0.239985 0.594125
vt 0.254401 0.593750
vt 0.256919 0.593750
vt 0.239153 0.593750
vt 0.253890 0.593750
vt 0.246425 0.593750
vt 0.246029 0.593750
vt 0.236400 0.593750
vt 0.249591 0.593750
vt 0.250062 0.593750
vt 0.252943 0.593750
vt 0.245818 0.593750
vt 0.253906 0.593750
vt 0.262403 0.593750
vt 0.279336 0.593753
vt 0.261039 0.593750
vt 0.265658 0.593750
vt 0.269197 0.593750
vt 0.220628 0.652222
vt 0.219388 0.648271
vt 0.241964 0.593750
vt 0.238964 0.593750
vt 0.244303 0.593750
vt 0.250002 0.593750
vt 0.281178 0.613410
vt 0.279332 0.643174
vt 0.270863 0.653117
vt 0.232494 0.655938
vt 0.225812 0.598729
vt 0.270292 0.593751
vt 0.273062 0.593750
vt 0.261187 0.593750
vt 0.276049 0.596232
vt 0.252956 0.594044
vt 0.231211 0.593750
vt 0.237133 0.593750
vt 0.273035 0.593750
vt 0.253251 0.593750
vt 0.272975 0.593750
vt 0.255697 0.593750
vt 0.261036 0.593750
vt 0.272555 0.593750
vt 0.271416 0.593750
vt 0.239986 0.593750
vt 0.234342 0.593750
vt 0.238961 0.593750
vt 0.228584 0.593750
vt 0.227444 0.593750
vt 0.239012 0.593750
vt 0.265656 0.593750
vt 0.261036 0.593750
vt 0.271416 0.593750
vt 0.272556 0.593750
vt 0.234344 0.593750
vt 0.230665 0.593750
vt 0.234344 0.593750
vt 0.230804 0.593750
vt 0.241271 0.593750
vt 0.250002 0.593750
vt 0.255701 0.593750
vt 0.261039 0.593750
vt 0.261002 0.593750
vt 0.270270 0.593750
vt 0.272871 0.593750
vt 0.227135 0.593750
vt 0.227025 0.593750
vt 0.226965 0.593750
vt 0.228585 0.593750
vt 0.227445 0.593750
vt 0.237099 0.593750
vt 0.230803 0.593750
vt 0.244299 0.593750
vt 0.249998 0.593750
vt 0.227025 0.593750
vt 0.251136 0.593750
vt 0.262336 0.593750
vt 0.227022 0.593750
vt 0.228469 0.593750
vt 0.272837 0.593750
vt 0.257357 0.593750
vt 0.262982 0.593750
vt 0.252585 0.593750
vt 0.272310 0.593750
vt 0.229327 0.593750
vt 0.241071 0.593750
vt 0.229163 0.593750
vt 0.235859 0.593750
vt 0.227176 0.593750
vt 0.252105 0.593750
vt 0.262327 0.593750
vt 0.248629 0.593750
vt 0.270248 0.593750
vt 0.272815 0.593750
vt 0.269848 0.593750
vt 0.267376 0.593750
vt 0.258907 0.593750
vt 0.251196 0.593750
vt 0.269832 0.593750
vt 0.258649 0.593750
vt 0.272814 0.593750
vt 0.273019 0.593750
vt 0.264538 0.593750
vt 0.243722 0.593750
vt 0.247402 0.593750
vt 0.269585 0.593750
vt 0.270071 0.593750
vt 0.229619 0.593750
vt 0.243331 0.593750
vt 0.237676 0.593750
vt 0.241172 0.593750
vt 0.260983 0.593750
vt 0.240222 0.593750
vt 0.228674 0.593750
vt 0.229167 0.593750
vt 0.227108 0.593750
vt 0.229712 0.593750
vt 0.256185 0.593750
vt 0.240191 0.593750
vt 0.270315 0.593750
vt 0.256863 0.593750
vt 0.267992 0.593750
vt 0.253811 0.593750
vt 0.229017 0.593750
vt 0.227028 0.593750
vt 0.231192 0.593750
vt 0.242318 0.593750
vt 0.244482 0.593750
vt 0.234536 0.593750
vt 0.248002 0.593750
vt 0.258182 0.593750
vt 0.270953 0.593750
vt 0.241226 0.593750
vt 0.268838 0.593750
vt 0.272994 0.593750
vt 0.242506 0.593750
vt 0.270568 0.593750
vt 0.249911 0.593750
vt 0.256963 0.593750
vt 0.262989 0.593750
vt 0.268145 0.593750
vt 0.244963 0.593750
vt 0.238373 0.593750
vt 0.229921 0.593750
vt 0.229279 0.593750
vt 0.258968 0.593750
vt 0.245705 0.593750
vt 0.258137 0.593750
vt 0.254171 0.593750
vt 0.254204 0.593750
vt 0.250524 0.593750
vt 0.250069 0.593750
vt 0.247434 0.593750
vt 0.253752 0.593750
vt 0.246419 0.593750
vt 0.242895 0.593750
vt 0.245340 0.593750
vt 0.249753 0.593750
vt 0.246048 0.593750
vt 0.251286 0.593750
vt 0.250046 0.593750
vt 0.249240 0.593750
vt 0.608566 0.194884
vt 0.625000 0.246586
vt 0.572204 0.245489
vt 0.433153 0.233532
vt 0.412176 0.257240
vt 0.575503 0.475181
vt 0.623608 0.499744
vt 0.570673 0.504552
vt 0.573780 0.698838
vt 0.619048 0.711618
vt 0.570674 0.745448
vt 0.433154 0.723545
vt 0.413494 0.757995
vt 0.575503 0.975181
vt 0.625000 0.993499
vt 0.569500 0.995316
vt 0.350480 0.706922
vt 0.356179 0.738699
vt 0.308683 0.715189
vt 0.380453 0.718364
vt 0.838761 0.695926
vt 0.863715 0.740347
vt 0.825940 0.713005
vt 0.868802 0.702100
vt 0.863715 0.509653
vt 0.875000 0.553595
vt 0.861139 0.566085
vt 0.834349 0.548008
vt 0.839348 0.582894
vt 0.817028 0.538771
vt 0.839352 0.636034
vt 0.839352 0.608946
vt 0.839348 0.666999
vt 0.396071 0.497146
vt 0.419990 0.529040
vt 0.363829 0.529694
vt 0.318872 0.501265
vt 0.413264 0.562955
vt 0.360002 0.579157
vt 0.379888 0.604776
vt 0.360075 0.620471
vt 0.369633 0.639941
vt 0.345163 0.649305
vt 0.364283 0.674410
vt 0.340322 0.674151
vt 0.416979 0.684950
vt 0.563119 0.557449
vt 0.442205 0.588145
vt 0.618686 0.640692
vt 0.579448 0.649058
vt 0.579353 0.007361
vt 0.441450 0.026242
vt 0.405328 0.002342
vt 0.574602 0.055715
vt 0.450296 0.068635
vt 0.551230 0.089664
vt 0.472700 0.089266
vt 0.677322 0.256525
vt 0.629049 0.271970
vt 0.434676 0.175748
vt 0.554216 0.194192
vt 0.457617 0.205831
vt 0.157761 0.691710
vt 0.153972 0.722036
vt 0.136156 0.681843
vt 0.187668 0.708147
vt 0.192214 0.691764
vt 0.178192 0.663785
vt 0.248904 0.699550
vt 0.285515 0.714105
vt 0.251796 0.714046
vt 0.287867 0.685513
vt 0.243245 0.680001
vt 0.307972 0.692130
vt 0.148010 0.660475
vt 0.226552 0.652951
vt 0.252422 0.657468
vt 0.305534 0.650988
vt 0.318351 0.671167
vt 0.163339 0.646377
vt 0.151166 0.631142
vt 0.128069 0.636407
vt 0.125000 0.690621
vt 0.179866 0.628251
vt 0.218757 0.633253
vt 0.194824 0.654067
vt 0.194946 0.631103
vt 0.320644 0.642735
vt 0.307474 0.624805
vt 0.330956 0.622137
vt 0.127903 0.606226
vt 0.146556 0.606968
vt 0.128603 0.579756
vt 0.177213 0.591037
vt 0.191828 0.613648
vt 0.164221 0.603654
vt 0.225371 0.596225
vt 0.195474 0.593759
vt 0.323013 0.589352
vt 0.306683 0.610487
vt 0.304221 0.590599
vt 0.344568 0.604704
vt 0.128278 0.545253
vt 0.150384 0.574486
vt 0.167655 0.551423
vt 0.191179 0.566581
vt 0.217783 0.563371
vt 0.254754 0.566625
vt 0.281714 0.577541
vt 0.252727 0.593059
vt 0.312306 0.560710
vt 0.345982 0.550765
vt 0.167466 0.531040
vt 0.191979 0.540275
vt 0.236123 0.552428
vt 0.217387 0.536850
vt 0.257393 0.536143
vt 0.280094 0.555481
vt 0.286047 0.537129
vt 0.141507 0.512279
vt 0.143930 0.542770
vt 0.185323 0.516442
vt 0.167565 0.500000
vt 0.193953 0.503108
vt 0.222957 0.514330
vt 0.238996 0.503435
vt 0.213580 0.500000
vt 0.275763 0.511345
vt 0.308542 0.514028
vt 0.329141 0.527753
vt 0.307984 0.542821
vt 0.660680 0.667190
vt 0.621984 0.678603
vt 0.638444 0.638921
vt 0.660648 0.641320
vt 0.762604 0.714428
vt 0.786927 0.714352
vt 0.792781 0.714683
vt 0.814704 0.713772
vt 0.684071 0.534996
vt 0.685877 0.536190
vt 0.661534 0.553565
vt 0.660678 0.582826
vt 0.660648 0.613794
vt 0.629457 0.605306
vt 0.660648 0.613944
vt 0.660648 0.636621
vt 0.634611 0.561493
vt 0.661341 0.553324
vt 0.839352 0.636056
vt 0.839352 0.613379
vt 0.762260 0.535573
vt 0.785511 0.535648
vt 0.749592 0.535648
vt 0.715264 0.507221
vt 0.714639 0.535488
vt 0.739975 0.535648
vt 0.743028 0.508328
vt 0.810758 0.501579
vt 0.792166 0.535310
vt 0.780004 0.509364
vt 0.683757 0.714061
vt 0.670813 0.741541
vt 0.633163 0.739497
vt 0.714652 0.714511
vt 0.715264 0.742779
vt 0.783685 0.734169
vt 0.776649 0.746718
vt 0.743028 0.741672
vt 0.739981 0.714352
vt 0.810756 0.748421
vt 0.188318 0.739978
vt 0.158803 0.750000
vt 0.136088 0.735798
vt 0.249084 0.730871
vt 0.215904 0.717816
vt 0.214887 0.738101
vt 0.311789 0.738597
vt 0.623608 0.750256
vt 0.575504 0.774819
vt 0.625000 0.781949
vt 0.612714 0.813998
vt 0.552327 0.808015
vt 0.450766 0.827796
vt 0.411059 0.792497
vt 0.568761 0.838939
vt 0.563972 0.862423
vt 0.625000 0.868041
vt 0.609355 0.900477
vt 0.549098 0.902028
vt 0.438523 0.923671
vt 0.552327 0.941985
vt 0.411228 0.961009
vt 0.575504 0.274819
vt 0.552327 0.308015
vt 0.430498 0.317452
vt 0.410612 0.292075
vt 0.566693 0.339135
vt 0.615984 0.308312
vt 0.625000 0.348352
vt 0.566112 0.364151
vt 0.625000 0.381959
vt 0.566917 0.402693
vt 0.568539 0.440184
vt 0.625000 0.443253
vt 0.724210 0.714352
vt 0.722279 0.711986
vt 0.796629 0.713597
vt 0.752820 0.694274
vt 0.819676 0.696751
vt 0.775723 0.535648
vt 0.728509 0.542807
vt 0.700128 0.537920
vt 0.660666 0.634072
vt 0.669905 0.677286
vt 0.662924 0.689709
vt 0.839334 0.615928
vt 0.830096 0.572715
vt 0.809514 0.542515
vt 0.662615 0.599441
vt 0.661701 0.568124
vt 0.685248 0.713756
vt 0.661303 0.696649
vt 0.685793 0.713854
vt 0.660652 0.666962
vt 0.660730 0.680450
vt 0.660653 0.582901
vt 0.660648 0.609522
vt 0.739893 0.535648
vt 0.724368 0.535648
vt 0.712775 0.535648
vt 0.839347 0.667099
vt 0.839352 0.640479
vt 0.777822 0.535648
vt 0.839348 0.583045
vt 0.839090 0.570245
vt 0.838668 0.553436
vt 0.814752 0.536244
vt 0.814217 0.536203
vt 0.760025 0.714352
vt 0.786750 0.714352
vt 0.774969 0.714352
vt 0.687431 0.536866
vt 0.660807 0.570832
vt 0.660862 0.570592
vt 0.689256 0.537159
vt 0.661903 0.565867
vt 0.839350 0.655776
vt 0.838720 0.681136
vt 0.839352 0.638377
vt 0.839352 0.627034
vt 0.839352 0.611695
vt 0.774822 0.714352
vt 0.721635 0.714352
vt 0.773746 0.714352
vt 0.774516 0.714352
vt 0.721473 0.714352
vt 0.839005 0.574025
vt 0.839174 0.567391
vt 0.811358 0.536681
vt 0.809517 0.536903
vt 0.813703 0.536483
vt 0.839097 0.570202
vt 0.811538 0.713552
vt 0.838903 0.692418
vt 0.725131 0.535648
vt 0.777559 0.535648
vt 0.726255 0.535648
vt 0.725220 0.535648
vt 0.777702 0.535648
vt 0.660648 0.625403
vt 0.660983 0.676025
vt 0.660672 0.683427
vt 0.689281 0.713800
vt 0.691204 0.713864
vt 0.686504 0.714008
vt 0.660674 0.680552
vt 0.839082 0.680143
vt 0.725932 0.535648
vt 0.809376 0.537174
vt 0.660648 0.622966
vt 0.690699 0.712919
vt 0.660746 0.577898
vt 0.814501 0.709385
vt 0.838298 0.681878
vt 0.839332 0.669969
vt 0.838096 0.684133
vt 0.689520 0.537414
vt 0.774068 0.714352
vt 0.311007 0.689489
vt 0.306474 0.687502
vt 0.191953 0.718750
vt 0.191996 0.718807
vt 0.226913 0.650800
vt 0.227579 0.598220
vt 0.219035 0.620972
vt 0.276517 0.649518
vt 0.272421 0.651780
vt 0.280965 0.629028
vt 0.281347 0.620959
vt 0.273087 0.599200
vt 0.276211 0.597571
vt 0.276581 0.601937
vt 0.223419 0.648063
vt 0.256487 0.594072
vt 0.224949 0.600116
vt 0.218876 0.622385
vt 0.275043 0.649876
vt 0.281122 0.627613
vt 0.243513 0.655928
vt 0.246561 0.593750
vt 0.247871 0.593750
vt 0.259474 0.593750
vt 0.260290 0.593750
vt 0.236308 0.593750
vt 0.239506 0.593750
vt 0.254054 0.593750
vt 0.252933 0.593750
vt 0.249829 0.593750
vt 0.246835 0.593750
vt 0.250002 0.593750
vt 0.246512 0.593750
vt 0.250549 0.593750
vt 0.253246 0.593750
vt 0.245938 0.593750
vt 0.248135 0.593750
vt 0.251063 0.593750
vt 0.253638 0.593750
vt 0.252001 0.593750
vt 0.249758 0.593750
vt 0.248187 0.593750
vt 0.251817 0.593750
vt 0.249720 0.593750
vt 0.247809 0.593750
vt 0.251925 0.593750
vt 0.246914 0.593750
vt 0.187567 0.707445
vt 0.188311 0.706795
vt 0.187559 0.690255
vt 0.191676 0.687500
vt 0.187507 0.690224
vt 0.187500 0.698371
vt 0.189404 0.712225
vt 0.187500 0.710938
vt 0.189802 0.718750
vt 0.282903 0.707022
vt 0.281489 0.698838
vt 0.283666 0.714439
vt 0.281250 0.711353
vt 0.283611 0.718750
vt 0.282209 0.699533
vt 0.283324 0.711833
vt 0.287070 0.690038
vt 0.217089 0.696621
vt 0.217904 0.699612
vt 0.212807 0.689946
vt 0.211814 0.688708
vt 0.311729 0.706006
vt 0.306780 0.716162
vt 0.196251 0.718750
vt 0.198606 0.718750
vt 0.195371 0.718750
vt 0.196442 0.718750
vt 0.195833 0.718750
vt 0.188172 0.707370
vt 0.187500 0.718750
vt 0.189845 0.718750
vt 0.288571 0.717473
vt 0.287557 0.689717
vt 0.307950 0.687500
vt 0.311270 0.706012
vt 0.311757 0.706431
vt 0.312437 0.711121
vt 0.312499 0.698608
vt 0.218701 0.715564
vt 0.217402 0.700609
vt 0.213116 0.717269
vt 0.217830 0.706873
vt 0.193943 0.718027
vt 0.195662 0.718708
vt 0.213520 0.689085
vt 0.211375 0.688757
vt 0.217306 0.698799
vt 0.212461 0.715607
vt 0.213970 0.696301
vt 0.310645 0.696661
vt 0.307794 0.696350
vt 0.306505 0.690126
vt 0.307093 0.716087
vt 0.310680 0.687500
vt 0.303552 0.687500
vt 0.290092 0.687532
vt 0.312326 0.707492
vt 0.312281 0.715681
vt 0.218105 0.705457
vt 0.216443 0.712185
vt 0.216871 0.687500
vt 0.213156 0.690785
vt 0.289441 0.718750
vt 0.289675 0.718750
vt 0.289972 0.718750
vt 0.281916 0.707556
vt 0.281250 0.718750
vt 0.299282 0.718750
vt 0.304174 0.718749
vt 0.297643 0.718750
vt 0.205497 0.718750
vt 0.210387 0.718750
vt 0.208372 0.718722
vt 0.213726 0.718414
vt 0.295982 0.718750
vt 0.289568 0.718750
vt 0.296872 0.718750
vt 0.284731 0.718750
vt 0.287969 0.717566
vt 0.200640 0.718750
vt 0.195983 0.718750
vt 0.190539 0.718750
vt 0.193474 0.717241
vt 0.207408 0.718549
vt 0.289233 0.718750
vt 0.303927 0.718750
vt 0.309769 0.718049
vt 0.305684 0.718750
vt 0.210227 0.718750
vt 0.213884 0.718817
vt 0.210558 0.718750
vt 0.218732 0.717028
vt 0.195490 0.718750
vt 0.196781 0.718750
vt 0.218684 0.698605
vt 0.189298 0.687500
vt 0.189593 0.695177
vt 0.299318 0.718750
vt 0.290019 0.718714
vt 0.291832 0.718750
vt 0.285818 0.696866
vt 0.290584 0.688968
vt 0.284341 0.693574
vt 0.286481 0.689085
vt 0.283166 0.687578
vt 0.305716 0.717343
vt 0.304881 0.718657
vt 0.312502 0.718750
vt 0.672271 0.616554
vt 0.685710 0.536190
vt 0.451571 0.444084
vt 0.287090 0.738977
vt 0.297943 0.750000
vt 0.257293 0.745677
vt 0.691638 0.746823
vt 0.683946 0.502832
vt 0.722293 0.714352
vt 0.207521 0.718750
vt 0.203995 0.718750
vt 0.297258 0.718750
vt 0.294267 0.718750
vt 0.202001 0.718750
vt 0.196818 0.687500
vt 0.193577 0.690090
vt 0.200916 0.718750
vt 0.204018 0.718750
vt 0.193474 0.717241
vt 0.192055 0.696858
vt 0.194365 0.687500
vt 0.212585 0.718750
vt 0.193967 0.687518
vt 0.760191 0.567875
vt 0.202590 0.718750
vt 0.202171 0.718750
vt 0.200198 0.718750
vt 0.199040 0.718750
vt 0.297386 0.718750
vt 0.297321 0.718750
vt 0.298307 0.718750
vt 0.296143 0.718750
vt 0.301130 0.718750
vt 0.296430 0.718750
vt 0.293755 0.718750
vt 0.295314 0.718750
vt 0.297133 0.718750
vt 0.207443 0.718750
vt 0.205645 0.718750
vt 0.207499 0.718750
vt 0.199758 0.718750
vt 0.202019 0.718750
vt 0.202623 0.718750
vt 0.204409 0.718750
vt 0.203802 0.718750
vt 0.206920 0.718750
vt 0.293094 0.718750
vt 0.295612 0.718750
vt 0.301841 0.718750
vt 0.296520 0.718750
vt 0.297282 0.718750
vt 0.303882 0.718750
vt 0.303750 0.718750
vt 0.300712 0.718750
vt 0.210498 0.718750
vt 0.294450 0.718750
vt 0.204345 0.718750
vt 0.201387 0.718750
vt 0.198292 0.718750
vt 0.292057 0.718750
vt 0.210644 0.718750
vt 0.209738 0.718750
vt 0.299623 0.718750
vt 0.301103 0.718750
vt 0.199196 0.718750
vt 0.203554 0.718750
vt 0.292493 0.718750
vt 0.298123 0.718750
vt 0.300723 0.718750
vt 0.590438 0.635434
vt 0.570151 0.640415
vt 0.592764 0.635368
vt 0.592030 0.614393
vt 0.246848 0.533712
vt 0.278538 0.473441
vt 0.329464 0.376044
vt 0.273984 0.482896
vt 0.374302 0.380156
vt 0.424259 0.394694
vt 0.765774 0.586728
vt 0.736940 0.573648
vt 0.718698 0.450209
vt 0.645237 0.393771
vt 0.717471 0.466979
vt 0.787129 0.605188
vt 0.321281 0.339042
vt 0.375000 0.172593
vt 0.229807 0.465127
vt 0.305521 0.417632
vt 0.217166 0.441366
vt 0.827251 0.605994
vt 0.403944 0.632370
vt 0.386328 0.630480
vt 0.408216 0.615225
vt 0.402013 0.643736
vt 0.608844 0.616143
vt 0.443027 0.607938
vt 0.558758 0.641589
vt 0.500000 0.234375
vt 0.621216 0.362109
vt 0.749972 0.581896
vt 0.432078 0.608213
vt 0.402524 0.614489
vt 0.402993 0.632582
vt 0.404931 0.618262
vt 0.406044 0.634206
vt 0.410902 0.403857
vt 0.289974 0.452173
vt 0.297937 0.419514
vt 0.421488 0.639652
vt 0.436225 0.641324
vt 0.380825 0.373032
vt 0.569361 0.609488
vt 0.569088 0.609597
vt 0.431174 0.608975
vt 0.800635 0.616428
vt 0.593560 0.616004
vt 0.587552 0.637627
vt 0.594388 0.632334
vt 0.596814 0.629285
vt 0.556437 0.638270
vt 0.563324 0.629615
vt 0.591625 0.625968
vt 0.596713 0.622050
vt 0.249695 0.524694
vt 0.248534 0.527414
vt 0.248566 0.527338
vt 0.663578 0.531539
vt 0.754497 0.595004
vt 0.667185 0.579281
vt 0.669112 0.364713
vt 0.705079 0.422897
vt 0.739622 0.499703
vt 0.623864 0.363038
vt 0.669563 0.488797
vt 0.778030 0.598520
vt 0.793940 0.621729
vt 0.579101 0.611517
vt 0.391112 0.366777
vt 0.426568 0.642842
vt 0.660721 0.610058
vt 0.292146 0.597880
vt 0.314676 0.523491
vt 0.547001 0.615826
vt 0.425517 0.626367
vt 0.578781 0.613795
vt 0.344213 0.370642
vt 0.306591 0.391413
vt 0.407986 0.355076
vt 0.519443 0.608275
vt 0.792854 0.614148
vt 0.789195 0.609835
vt 0.435234 0.643057
vt 0.425582 0.643102
vt 0.486008 0.642746
vt 0.516165 0.642552
vt 0.596572 0.619078
vt 0.592628 0.614954
vt 0.776996 0.586778
vt 0.792419 0.610531
vt 0.778730 0.600084
vt 0.402373 0.628528
vt 0.402441 0.631738
vt 0.402372 0.628541
vt 0.424213 0.358819
vt 0.675526 0.408522
vt 0.727480 0.470132
vt 0.754940 0.584186
vt 0.696378 0.549344
vt 0.542181 0.462709
vt 0.455407 0.414484
vt 0.593901 0.615964
vt 0.584502 0.611651
vt 0.560556 0.608915
vt 0.514417 0.642552
vt 0.521267 0.607506
vt 0.255284 0.523771
vt 0.243351 0.548726
vt 0.239635 0.556353
vt 0.243965 0.547433
vt 0.251634 0.531405
vt 0.594855 0.631762
vt 0.241539 0.544931
vt 0.361283 0.380458
vt 0.402427 0.631098
vt 0.402381 0.624888
vt 0.402567 0.637457
vt 0.403740 0.612735
vt 0.429850 0.608369
vt 0.424751 0.614112
vt 0.244088 0.547185
vt 0.289650 0.451900
vt 0.256841 0.520514
vt 0.326639 0.374544
vt 0.295777 0.439086
vt 0.285102 0.443672
vt 0.236534 0.555913
vt 0.402589 0.638487
vt 0.402651 0.641341
vt 0.402431 0.618698
vt 0.403760 0.613718
vt 0.402443 0.618159
vt 0.412830 0.609725
vt 0.404986 0.613030
vt 0.386265 0.376055
vt 0.402546 0.636532
vt 0.402447 0.618054
vt 0.428127 0.608203
vt 0.439262 0.607468
vt 0.514907 0.607460
vt 0.576149 0.640087
vt 0.555340 0.641588
vt 0.578455 0.361356
vt 0.604049 0.362304
vt 0.427479 0.639805
vt 0.370065 0.413020
vt 0.737132 0.526198
vt 0.526773 0.675488
vt 0.556278 0.595406
vt 0.426019 0.399384
vt 0.387659 0.444050
vt 0.375000 0.403318
vt 0.375000 0.363922
vt 0.446309 0.346903
vt 0.393585 0.343739
vt 0.375000 0.318340
vt 0.375000 0.936260
vt 0.388009 0.906235
vt 0.434036 0.871447
vt 0.387889 0.827071
vt 0.375000 0.867541
vt 0.386560 0.206408
vt 0.406250 0.093750
vt 0.385328 0.058401
vt 0.375000 0.018971
vt 0.417262 0.991172
vt 0.375000 0.988407
vt 0.375000 0.231028
vt 0.221933 0.592714
vt 0.229838 0.571654
vt 0.236288 0.556149
vt 0.402326 0.625759
vt 0.402314 0.624075
vt 0.222814 0.589913
vt 0.237078 0.561721
vt 0.231465 0.568115
vt 0.248547 0.527382
vt 0.402347 0.622552
vt 0.402402 0.620036
vt 0.402392 0.620646
vt 0.402369 0.628271
vt 0.233961 0.562185
vt 0.402352 0.626311
vt 0.402420 0.630708
vt 0.402426 0.630995
vt 0.402444 0.618113
vt 0.402439 0.618355
vt 0.402443 0.618170
vt 0.402370 0.622829
vt 0.402444 0.631897
vt 0.247105 0.540876
vt 0.248153 0.528321
vt 0.251189 0.521193
vt 0.251170 0.521239
vt 0.250295 0.523289
vt 0.402442 0.618208
vt 0.402436 0.618487
vt 0.402442 0.618202
vt 0.402445 0.618087
vt 0.402434 0.618573
vt 0.402444 0.618103
vt 0.402440 0.618290
vt 0.250823 0.522050
vt 0.245246 0.535154
vt 0.251196 0.521178
vt 0.402403 0.620000
vt 0.402389 0.620622
vt 0.402443 0.618176
vt 0.402445 0.618079
vt 0.250370 0.523111
vt 0.245750 0.533953
vt 0.248556 0.527362
vt 0.250168 0.523585
vt 0.248692 0.527044
vt 0.250853 0.521980
vt 0.248566 0.527337
vt 0.251183 0.521207
vt 0.402445 0.618081
vt 0.250892 0.521889
vt 0.250957 0.521737
vt 0.250064 0.523829
vt 0.251193 0.521184
vt 0.402445 0.618098
vt 0.402445 0.618079
vt 0.249848 0.524334
vt 0.250864 0.521956
vt 0.250630 0.522504
vt 0.402443 0.618165
vt 0.402442 0.618218
vt 0.250389 0.523067
vt 0.251178 0.521220
vt 0.402436 0.618490
vt 0.248559 0.527354
vt 0.250624 0.522517
vt 0.250683 0.522379
vt 0.402438 0.618413
vt 0.402439 0.618342
vt 0.402444 0.618143
vt 0.402445 0.618085
vt 0.402437 0.618465
vt 0.402444 0.618139
vt 0.402436 0.618492
vt 0.402444 0.618111
vt 0.402439 0.618359
vt 0.402436 0.618496
vt 0.402440 0.618317
vt 0.402445 0.618079
vt 0.250950 0.521753
vt 0.247124 0.593751
vt 0.225906 0.593750
vt 0.218772 0.595440
vt 0.231716 0.593834
vt 0.258388 0.593750
vt 0.230804 0.593750
vt 0.269196 0.593750
vt 0.230803 0.593750
vt 0.269196 0.593750
vt 0.230804 0.593750
vt 0.269197 0.593750
vt 0.270102 0.593750
vt 0.869190 0.598359
vt 0.615984 0.941688
vt 0.866597 0.673496
vt 0.869488 0.646800
vt 0.625000 0.008598
vt 0.625000 0.045187
vt 0.633163 0.510503
vt 0.602710 0.545456
vt 0.625000 0.072866
vt 0.625000 0.093750
vt 0.218698 0.613653
vt 0.661573 0.696541
vt 0.278318 0.500000
vt 0.838659 0.696676
vt 0.216336 0.750000
vt 0.331604 0.750000
vt 0.625000 0.838206
vt 0.625000 0.411794
vt 0.831769 0.635383
vt 0.660648 0.635841
vt 0.660918 0.569857
vt 0.660648 0.609465
vt 0.814731 0.713802
vt 0.814024 0.713603
vt 0.686119 0.536399
vt 0.839352 0.640535
vt 0.839352 0.614160
vt 0.721456 0.714352
vt 0.722117 0.714352
vt 0.777917 0.535648
vt 0.809079 0.713903
vt 0.660648 0.625100
vt 0.288181 0.717306
vt 0.210011 0.687500
vt 0.203597 0.718750
vt 0.198666 0.718750
vt 0.596814 0.629285
vt 0.576010 0.639534
vt 0.595284 0.632188
vt 0.402415 0.630449
vt 0.296740 0.437073
vt 0.402420 0.619260
vt 0.812500 0.585938
vt 0.375000 0.269048
vt 0.375000 0.768808
vt 0.258405 0.504257
s 1
usemtl Glass.001
f 305/356/301 879/357/301 578/358/301
f 879/357/302 351/359/302 891/243/302
f 303/360/303 371/361/303 37/362/303
f 352/366/307 896/367/307 882/355/307
f 354/364/308 352/366/308 882/355/308
f 354/364/309 357/363/309 352/366/309
f 371/361/311 394/369/311 37/362/311
f 38/251/312 39/253/312 355/370/312
f 355/370/313 389/371/313 356/252/313
f 38/251/314 355/370/314 356/252/314
f 302/372/315 369/373/315 370/374/315
f 385/426/348 428/427/348 433/428/348
f 428/427/349 425/429/349 432/430/349
f 428/427/350 432/430/350 433/428/350
f 70/431/351 426/432/352 427/433/353
f 431/434/354 424/435/354 434/436/354
f 420/437/355 52/438/355 590/439/355
f 427/433/356 376/440/356 430/441/356
f 565/442/357 894/443/357 558/444/357
f 895/445/358 50/446/358 894/443/358
f 352/366/359 390/447/359 897/448/359
f 898/449/360 561/450/360 560/451/360
f 355/370/361 387/452/361 899/453/361
f 370/374/362 395/454/362 898/449/362
f 393/455/363 414/456/363 397/457/363
f 47/458/364 397/457/364 596/459/364
f 382/460/365 594/461/365 879/357/365
f 382/460/366 595/462/366 594/461/366
f 401/463/367 400/464/367 411/465/367
f 400/464/368 374/466/368 384/467/368
f 412/468/369 418/469/369 900/470/369
f 900/470/370 421/471/370 901/472/370
f 593/473/371 399/474/371 69/475/371
f 592/476/372 398/477/372 593/473/372
f 901/472/373 416/478/373 423/479/373
f 405/480/374 423/479/374 372/481/374
f 41/482/375 402/483/375 405/480/375
f 410/484/376 418/469/376 413/485/376
f 555/486/377 373/487/377 552/488/377
f 554/489/378 406/490/378 555/486/378
f 903/491/379 378/492/379 377/493/379
f 556/494/380 377/493/380 557/495/380
f 559/496/381 408/497/381 556/494/381
f 388/498/382 413/485/382 412/468/382
f 412/468/383 413/485/383 418/469/383
f 552/488/384 70/431/384 553/499/384
f 372/481/385 423/479/385 422/500/385
f 379/501/386 431/434/386 378/492/386
f 557/495/387 377/493/387 381/502/387
f 384/467/388 419/503/388 431/434/388
f 380/504/389 429/505/389 383/506/389
f 48/507/390 380/504/390 383/506/390
f 48/507/391 383/506/391 420/437/391
f 417/508/392 419/503/392 384/467/392
f 427/433/393 430/441/393 419/503/393
f 421/471/394 420/437/394 416/478/394
f 69/475/395 385/426/395 591/509/395
f 70/431/398 590/439/398 426/432/398
f 419/503/399 430/441/399 431/434/399
f 383/506/400 429/505/400 420/437/400
f 433/428/401 432/430/401 429/505/401
f 381/502/402 434/436/402 428/427/402
f 551/665/545 424/435/545 376/440/545
f 552/488/547 417/508/547 374/466/547
f 553/499/548 427/433/548 417/508/548
f 555/486/549 374/466/549 401/463/549
f 560/451/550 386/666/550 371/361/550
f 428/427/551 424/435/551 425/429/551
f 889/385/559 565/442/559 359/673/559
f 883/376/560 371/361/560 303/360/560
f 551/665/596 928/688/596 425/429/596
f 590/439/597 52/438/597 928/688/597
f 591/509/598 433/428/598 380/504/598
f 577/380/601 47/458/601 369/373/601
f 894/443/1264 880/1006/1264 881/352/1264 895/445/1264
f 305/356/1268 382/460/1268 879/357/1268
f 578/358/1269 879/357/1269 891/243/1269
f 565/442/1270 880/1006/1270 894/443/1270
f 895/445/1271 881/352/1271 882/355/1271 896/367/1271
f 353/1008/1272 40/241/1272 891/243/1272 351/359/1272
f 352/366/1273 357/363/1273 390/447/1273
f 883/376/1274 560/451/1274 371/361/1274
f 394/369/1275 390/447/1275 357/363/1275 37/362/1275
f 353/1008/1276 387/452/1276 39/253/1276 40/241/1276
f 560/451/1278 883/376/1278 884/377/1278 370/374/1278
f 355/370/1279 39/253/1279 387/452/1279
f 393/455/1280 358/249/1280 356/252/1280 389/371/1280
f 397/457/1281 36/248/1281 358/249/1281 393/455/1281
f 362/382/1282 880/1006/1282 565/442/1282
f 359/673/1286 382/460/1286 305/356/1286 885/390/1286
f 302/372/1287 577/380/1287 369/373/1287
f 884/377/1288 302/372/1288 370/374/1288
f 47/458/1289 36/248/1289 397/457/1289
f 889/385/1290 362/382/1290 565/442/1290
f 577/380/1291 36/248/1291 47/458/1291
f 885/390/1292 889/385/1292 359/673/1292
f 50/446/1321 559/496/1321 558/444/1321 894/443/1321
f 420/437/1327 375/1013/1327 52/438/1327
f 375/1013/1328 429/505/1328 432/430/1328
f 385/426/1329 381/502/1329 428/427/1329
f 376/440/1330 427/433/1330 426/432/1330
f 376/440/1331 426/432/1331 551/665/1331
f 50/446/1332 895/445/1332 896/367/1332 49/1014/1332
f 409/1015/1333 404/1016/1333 897/448/1333 390/447/1333
f 896/367/1334 352/366/1334 897/448/1334
f 404/1016/1335 49/1014/1335 896/367/1335 897/448/1335
f 388/498/1336 353/1008/1336 396/1017/1336 51/1018/1336
f 351/359/1337 396/1017/1337 353/1008/1337
f 409/1015/1338 394/369/1338 386/666/1338 349/1019/1338
f 390/447/1339 394/369/1339 409/1015/1339
f 387/452/1340 353/1008/1340 388/498/1340
f 370/374/1341 898/449/1341 560/451/1341
f 371/361/1342 386/666/1342 394/369/1342
f 388/498/1343 403/1020/1343 899/453/1343 387/452/1343
f 389/371/1344 355/370/1344 899/453/1344
f 403/1020/1345 407/1021/1345 389/371/1345 899/453/1345
f 414/456/1346 393/455/1346 389/371/1346 407/1021/1346
f 392/1022/1347 595/462/1347 382/460/1347 391/1023/1347
f 382/460/1348 359/673/1348 391/1023/1348
f 350/1024/1349 561/450/1349 898/449/1349 395/454/1349
f 370/374/1350 369/373/1350 395/454/1350
f 414/456/1351 41/482/1351 596/459/1351 397/457/1351
f 411/465/1352 409/1015/1352 349/1019/1352 401/463/1352
f 412/468/1353 901/472/1353 407/1021/1353 403/1020/1353
f 48/507/1354 421/471/1354 900/470/1354 418/469/1354
f 403/1020/1355 388/498/1355 412/468/1355
f 402/483/1356 414/456/1356 407/1021/1356 901/472/1356
f 901/472/1357 412/468/1357 900/470/1357
f 398/477/1358 592/476/1358 595/462/1358 392/1022/1358
f 901/472/1359 421/471/1359 416/478/1359
f 406/490/1360 554/489/1360 561/450/1360 350/1024/1360
f 593/473/1361 398/477/1361 399/474/1361
f 402/483/1362 901/472/1362 423/479/1362
f 401/463/1363 374/466/1363 400/464/1363
f 41/482/1364 414/456/1364 402/483/1364
f 405/480/1365 402/483/1365 423/479/1365
f 410/484/1366 415/1025/1366 418/469/1366
f 559/496/1367 50/446/1367 408/497/1367
f 408/497/1368 50/446/1368 49/1014/1368 902/1026/1368
f 555/486/1369 406/490/1369 373/487/1369
f 408/497/1370 903/491/1370 377/493/1370
f 411/465/1371 902/1026/1371 404/1016/1371 409/1015/1371
f 903/491/1372 379/501/1372 378/492/1372
f 902/1026/1373 903/491/1373 408/497/1373
f 556/494/1374 408/497/1374 377/493/1374
f 49/1014/1375 404/1016/1375 902/1026/1375
f 400/464/1376 903/491/1376 902/1026/1376 411/465/1376
f 384/467/1377 379/501/1377 903/491/1377 400/464/1377
f 413/485/1378 388/498/1378 51/1018/1378 410/484/1378
f 553/499/1380 70/431/351 427/433/353
f 552/488/1381 373/487/1381 70/431/1381
f 415/1025/1382 380/504/1382 48/507/1382
f 418/469/1383 415/1025/1383 48/507/1383
f 380/504/1384 433/428/1384 429/505/1384
f 422/500/1385 423/479/1385 416/478/1385
f 422/500/1386 416/478/1386 590/439/1386
f 378/492/1387 431/434/1387 434/436/1387
f 381/502/1388 377/493/1388 378/492/1388
f 381/502/1389 378/492/1389 434/436/1389
f 379/501/1390 384/467/1390 431/434/1390
f 421/471/1391 48/507/1391 420/437/1391
f 417/508/1392 427/433/1392 419/503/1392
f 374/466/1393 417/508/1393 384/467/1393
f 69/475/1394 399/474/1394 385/426/1394
f 416/478/1395 420/437/1395 590/439/1395
f 591/509/1396 385/426/1396 433/428/1396
f 426/432/1400 590/439/1400 928/688/1400
f 431/434/1401 430/441/1401 376/440/1401
f 70/431/1402 422/500/1402 590/439/1402
f 420/437/1403 429/505/1403 375/1013/1403
f 428/427/1404 434/436/1404 424/435/1404
f 431/434/1405 376/440/1405 424/435/1405
f 425/429/1406 928/688/1406 375/1013/1406
f 928/688/1407 52/438/1407 375/1013/1407
f 381/502/1548 385/426/1548 399/474/1548 557/495/1548
f 426/432/1549 928/688/1549 551/665/1549
f 425/429/1550 424/435/1550 551/665/1550
f 552/488/1551 553/499/1551 417/508/1551
f 401/463/1552 349/1019/1552 561/450/1552 554/489/1552
f 556/494/1553 398/477/1553 392/1022/1553 559/496/1553
f 554/489/1554 555/486/1554 401/463/1554
f 555/486/1555 552/488/1555 374/466/1555
f 557/495/1556 399/474/1556 398/477/1556 556/494/1556
f 558/444/1557 391/1023/1557 359/673/1557 565/442/1557
f 559/496/1558 392/1022/1558 391/1023/1558 558/444/1558
f 349/1019/1559 386/666/1559 560/451/1559 561/450/1559
f 422/500/1595 70/431/1595 373/487/1595 372/481/1595
f 432/430/1596 425/429/1596 375/1013/1596
f 380/504/1597 415/1025/1597 69/475/1597 591/509/1597
f 405/480/1598 406/490/1598 350/1024/1598 41/482/1598
f 372/481/1599 373/487/1599 406/490/1599 405/480/1599
f 410/484/1600 51/1018/1600 595/462/1600 592/476/1600
f 415/1025/1601 410/484/1601 593/473/1601 69/475/1601
f 592/476/1602 593/473/1602 410/484/1602
f 396/1017/1603 351/359/1603 879/357/1603 594/461/1603
f 51/1018/1604 396/1017/1604 594/461/1604 595/462/1604
f 596/459/1605 395/454/1605 369/373/1605 47/458/1605
f 41/482/1606 350/1024/1606 395/454/1606 596/459/1606
usemtl Metal.001
f 117/1/1 118/2/1 119/3/1
f 117/1/2 146/4/2 118/2/2
f 146/4/3 53/5/3 461/6/3
f 2/7/4 122/8/4 120/9/4
f 125/10/5 124/11/5 121/12/5
f 124/11/6 7/13/6 121/12/6
f 905/14/7 460/15/7 155/16/7
f 125/10/8 451/17/9 128/18/10
f 836/19/11 127/20/11 133/21/11
f 3/22/12 130/23/12 837/24/12
f 130/23/13 838/25/13 127/20/13
f 837/24/14 127/20/14 836/19/14
f 3/22/15 451/17/15 53/5/15
f 142/26/16 459/27/16 129/28/16
f 452/29/17 4/30/17 129/28/17
f 129/28/18 141/31/18 130/23/18
f 141/31/19 4/30/19 131/32/19
f 132/33/20 4/30/20 452/29/20
f 908/34/21 140/35/21 131/32/21
f 907/36/22 134/37/22 453/38/22
f 838/25/23 839/39/23 133/21/23
f 135/40/24 133/21/24 134/37/24
f 839/39/25 140/35/25 134/37/25
f 126/41/26 136/42/26 841/43/26
f 137/44/27 454/45/27 1/46/27
f 139/47/28 844/48/28 146/4/28
f 147/49/29 148/50/30 166/51/30
f 149/52/31 844/48/31 145/53/31
f 907/36/32 147/49/32 151/54/32
f 908/34/33 148/50/33 453/38/33
f 150/55/34 845/56/34 167/57/34
f 119/3/36 120/9/36 157/61/36
f 158/62/37 122/8/38 123/63/39
f 843/64/40 158/62/40 164/65/40
f 123/63/41 121/12/41 7/13/41
f 164/65/42 158/62/42 123/63/42
f 164/65/43 123/63/43 155/16/43
f 156/66/44 905/14/45 137/44/46
f 137/44/46 119/3/47 157/61/48
f 123/63/49 138/67/49 454/45/49
f 156/66/51 162/71/51 905/14/51
f 157/61/52 162/71/52 156/66/52
f 162/71/53 460/15/53 905/14/53
f 157/61/54 159/72/54 162/71/54
f 18/96/75 846/97/76 176/98/77
f 846/97/76 182/99/78 183/100/79
f 177/101/80 846/97/76 178/102/81
f 176/98/77 846/97/76 177/101/80
f 197/103/82 188/104/83 189/105/84
f 170/95/86 172/91/86 193/108/86
f 172/91/87 184/109/87 183/110/87
f 172/91/88 183/110/88 182/99/88
f 187/82/93 197/103/93 10/83/93
f 186/81/94 197/103/82 187/82/95
f 185/113/96 197/103/82 186/81/94
f 203/98/97 846/97/76 18/96/75
f 202/112/98 846/97/76 203/98/97
f 201/111/99 846/97/76 202/112/98
f 159/72/194 457/206/195 264/207/196
f 264/207/196 457/206/195 265/208/197
f 462/209/198 265/208/198 859/210/198
f 462/209/199 859/210/199 910/211/199
f 160/212/200 161/213/200 163/214/200
f 859/210/201 163/214/202 463/215/203
f 263/216/204 460/15/204 162/71/204
f 263/216/205 267/217/205 460/15/205
f 277/221/207 269/222/207 893/223/207
f 970/224/208 893/223/208 965/225/208
f 746/226/209 270/227/209 864/228/209
f 865/229/210 285/230/210 892/231/210
f 969/232/211 892/231/211 88/233/211
f 741/234/212 272/235/212 268/236/212
f 324/237/213 271/238/213 329/239/213
f 324/237/214 278/240/214 271/238/214
f 40/241/215 272/242/215 891/243/215
f 29/244/216 272/242/216 40/241/216
f 269/245/217 277/246/217 860/247/217
f 269/245/218 860/247/218 36/248/218
f 860/247/219 358/249/219 36/248/219
f 304/250/220 38/251/220 356/252/220
f 39/253/221 29/244/221 40/241/221
f 861/254/222 89/255/222 306/256/222
f 861/254/223 306/256/223 877/257/223
f 281/258/224 344/259/224 306/256/224
f 280/260/225 318/261/225 344/259/225
f 280/260/226 862/262/226 318/261/226
f 318/261/227 862/262/227 319/263/227
f 319/263/228 863/264/228 333/265/228
f 863/264/229 278/240/229 324/237/229
f 863/264/230 279/266/230 278/240/230
f 864/228/231 89/255/231 861/254/231
f 729/267/232 281/258/232 89/255/232
f 729/267/233 769/268/233 281/258/233
f 81/269/234 865/229/234 731/270/234
f 279/266/235 865/229/235 969/232/235
f 268/271/236 90/272/236 968/273/236
f 733/274/237 295/275/237 90/272/237
f 295/275/238 734/276/238 96/277/238
f 276/278/239 277/221/239 735/279/239
f 774/280/240 736/281/240 967/282/240
f 292/283/241 293/284/241 291/285/241
f 326/286/242 293/284/242 292/283/242
f 323/287/243 292/283/244 866/288/245
f 323/287/243 326/286/246 292/283/244
f 327/289/247 328/290/247 325/291/247
f 321/292/248 327/289/248 332/293/248
f 45/294/249 324/237/249 329/239/249
f 866/288/250 292/283/250 290/295/250
f 438/296/251 331/297/251 332/293/251
f 321/292/252 332/293/252 331/297/252
f 867/298/253 320/299/254 321/292/253
f 334/300/255 290/295/255 868/301/255
f 290/295/256 291/285/256 275/302/256
f 275/302/257 291/285/257 79/303/257
f 335/304/258 334/300/258 868/301/258
f 336/305/259 438/296/259 580/306/259
f 579/307/260 336/305/260 580/306/260
f 869/308/261 867/298/261 568/309/261
f 44/310/262 869/308/262 568/309/262
f 44/310/263 319/263/263 869/308/263
f 274/311/264 289/312/264 275/302/264
f 872/313/265 289/312/265 274/311/265
f 339/314/266 340/315/267 335/304/268
f 317/316/269 335/304/269 868/301/269
f 870/317/270 340/315/270 930/318/270
f 343/319/271 567/320/271 541/321/271
f 43/322/272 44/310/272 343/319/272
f 44/310/273 568/309/273 567/320/273
f 288/323/274 314/324/274 872/313/274
f 314/324/275 317/316/275 289/312/275
f 313/325/276 312/326/276 339/314/276
f 314/324/277 339/314/277 317/316/277
f 873/327/278 930/318/278 312/326/278
f 341/328/279 870/317/279 873/327/279
f 341/328/280 342/329/280 316/330/280
f 343/319/281 541/321/281 310/331/281
f 346/332/282 343/319/282 310/331/282
f 344/259/283 43/322/283 343/319/283
f 309/333/284 345/334/284 313/325/284
f 874/335/285 873/327/285 600/336/285
f 308/337/286 311/338/286 341/328/286
f 308/337/287 62/339/287 311/338/287
f 273/340/288 309/333/288 287/341/288
f 273/340/289 287/341/289 288/323/289
f 273/340/290 347/342/290 309/333/290
f 93/343/291 347/342/291 273/340/291
f 929/344/292 347/342/292 93/343/292
f 875/345/293 347/342/293 929/344/293
f 876/346/294 875/345/294 963/347/294
f 348/348/295 62/339/295 308/337/295
f 566/349/296 307/350/296 42/351/296
f 881/352/297 284/353/298 878/354/299
f 882/355/300 881/352/297 878/354/299
f 357/363/304 354/364/304 283/365/304
f 283/365/305 354/364/305 878/354/305
f 283/365/306 878/354/306 81/269/306
f 286/368/310 357/363/310 283/365/310
f 35/375/316 883/376/316 303/360/316
f 302/372/317 884/377/317 361/378/317
f 34/379/318 577/380/318 886/381/318
f 577/380/319 269/245/319 36/248/319
f 362/382/320 888/383/320 887/384/320
f 889/385/321 564/386/321 888/383/321
f 599/387/322 363/388/322 890/389/322
f 885/390/323 305/356/323 890/389/323
f 578/358/324 576/391/324 599/387/324
f 272/242/325 578/358/325 891/243/325
f 301/392/326 300/393/326 299/394/326
f 301/392/327 299/394/327 293/284/327
f 325/291/328 365/395/328 364/396/328
f 365/395/329 598/397/329 364/396/329
f 325/291/330 328/290/330 365/395/330
f 329/239/331 271/238/331 563/398/331
f 887/399/332 737/400/332 892/231/332
f 888/401/333 738/402/333 737/400/333
f 739/403/334 92/404/334 91/405/334
f 739/403/335 773/406/335 92/404/335
f 738/402/336 773/406/336 739/403/336
f 773/406/337 772/407/337 92/404/337
f 890/408/338 363/409/338 772/407/338
f 772/407/339 363/409/339 740/410/339
f 597/411/340 747/412/340 300/413/340
f 269/222/341 742/414/341 893/223/341
f 743/415/342 94/416/342 93/417/342
f 743/415/343 771/418/343 94/416/343
f 34/419/344 771/418/344 743/415/344
f 886/420/345 770/421/345 771/418/345
f 770/421/346 361/422/346 744/423/346
f 745/424/347 360/425/347 746/226/347
f 336/305/403 446/514/403 438/296/403
f 870/317/404 436/515/404 439/516/404
f 338/517/405 437/518/405 904/519/405
f 316/330/406 436/515/406 870/317/406
f 331/297/407 437/518/407 338/517/407
f 337/520/408 435/521/408 315/522/408
f 463/215/424 460/15/425 267/217/426
f 265/208/427 457/206/427 165/533/427
f 157/61/428 455/534/428 457/206/428
f 455/534/429 165/533/429 457/206/429
f 906/535/430 138/67/430 143/536/430
f 142/26/431 3/22/431 53/5/431
f 837/24/432 451/17/432 3/22/432
f 487/557/452 510/558/452 485/512/452
f 486/559/453 510/558/453 487/557/453
f 507/560/454 508/561/454 510/558/454
f 508/561/455 497/562/455 509/563/455
f 509/563/456 498/564/456 496/565/456
f 506/566/457 501/567/457 505/568/457
f 505/568/458 501/567/458 569/569/458
f 505/568/459 569/569/459 525/570/459
f 516/585/469 60/586/470 538/587/471
f 506/566/472 505/568/472 550/588/472
f 913/511/473 503/589/473 63/573/473
f 913/511/474 549/590/474 503/589/474
f 492/510/475 914/591/475 913/511/475
f 511/592/476 522/593/476 502/594/476
f 489/595/477 513/596/477 488/575/477
f 512/597/478 915/598/478 513/596/478
f 510/558/479 509/563/479 916/599/479
f 916/599/480 528/600/480 512/597/480
f 513/596/481 917/601/481 589/602/481
f 517/603/482 582/604/482 588/605/482
f 523/606/483 918/607/483 548/608/483
f 523/606/484 544/609/484 918/607/484
f 58/610/485 548/608/485 542/611/485
f 542/611/486 548/608/487 571/612/488
f 919/613/489 519/614/489 523/606/489
f 540/615/490 61/616/490 517/603/490
f 534/617/491 517/603/491 59/618/491
f 518/622/493 521/623/493 569/569/493
f 931/624/494 625/625/494 547/626/494
f 925/627/495 584/628/495 586/629/495
f 584/628/496 529/630/496 586/629/496
f 68/631/497 573/632/497 546/633/497
f 573/632/498 531/634/499 66/635/500
f 524/636/501 539/580/502 920/637/503
f 539/580/504 533/638/505 920/637/506
f 920/637/507 72/639/507 532/640/507
f 528/600/508 533/638/509 537/582/510
f 528/600/508 538/587/511 533/638/509
f 626/641/512 531/634/512 624/619/512
f 525/570/513 569/569/513 531/634/513
f 627/642/514 574/643/514 625/625/514
f 530/644/515 519/614/515 574/643/515
f 572/645/516 536/646/516 535/647/516
f 582/604/517 61/616/517 536/646/517
f 584/628/518 536/646/518 529/630/518
f 536/646/519 61/616/519 500/648/519
f 533/638/520 538/587/520 60/586/520
f 500/648/522 540/615/522 499/651/522
f 496/565/523 498/564/523 538/587/523
f 497/562/524 494/652/524 520/653/524
f 497/562/525 520/653/525 516/585/525
f 545/654/526 530/644/526 627/642/526
f 68/631/527 546/633/527 545/654/527
f 546/633/528 66/635/528 544/609/528
f 547/626/529 495/655/530 526/656/531
f 495/655/532 525/570/532 526/656/532
f 918/607/533 66/635/534 922/657/535
f 65/658/536 918/607/536 922/657/536
f 918/607/533 544/609/537 66/635/534
f 66/635/538 521/623/538 518/622/538
f 514/659/539 922/657/539 518/622/539
f 503/589/540 549/590/540 504/660/540
f 504/660/541 571/612/541 570/661/541
f 57/579/542 923/662/542 914/591/542
f 511/592/543 543/663/543 527/664/543
f 744/423/552 745/424/552 562/667/552
f 563/398/553 924/668/553 328/290/553
f 563/398/554 367/669/554 924/668/554
f 924/668/555 367/669/555 366/670/555
f 564/386/556 738/671/556 888/383/556
f 889/385/557 888/383/557 362/382/557
f 360/672/558 35/375/558 303/360/558
f 311/338/561 541/321/561 342/329/561
f 342/329/562 541/321/562 315/522/562
f 315/522/563 541/321/564 337/520/565
f 867/298/566 321/292/566 338/517/566
f 625/625/568 574/643/568 543/663/568
f 543/663/569 574/643/569 527/664/569
f 574/643/570 519/614/570 522/593/570
f 531/634/571 569/569/571 521/623/571
f 501/567/572 570/661/572 514/659/572
f 501/567/573 514/659/573 518/622/573
f 583/675/576 532/640/576 572/645/576
f 532/640/577 72/639/577 582/604/577
f 532/640/578 582/604/578 536/646/578
f 585/678/579 528/600/579 587/649/579
f 71/679/580 515/680/580 494/652/580
f 588/605/584 72/683/585 926/684/586
f 72/683/587 60/586/587 516/585/587
f 520/653/588 926/684/588 516/585/588
f 927/685/589 71/679/589 494/652/589
f 507/560/590 927/685/590 508/561/590
f 915/598/591 529/630/591 500/648/591
f 512/597/592 529/630/592 915/598/592
f 740/410/599 747/412/599 597/411/599
f 46/513/600 598/397/600 301/392/600
f 930/318/602 340/315/602 339/314/602
f 335/304/603 580/306/603 866/288/603
f 580/306/604 323/287/604 866/288/605
f 580/306/604 330/577/606 323/287/604
f 297/750/687 872/751/687 274/752/687
f 650/738/688 274/752/688 296/753/688
f 296/753/689 274/752/689 275/754/689
f 656/755/690 304/250/690 735/279/690
f 652/746/691 656/755/691 735/279/691
f 304/250/692 276/278/692 735/279/692
f 653/756/693 657/757/693 32/758/693
f 294/759/694 279/266/694 862/262/694
f 32/758/695 657/757/695 280/260/695
f 32/758/696 280/260/696 769/268/696
f 658/760/697 81/269/697 731/270/697
f 655/734/698 658/760/698 731/270/698
f 32/758/699 769/268/700 95/761/701
f 655/734/702 731/270/702 748/762/702
f 296/753/703 295/763/703 96/743/703
f 652/746/704 735/279/704 749/764/704
f 949/826/761 695/827/761 972/828/761
f 979/841/771 788/842/771 973/843/771
f 973/843/772 99/844/772 790/845/772
f 663/740/815 735/279/815 297/750/815
f 297/750/816 735/279/816 774/280/816
f 31/744/817 96/743/817 734/881/817
f 664/774/818 731/270/818 294/759/818
f 294/759/819 731/270/819 732/882/819
f 33/777/820 769/268/820 730/883/820
f 368/884/823 877/885/823 298/886/823
f 368/884/824 298/886/824 876/887/824
f 964/888/825 770/421/825 368/884/825
f 94/416/826 964/888/826 963/889/826
f 93/417/827 94/416/827 929/890/827
f 597/411/828 301/891/828 575/892/828
f 740/410/829 597/411/829 966/893/829
f 367/894/830 966/893/830 366/895/830
f 92/404/831 772/407/831 966/893/831
f 91/405/832 92/404/832 367/894/832
f 774/280/833 288/896/833 872/751/833
f 295/275/834 296/897/834 79/898/834
f 968/273/835 90/272/835 299/899/835
f 969/232/836 278/240/836 279/266/836
f 294/759/837 732/882/837 279/266/837
f 968/900/838 299/901/838 300/413/838
f 969/232/839 88/233/840 278/240/841
f 562/667/842 861/254/842 877/885/842
f 967/282/843 970/224/843 288/896/843
f 970/224/844 965/225/844 273/902/844
f 778/903/845 775/904/845 779/905/845
f 971/906/846 776/907/846 972/828/846
f 777/908/847 99/844/847 778/903/847
f 978/909/848 99/844/848 777/908/848
f 777/908/849 779/905/849 974/910/849
f 974/910/850 779/905/850 796/911/850
f 780/912/851 105/913/851 971/906/851
f 781/914/852 105/913/852 780/912/852
f 780/912/853 971/906/853 975/915/853
f 104/916/854 978/909/854 974/910/854
f 787/917/855 783/918/855 785/919/855
f 786/864/857 781/914/857 714/923/857
f 714/923/858 781/914/858 787/917/858
f 710/924/859 695/827/859 721/849/859
f 710/924/860 785/919/860 695/827/860
f 718/925/861 102/926/861 788/842/861
f 711/861/865 978/909/866 104/916/867
f 708/857/868 790/845/868 712/855/868
f 797/933/871 105/913/871 798/934/871
f 100/935/872 797/933/873 101/936/874
f 105/913/875 781/914/875 798/934/875
f 792/937/876 106/938/876 805/939/876
f 792/937/877 796/911/877 106/938/877
f 797/933/878 782/940/878 784/941/878
f 83/942/879 107/871/879 793/943/879
f 791/944/880 789/945/880 794/946/880
f 709/947/881 711/861/881 789/945/881
f 793/943/882 107/871/882 797/933/882
f 797/933/883 107/871/883 782/940/883
f 103/866/884 798/934/884 786/864/884
f 83/942/885 798/934/886 103/866/887
f 794/946/888 789/945/888 796/911/888
f 796/911/889 789/945/889 104/916/889
f 804/948/890 115/949/890 834/950/890
f 977/929/891 980/951/891 803/927/891
f 804/948/937 834/950/938 830/982/939
f 799/961/942 115/949/942 804/948/942
f 800/930/943 833/979/943 802/976/943
f 1/46/945 117/1/945 119/3/945
f 119/3/946 118/2/946 120/9/946
f 117/1/947 139/47/947 146/4/947
f 117/1/948 1/46/948 139/47/948
f 161/213/949 164/65/949 155/16/949 163/214/949
f 451/17/950 146/4/950 461/6/950
f 121/12/951 122/8/951 2/7/951 125/10/951
f 125/10/952 835/983/952 124/11/952
f 7/13/953 835/983/953 143/536/953 123/63/953
f 128/18/954 126/41/954 835/983/954 125/10/954
f 124/11/955 835/983/955 7/13/955
f 125/10/956 2/7/956 451/17/956
f 128/18/10 451/17/9 837/24/957
f 135/40/958 136/42/958 836/19/958 133/21/958
f 143/536/959 835/983/959 841/43/959
f 835/983/960 126/41/960 841/43/960
f 126/41/961 836/19/961 136/42/961
f 126/41/962 128/18/962 836/19/962
f 133/21/963 127/20/963 838/25/963
f 131/32/964 4/30/964 132/33/964 908/34/964
f 837/24/965 130/23/965 127/20/965
f 128/18/966 837/24/966 836/19/966
f 130/23/967 3/22/967 129/28/967
f 142/26/968 129/28/968 3/22/968
f 459/27/969 452/29/969 129/28/969
f 838/25/970 130/23/970 141/31/970
f 141/31/971 129/28/971 4/30/971
f 908/34/972 453/38/972 140/35/972
f 458/984/973 906/535/973 143/536/973 841/43/973
f 907/36/974 135/40/974 134/37/974
f 453/38/975 134/37/975 140/35/975
f 135/40/976 5/985/976 136/42/976
f 838/25/977 141/31/977 839/39/977
f 839/39/978 141/31/978 131/32/978
f 839/39/979 131/32/979 140/35/979
f 133/21/980 839/39/980 134/37/980
f 1/46/981 458/984/981 840/986/981
f 840/986/982 458/984/982 5/985/982
f 1/46/983 840/986/983 139/47/983
f 5/985/984 458/984/984 841/43/984 136/42/984
f 148/50/985 147/49/985 907/36/985 453/38/985
f 1/46/986 119/3/986 137/44/986
f 906/535/987 454/45/987 138/67/987
f 1/46/988 454/45/988 906/535/988
f 139/47/989 144/93/989 844/48/989
f 146/4/990 149/52/990 142/26/990 53/5/990
f 166/51/30 148/50/30 154/78/30
f 149/52/991 146/4/991 844/48/991
f 459/27/992 142/26/992 149/52/992
f 845/56/993 150/55/993 149/52/993 145/53/993
f 150/55/994 452/29/994 459/27/994 149/52/994
f 171/88/995 151/54/995 147/49/995 166/51/995
f 171/88/996 144/93/996 139/47/996 840/986/996
f 148/50/997 167/57/997 154/78/997
f 150/55/998 148/50/998 908/34/998 132/33/998
f 840/986/999 5/985/999 151/54/999
f 840/986/1000 151/54/1000 171/88/1000
f 160/212/1001 843/64/1001 164/65/1001 161/213/1001
f 132/33/1002 452/29/1002 150/55/1002
f 148/50/1003 150/55/1003 167/57/1003
f 157/61/1006 120/9/1006 455/534/1006
f 158/62/1007 455/534/1007 120/9/1007
f 843/64/1008 842/987/1008 158/62/1008
f 123/63/39 122/8/38 121/12/1009
f 137/44/1010 905/14/1010 454/45/1010
f 156/66/44 137/44/46 157/61/48
f 155/16/1011 123/63/1011 454/45/1011
f 455/534/1012 842/987/1012 165/533/1012
f 842/987/1013 843/64/1013 160/212/1013
f 165/533/1015 842/987/1015 160/212/1015
f 159/72/1016 157/61/1016 457/206/1016
f 9/132/1026 182/99/1026 846/97/1027 197/103/1028
f 14/989/1030 178/102/81 846/97/76 184/109/1031
f 846/97/76 183/100/79 184/109/1031
f 11/990/1032 188/104/83 197/103/82 198/106/1033
f 17/126/1034 200/133/1035 197/103/82
f 200/133/1035 199/107/1036 197/103/82
f 199/107/1036 198/106/1033 197/103/82
f 197/103/1038 189/105/1039 190/131/1040
f 197/103/1038 190/131/1040 9/132/1041
f 14/991/1042 184/109/1042 172/91/1042 194/89/1042
f 193/108/1045 9/132/1045 190/131/1045
f 193/108/1046 190/131/1046 189/105/1046
f 193/108/1047 189/105/1047 188/104/1047
f 193/108/1048 188/104/1048 11/130/1048
f 182/99/1049 9/132/1049 193/108/1049 172/91/1049
f 197/103/82 185/113/96 12/992/1055 175/127/1056
f 846/97/76 201/111/99 13/993/1060 181/76/1061
f 175/127/1056 174/128/1062 197/103/82
f 174/128/1062 173/125/1063 197/103/82
f 173/125/1063 17/126/1034 197/103/82
f 197/103/1028 846/97/1027 179/119/1064 10/83/1064
f 181/76/1061 180/75/1065 846/97/76
f 180/75/1065 179/119/1066 846/97/76
f 146/4/1115 451/17/1115 2/7/1115 118/2/1115
f 165/533/1153 160/212/1153 859/210/1153 265/208/1153
f 263/216/1157 159/72/1157 264/207/1157
f 263/216/1158 162/71/1158 159/72/1158
f 859/210/201 160/212/1160 163/214/202
f 910/211/1161 859/210/1161 463/215/1161
f 463/215/424 163/214/1162 460/15/425
f 893/223/1164 970/224/1164 967/282/1164 736/281/1164
f 746/226/1167 861/254/1167 562/667/1167 745/424/1167
f 736/281/1168 277/221/1168 893/223/1168
f 741/234/1169 968/900/1169 300/413/1169 747/412/1169
f 746/226/1170 360/425/1170 270/227/1170
f 861/254/1171 746/226/1171 864/228/1171
f 969/232/1172 865/229/1172 892/231/1172
f 892/231/1173 285/230/1173 887/384/1173
f 356/252/1174 358/249/1174 860/247/1174 276/995/1174
f 741/234/1175 576/996/1175 272/235/1175
f 968/900/1176 741/234/1176 268/236/1176
f 278/240/841 88/233/840 271/238/1177
f 277/246/1178 276/995/1178 860/247/1178
f 30/997/1179 39/253/1179 38/251/1179 80/998/1179
f 276/995/1180 304/250/1180 356/252/1180
f 733/274/1181 268/271/1181 272/999/1181 29/1000/1181
f 38/251/1182 304/250/1182 80/998/1182
f 39/253/1183 30/997/1183 29/244/1183
f 89/255/1184 281/258/1184 306/256/1184
f 306/256/1185 344/259/1185 346/332/1185
f 281/258/1186 280/260/1186 344/259/1186
f 344/259/1187 318/261/1187 43/322/1187
f 43/322/1188 318/261/1188 44/310/1188
f 862/262/1189 279/266/1189 863/264/1189
f 44/310/1190 318/261/1190 319/263/1190
f 319/263/1191 862/262/1191 863/264/1191
f 333/265/1192 863/264/1192 324/237/1192
f 270/1001/1193 282/1002/1193 864/228/1193
f 864/228/1194 282/1002/1194 729/267/1194
f 864/228/1195 729/267/1195 89/255/1195
f 729/267/1196 282/1002/1196 283/365/1196
f 729/267/1197 730/883/1197 769/268/1197
f 731/270/1198 865/229/1198 732/882/1198
f 81/269/1199 284/353/1199 865/229/1199
f 279/266/1200 732/882/1200 865/229/1200
f 865/229/1201 284/353/1201 285/230/1201
f 364/396/1202 322/574/1202 327/289/1202 325/291/1202
f 268/271/1203 733/274/1203 90/272/1203
f 29/1000/1204 30/1003/1204 733/274/1204
f 733/274/1205 30/1003/1205 80/1004/1205
f 733/274/1206 734/276/1206 295/275/1206
f 735/279/1207 736/281/1207 774/280/1207
f 735/279/1208 277/221/1208 736/281/1208
f 291/285/1209 293/284/1209 299/394/1209
f 291/285/1210 299/394/1210 79/303/1210
f 293/284/1211 326/286/1211 46/513/1211
f 324/237/1212 45/294/1212 320/299/1212 333/265/1212
f 322/574/1213 332/293/1213 327/289/1213
f 321/292/1214 328/290/1214 327/289/1214
f 333/265/1215 320/299/1215 869/308/1215 319/263/1215
f 290/295/1216 292/283/1216 291/285/1216
f 334/300/1217 866/288/1217 290/295/1217
f 580/306/1218 438/296/1218 330/577/1218
f 438/296/1219 332/293/1219 330/577/1219
f 330/577/1220 332/293/1220 322/574/1220
f 338/517/1221 321/292/1221 331/297/1221
f 321/292/253 320/299/254 45/294/1222
f 867/298/1223 869/308/1223 320/299/1223
f 579/307/1224 340/315/1224 871/1005/1224 336/305/1224
f 868/301/1225 290/295/1225 275/302/1225
f 335/304/1226 866/288/1226 334/300/1226
f 275/302/1227 289/312/1227 868/301/1227
f 317/316/1228 339/314/266 335/304/268
f 340/315/1229 579/307/1229 335/304/1229
f 289/312/1230 317/316/1230 868/301/1230
f 870/317/1231 871/1005/1231 340/315/1231
f 285/230/1232 284/353/1232 881/352/1232 880/1006/1232
f 343/319/1233 44/310/1233 567/320/1233
f 872/313/1234 314/324/1234 289/312/1234
f 314/324/1235 313/325/1235 339/314/1235
f 339/314/1236 312/326/1236 930/318/1236
f 873/327/1237 870/317/1237 930/318/1237
f 874/335/1238 341/328/1238 873/327/1238
f 341/328/1239 316/330/1239 870/317/1239
f 341/328/1240 311/338/1240 342/329/1240
f 342/329/1241 315/522/1241 316/330/1241
f 346/332/1242 344/259/1242 343/319/1242
f 287/341/1243 309/333/1243 313/325/1243
f 287/341/1244 313/325/1244 314/324/1244
f 288/323/1245 287/341/1245 314/324/1245
f 313/325/1246 345/334/1246 312/326/1246
f 600/336/1247 308/337/1247 874/335/1247
f 308/337/1248 341/328/1248 874/335/1248
f 307/350/1249 346/332/1250 310/331/1251
f 307/350/1249 310/331/1251 42/351/1252
f 347/342/1253 345/334/1253 309/333/1253
f 963/347/1254 875/345/1254 929/344/1254
f 875/345/1255 600/336/1255 347/342/1255
f 876/346/1256 348/348/1256 875/345/1256
f 348/348/1257 308/337/1257 875/345/1257
f 875/345/1258 308/337/1258 600/336/1258
f 876/346/1259 298/1007/1259 348/348/1259
f 62/339/1260 566/349/1260 42/351/1260
f 877/257/1261 307/350/1261 566/349/1261
f 877/257/1262 306/256/1262 307/350/1262
f 306/256/1263 346/332/1263 307/350/1263
f 285/230/1265 880/1006/1265 887/384/1265
f 878/354/1266 284/353/1266 81/269/1266
f 354/364/1267 882/355/1267 878/354/1267
f 282/1002/1277 286/368/1277 283/365/1277
f 270/1001/1283 286/368/1283 282/1002/1283
f 270/1001/1284 37/362/1284 286/368/1284
f 286/368/1285 37/362/1285 357/363/1285
f 884/377/1293 883/376/1293 35/375/1293 361/378/1293
f 303/360/1294 37/362/1294 270/1001/1294
f 360/672/1295 303/360/1295 270/1001/1295
f 564/386/1296 889/385/1296 885/390/1296 890/389/1296
f 886/381/1297 577/380/1297 302/372/1297
f 886/381/1298 302/372/1298 361/378/1298
f 34/379/1299 269/245/1299 577/380/1299
f 887/384/1300 880/1006/1300 362/382/1300
f 91/405/1301 88/233/1301 737/400/1301 739/403/1301
f 305/356/1302 578/358/1302 599/387/1302
f 890/389/1303 305/356/1303 599/387/1303
f 578/358/1304 272/242/1304 576/391/1304
f 293/284/1305 46/513/1305 301/392/1305
f 46/513/1306 364/396/1306 598/397/1306
f 365/395/1307 366/670/1307 598/397/1307
f 598/397/1308 366/670/1308 575/1009/1308
f 365/395/1309 328/290/1309 924/668/1309
f 365/395/1310 924/668/1310 366/670/1310
f 563/398/1311 271/238/1311 91/1010/1311
f 563/398/1312 91/1010/1312 367/669/1312
f 887/399/1313 888/401/1313 737/400/1313
f 772/407/1314 773/406/1314 564/1011/1314 890/408/1314
f 892/231/1315 737/400/1315 88/233/1315
f 737/400/1316 738/402/1316 739/403/1316
f 738/402/1317 564/1011/1317 773/406/1317
f 93/417/1318 965/225/1318 742/414/1318 743/415/1318
f 747/412/1319 576/996/1319 741/234/1319
f 269/222/1320 34/419/1320 742/414/1320
f 893/223/1322 742/414/1322 965/225/1322
f 742/414/1323 34/419/1323 743/415/1323
f 34/419/1324 886/420/1324 771/418/1324
f 886/420/1325 361/422/1325 770/421/1325
f 744/423/1326 361/422/1326 35/1012/1326
f 446/514/1398 437/518/1398 331/297/1398 438/296/1398
f 336/305/1408 439/516/1408 446/514/1408
f 435/521/1409 436/515/1409 316/330/1409 315/522/1409
f 871/1005/1410 870/317/1410 439/516/1410
f 336/305/1411 871/1005/1411 439/516/1411
f 337/520/1413 338/517/1413 904/519/1413
f 337/520/1414 904/519/1414 435/521/1414
f 155/16/1433 454/45/1433 905/14/1433
f 842/987/1434 455/534/1434 158/62/1434
f 122/8/1435 158/62/1435 120/9/1435
f 143/536/1436 138/67/1436 123/63/1436
f 1/46/1437 906/535/1437 458/984/1437
f 151/54/1438 5/985/1438 135/40/1438
f 151/54/1439 135/40/1439 907/36/1439
f 155/16/1440 460/15/1440 163/214/1440
f 451/17/1441 461/6/1441 53/5/1441
f 118/2/1442 2/7/1442 120/9/1442
f 506/566/1467 490/571/1467 63/573/1467 503/589/1467
f 510/558/1468 508/561/1468 509/563/1468
f 486/559/1469 507/560/1469 510/558/1469
f 508/561/1470 494/652/1470 497/562/1470
f 509/563/1471 497/562/1471 498/564/1471
f 491/572/1472 490/571/1472 506/566/1472
f 504/660/1473 501/567/1473 506/566/1473 503/589/1473
f 501/567/1475 504/660/1475 570/661/1475
f 550/588/1478 64/1027/1478 491/572/1478 506/566/1478
f 550/588/1482 505/568/1482 495/655/1482
f 502/594/1483 58/610/1483 549/590/1483 511/592/1483
f 505/568/1484 525/570/1484 495/655/1484
f 549/590/1485 58/610/1485 542/611/1485
f 492/510/1486 493/578/1486 914/591/1486
f 493/578/1487 57/579/1487 914/591/1487
f 511/592/1488 527/664/1488 522/593/1488
f 511/592/1489 549/590/1489 913/511/1489 914/591/1489
f 534/617/1490 917/601/1490 915/598/1490 499/651/1490
f 56/576/1491 488/575/1491 513/596/1491
f 489/595/1492 512/597/1492 513/596/1492
f 915/598/1493 500/648/1493 499/651/1493
f 512/597/1494 581/686/1494 485/512/1494 916/599/1494
f 513/596/1495 915/598/1495 917/601/1495
f 916/599/1496 509/563/1496 528/600/1496
f 71/679/1497 927/685/1497 917/601/1497 921/1028/1497
f 485/512/1498 510/558/1498 916/599/1498
f 509/563/1499 496/565/1499 528/600/1499
f 56/576/1500 513/596/1500 589/602/1500
f 917/601/1501 534/617/1501 921/1028/1501
f 515/680/1502 71/679/1502 921/1028/1502 59/618/1502
f 589/602/1503 917/601/1503 927/685/1503
f 59/618/1504 517/603/1504 588/605/1504
f 582/604/1505 517/603/1505 61/616/1505
f 65/658/1506 548/608/1506 918/607/1506
f 544/609/1507 523/606/1507 519/614/1507
f 58/610/1508 523/606/1508 548/608/1508
f 523/606/1509 502/594/1509 919/613/1509
f 921/1028/1511 534/617/1511 59/618/1511
f 60/586/1512 72/639/1512 920/637/1512 533/638/1512
f 547/626/1513 625/625/1513 543/663/1513
f 67/714/1514 931/624/1514 547/626/1514
f 585/678/1515 925/627/1515 586/629/1515
f 546/633/1516 573/632/1516 66/635/1516
f 66/635/1517 531/634/1517 521/623/1517
f 583/675/1518 524/636/501 920/637/503
f 514/659/1519 570/661/1519 571/612/1519 65/658/1519
f 587/649/1520 528/600/1520 537/582/1520
f 526/656/1521 525/570/1521 531/634/1521
f 626/641/1522 526/656/1522 531/634/1522
f 627/642/1523 530/644/1523 574/643/1523
f 572/645/1524 532/640/1524 536/646/1524
f 584/628/1525 535/647/1525 536/646/1525
f 529/630/1526 536/646/1526 500/648/1526
f 539/580/504 537/582/1527 533/638/505
f 500/648/1529 61/616/1529 540/615/1529
f 499/651/1530 540/615/1530 517/603/1530
f 499/651/1531 517/603/1531 534/617/1531
f 498/564/1532 497/562/1532 516/585/1532
f 538/587/471 498/564/1533 516/585/469
f 545/654/1534 546/633/1534 530/644/1534
f 530/644/1535 546/633/1535 544/609/1535
f 530/644/1536 544/609/1536 519/614/1536
f 67/714/1537 547/626/1537 526/656/1537
f 547/626/529 543/663/1538 495/655/530
f 542/611/1539 571/612/1539 504/660/1539 549/590/1539
f 571/612/488 548/608/487 65/658/1540
f 514/659/1541 65/658/1541 922/657/1541
f 922/657/1542 66/635/1542 518/622/1542
f 550/588/1543 923/662/1543 57/579/1543 64/1027/1543
f 495/655/1544 543/663/1544 923/662/1544 550/588/1544
f 543/663/1545 511/592/1545 914/591/1545 923/662/1545
f 360/425/1560 745/424/1560 744/423/1560 35/1012/1560
f 566/349/1561 348/348/1561 298/1007/1561 877/257/1561
f 329/239/1562 563/398/1562 328/290/1562
f 310/331/1563 311/338/1563 62/339/1563 42/351/1563
f 348/348/1564 566/349/1564 62/339/1564
f 338/517/1565 337/520/1565 568/309/1565 867/298/1565
f 311/338/1566 310/331/1566 541/321/1566
f 337/520/565 541/321/564 567/320/1567
f 337/520/1568 567/320/1568 568/309/1568
f 527/664/1571 574/643/1571 522/593/1571
f 573/632/498 624/619/1572 531/634/499
f 569/569/1573 501/567/1573 518/622/1573
f 522/593/1574 519/614/1574 919/613/1574
f 522/593/1575 919/613/1575 502/594/1575
f 502/594/1576 523/606/1576 58/610/1576
f 926/684/1578 515/680/1578 59/618/1578 588/605/1578
f 583/675/1580 920/637/1580 532/640/1580
f 585/678/1581 586/629/1581 528/600/1581
f 528/600/1582 496/565/1582 538/587/1582
f 494/652/1583 515/680/1583 520/653/1583
f 520/653/1584 515/680/1584 926/684/1584
f 589/602/1585 507/560/1585 484/687/1585 56/576/1585
f 588/605/584 582/604/1586 72/683/585
f 926/684/1587 72/683/1587 516/585/1587
f 486/559/1588 484/687/1588 507/560/1588
f 507/560/1590 589/602/1590 927/685/1590
f 508/561/1591 927/685/1591 494/652/1591
f 489/595/1592 581/686/1592 512/597/1592
f 529/630/1593 512/597/1593 528/600/1593
f 529/630/1594 528/600/1594 586/629/1594
f 576/996/1607 747/412/1607 740/410/1607 363/409/1607
f 312/326/1608 345/334/1608 600/336/1608 873/327/1608
f 301/392/1609 598/397/1609 575/1009/1609
f 363/388/1610 599/387/1610 576/391/1610
f 347/342/1611 600/336/1611 345/334/1611
f 335/304/1613 579/307/1613 580/306/1613
f 734/881/1656 656/755/1656 651/780/1656 31/744/1656
f 650/738/1658 297/750/1658 274/752/1658
f 650/738/1659 663/740/1659 297/750/1659
f 296/753/1660 275/754/1660 79/898/1660
f 730/883/1661 658/760/1661 654/781/1661 33/777/1661
f 656/755/1662 80/998/1662 304/250/1662
f 652/746/1663 651/780/1663 656/755/1663
f 653/756/1664 294/759/1664 657/757/1664
f 653/756/1665 664/774/1665 294/759/1665
f 657/757/1666 294/759/1666 862/262/1666
f 280/260/1667 657/757/1667 862/262/1667
f 658/760/1669 283/365/1669 81/269/1669
f 655/734/1670 654/781/1670 658/760/1670
f 95/761/701 769/268/700 33/777/1671
f 972/828/1714 784/941/1714 782/940/1714 949/826/1714
f 695/827/1715 785/919/1715 783/918/1715
f 979/841/1746 973/843/1746 790/845/1746
f 733/1037/1800 80/998/1800 656/755/1800 734/881/1800
f 663/740/1806 749/764/1806 735/279/1806
f 729/267/1807 283/365/1807 658/760/1807 730/883/1807
f 664/774/1808 748/762/1808 731/270/1808
f 695/827/1809 783/918/1809 975/915/1809 972/828/1809
f 744/423/1810 562/667/1810 368/884/1810
f 368/884/1811 562/667/1811 877/885/1811
f 770/421/1812 744/423/1812 368/884/1812
f 964/888/1813 771/418/1813 770/421/1813
f 963/889/1814 964/888/1814 368/884/1814
f 876/887/1815 963/889/1815 368/884/1815
f 929/890/1816 94/416/1816 963/889/1816
f 964/888/1817 94/416/1817 771/418/1817
f 273/1038/1818 965/225/1818 93/417/1818
f 597/411/1819 300/413/1819 301/891/1819
f 966/893/1820 575/892/1820 366/895/1820
f 772/407/1821 740/410/1821 966/893/1821
f 966/893/1822 597/411/1822 575/892/1822
f 367/894/1823 92/404/1823 966/893/1823
f 271/1039/1824 88/233/1824 91/405/1824
f 774/280/1825 967/282/1825 288/896/1825
f 872/751/1826 297/750/1826 774/280/1826
f 79/898/1827 90/272/1827 295/275/1827
f 299/899/1828 90/272/1828 79/898/1828
f 281/258/1829 769/268/1829 280/260/1829
f 288/896/1830 970/224/1830 273/902/1830
f 779/905/1831 775/904/1831 106/938/1831
f 106/938/1832 775/904/1832 973/843/1832 788/842/1832
f 975/915/1833 971/906/1833 972/828/1833
f 972/828/1834 776/907/1834 784/941/1834
f 778/903/1835 99/844/1835 973/843/1835
f 784/941/1836 776/907/1836 971/906/1836 105/913/1836
f 778/903/1837 973/843/1837 775/904/1837
f 785/919/1838 707/1034/1838 714/923/1838 787/917/1838
f 974/910/1839 978/909/1839 777/908/1839
f 104/916/1840 974/910/1840 796/911/1840
f 777/908/1841 778/903/1841 779/905/1841
f 787/917/1842 781/914/1842 780/912/1842
f 787/917/1843 975/915/1843 783/918/1843
f 787/917/1844 780/912/1844 975/915/1844
f 790/845/1845 99/844/1845 978/909/1845
f 788/842/1846 795/1040/1846 106/938/1846
f 710/924/1847 707/1034/1847 785/919/1847
f 788/842/1848 979/841/1848 708/857/1848 718/925/1848
f 723/1036/1849 721/849/1849 949/826/1849
f 721/849/1850 695/827/1850 949/826/1850
f 723/1036/1851 949/826/1851 782/940/1851
f 107/871/1852 723/1036/1852 782/940/1852
f 788/842/1853 102/926/1853 795/1040/1853
f 711/861/865 712/855/1854 978/909/866
f 712/855/1855 790/845/1855 978/909/1855
f 708/857/1856 979/841/1856 790/845/1856
f 795/1040/1857 709/947/1857 791/944/1857 805/939/1857
f 789/945/1858 711/861/1858 104/916/1858
f 709/947/1859 795/1040/1859 102/926/1859
f 791/944/1861 709/947/1861 789/945/1861
f 83/942/1862 103/866/1862 107/871/1862
f 101/936/874 797/933/873 798/934/1863
f 106/938/1864 796/911/1864 779/905/1864
f 797/933/1865 784/941/1865 105/913/1865
f 798/934/1866 781/914/1866 786/864/1866
f 100/935/1867 793/943/1867 797/933/1867
f 83/942/885 101/936/1868 798/934/886
f 805/939/1869 106/938/1869 795/1040/1869
f 792/937/1870 794/946/1870 796/911/1870
f 114/980/1871 801/952/1871 832/981/1871
f 977/929/1872 804/948/937 830/982/939
f 803/927/1873 115/949/1873 799/961/1873
f 803/927/1874 980/951/1874 115/949/1874
f 977/929/1896 830/982/1896 980/951/1896
f 800/930/1898 801/952/1898 114/980/1898
f 800/930/1900 114/980/1900 833/979/1900
usemtl Material.001
f 847/114/103 185/115/103 12/116/103
f 206/117/104 10/118/105 187/82/106
f 206/117/107 187/82/107 186/81/107
f 10/118/105 206/117/104 179/119/108
f 180/120/109 215/121/109 181/76/109
f 13/77/110 849/122/110 201/111/110
f 203/98/111 217/123/111 18/96/111
f 201/111/112 849/122/112 202/112/112
f 848/124/113 173/125/113 17/126/113
f 847/114/114 12/116/114 175/127/114
f 847/114/115 175/127/115 174/128/115
f 188/104/116 218/129/116 11/130/116
f 189/105/117 218/129/117 188/104/117
f 190/131/118 218/129/118 189/105/118
f 9/132/119 218/129/119 190/131/119
f 200/133/120 848/124/120 17/126/120
f 199/107/121 848/124/121 200/133/121
f 11/130/122 218/129/122 198/106/122
f 19/134/123 209/135/123 215/121/123
f 207/136/124 216/137/124 848/124/124
f 849/122/125 214/138/125 217/123/125
f 205/139/126 211/140/126 210/141/126
f 217/123/127 214/138/127 208/142/127
f 218/129/128 20/143/128 848/124/128
f 212/144/129 19/134/129 206/117/129
f 19/134/130 215/121/130 206/117/130
f 232/145/131 223/146/131 224/147/131
f 21/148/132 220/149/132 850/150/132
f 225/151/133 261/152/133 236/153/133
f 233/154/134 851/155/134 234/156/134
f 219/157/135 221/158/135 851/155/135
f 261/152/136 852/159/136 246/160/136
f 219/157/137 22/161/137 221/158/137
f 221/158/138 228/162/138 226/163/138
f 852/159/139 22/161/139 219/157/139
f 854/164/140 231/165/140 852/159/140
f 229/166/141 230/167/141 222/168/141
f 229/166/142 855/169/142 230/167/142
f 222/168/143 230/167/143 850/150/143
f 853/170/144 220/149/144 21/148/144
f 853/170/145 225/151/145 220/149/145
f 854/164/146 852/159/146 225/151/146
f 228/162/147 22/161/147 23/171/147
f 223/146/148 228/162/148 227/172/148
f 227/172/149 23/171/149 855/169/149
f 227/172/150 855/169/150 229/166/150
f 856/173/165 262/175/165 207/136/165
f 239/187/166 212/144/166 216/137/166
f 238/188/167 19/134/167 212/144/167
f 19/134/168 240/189/168 209/135/168
f 849/122/169 25/190/169 214/138/169
f 210/141/170 241/186/170 213/191/170
f 211/140/171 243/192/171 242/179/171
f 210/141/172 242/179/172 241/186/172
f 208/142/173 26/193/173 243/192/173
f 208/142/174 214/138/174 26/193/174
f 660/749/705 82/765/705 752/745/705
f 97/766/706 716/767/706 713/768/706
f 661/769/707 97/766/707 940/770/707
f 98/771/708 666/772/709 688/773/710
f 659/741/711 98/771/711 938/739/711
f 84/782/722 941/783/722 706/784/722
f 689/785/723 681/786/723 941/783/723
f 941/783/724 681/786/724 680/787/724
f 941/783/725 680/787/725 701/788/725
f 757/792/729 675/793/729 944/794/729
f 698/795/730 943/796/730 942/797/730
f 665/798/731 677/799/731 943/796/731
f 943/796/732 677/799/732 676/800/732
f 942/797/733 676/800/733 692/801/733
f 662/737/734 939/802/734 750/778/734
f 938/739/735 668/803/735 768/742/735
f 98/771/708 688/773/710 668/803/736
f 940/770/737 713/768/738 667/804/739
f 940/770/737 667/804/739 767/775/740
f 944/794/741 673/805/741 85/806/741
f 944/794/742 675/793/742 676/800/742
f 674/807/743 673/805/743 677/799/743
f 945/808/744 681/786/744 960/809/744
f 945/808/745 679/810/745 680/787/745
f 756/811/746 696/812/746 766/813/746
f 765/814/747 679/810/747 945/808/747
f 692/801/748 676/800/749 675/793/750
f 697/815/751 692/801/751 946/816/751
f 758/817/752 683/818/752 764/819/752
f 761/820/753 758/817/753 764/819/753
f 764/819/754 683/818/754 689/785/754
f 701/788/755 680/787/756 679/810/757
f 704/821/758 701/788/758 947/822/758
f 699/823/759 697/815/759 948/824/759
f 948/824/760 697/815/760 693/825/760
f 688/773/762 763/829/762 668/803/762
f 672/830/763 698/795/763 950/831/763
f 950/831/764 698/795/764 942/797/764
f 693/825/765 687/832/765 951/833/765
f 687/832/766 757/792/766 951/833/766
f 951/833/767 762/834/767 957/835/767
f 952/836/768 705/837/768 953/838/768
f 758/817/769 761/820/769 754/839/769
f 953/838/770 760/840/770 97/766/770
f 690/846/773 84/782/773 706/784/773
f 717/847/774 85/806/774 674/807/774
f 717/847/775 686/848/775 696/812/775
f 721/849/776 722/850/776 720/851/776
f 724/852/777 682/853/777 678/854/777
f 712/855/778 954/856/778 708/857/778
f 666/772/779 86/858/779 954/856/779
f 954/856/780 86/858/780 725/859/780
f 726/860/781 696/812/781 756/811/781
f 711/861/782 726/860/782 688/773/782
f 715/862/783 702/863/783 667/804/783
f 786/864/784 955/865/784 103/866/784
f 716/767/785 87/867/785 955/865/785
f 955/865/786 87/867/786 728/868/786
f 725/859/787 86/858/787 694/869/787
f 720/851/788 702/863/789 727/870/790
f 720/851/791 683/818/791 702/863/791
f 103/866/792 728/868/792 107/871/792
f 728/868/793 87/867/793 703/872/793
f 97/766/794 956/873/794 87/867/794
f 97/766/795 760/840/795 956/873/795
f 956/873/796 759/874/796 703/872/796
f 700/875/797 958/876/797 84/782/797
f 957/835/798 762/834/798 694/869/798
f 672/830/799 755/877/799 698/795/799
f 755/877/800 763/829/800 959/878/800
f 764/819/801 689/785/801 958/876/801
f 958/876/802 689/785/802 84/782/802
f 766/813/803 665/798/803 959/878/803
f 959/878/804 665/798/804 943/796/804
f 682/853/805 945/808/805 678/854/805
f 678/854/806 945/808/806 960/809/806
f 683/818/807 684/879/807 689/785/807
f 685/880/808 944/794/808 85/806/808
f 672/830/809 668/803/809 755/877/809
f 762/834/810 685/880/810 694/869/810
f 186/81/1068 185/115/1068 847/114/1068 206/117/1068
f 849/122/1069 13/77/1069 181/76/1069 215/121/1069
f 215/121/1070 180/120/1070 179/119/1070 206/117/1070
f 217/123/1071 203/98/1071 202/112/1071 849/122/1071
f 174/128/1072 173/125/1072 848/124/1072 847/114/1072
f 205/139/1073 218/129/1073 9/132/1073 182/99/1073
f 204/994/1074 205/139/1074 184/109/1074 14/991/1074
f 182/99/1075 183/110/1075 205/139/1075
f 183/110/1076 184/109/1076 205/139/1076
f 217/123/1077 204/994/1077 178/102/1077 177/101/1077
f 14/991/1078 178/102/1078 204/994/1078
f 848/124/1079 199/107/1079 198/106/1079 218/129/1079
f 177/101/1080 176/98/1080 217/123/1080
f 176/98/1081 18/96/1081 217/123/1081
f 213/191/1082 218/129/1082 205/139/1082 210/141/1082
f 215/121/1083 209/135/1083 849/122/1083
f 848/124/1084 216/137/1084 847/114/1084
f 208/142/1085 211/140/1085 205/139/1085 204/994/1085
f 218/129/1086 213/191/1086 20/143/1086
f 222/168/1087 24/205/1087 858/203/1087 229/166/1087
f 204/994/1088 217/123/1088 208/142/1088
f 848/124/1089 20/143/1089 207/136/1089
f 216/137/1090 206/117/1090 847/114/1090
f 216/137/1091 212/144/1091 206/117/1091
f 236/153/1092 237/204/1092 220/149/1092 225/151/1092
f 24/205/1093 222/168/1093 850/150/1093
f 24/205/1094 850/150/1094 237/204/1094
f 226/163/1095 223/146/1095 235/177/1095 234/156/1095
f 850/150/1096 220/149/1096 237/204/1096
f 858/203/1097 224/147/1097 229/166/1097
f 232/145/1098 224/147/1098 858/203/1098
f 225/151/1099 852/159/1099 261/152/1099
f 219/157/1100 233/154/1100 246/160/1100 852/159/1100
f 232/145/1101 235/177/1101 223/146/1101
f 233/154/1102 219/157/1102 851/155/1102
f 851/155/1103 221/158/1103 226/163/1103
f 234/156/1104 851/155/1104 226/163/1104
f 853/170/1105 230/167/1105 855/169/1105 854/164/1105
f 221/158/1106 22/161/1106 228/162/1106
f 852/159/1107 231/165/1107 22/161/1107
f 224/147/1108 223/146/1108 227/172/1108
f 850/150/1109 230/167/1109 21/148/1109
f 230/167/1110 853/170/1110 21/148/1110
f 224/147/1111 227/172/1111 229/166/1111
f 853/170/1112 854/164/1112 225/151/1112
f 223/146/1113 226/163/1113 228/162/1113
f 227/172/1114 228/162/1114 23/171/1114
f 22/161/1116 231/165/1116 23/171/1116
f 231/165/1118 854/164/1118 23/171/1118
f 855/169/1119 23/171/1119 854/164/1119
f 25/190/1128 849/122/1128 209/135/1128 240/189/1128
f 20/143/1129 856/173/1129 207/136/1129
f 239/187/1130 238/188/1130 212/144/1130
f 19/134/1131 238/188/1131 240/189/1131
f 216/137/1132 207/136/1132 262/175/1132 239/187/1132
f 856/173/1133 20/143/1133 213/191/1133 241/186/1133
f 210/141/1135 211/140/1135 242/179/1135
f 211/140/1136 208/142/1136 243/192/1136
f 26/193/1137 214/138/1137 25/190/1137
f 681/786/1668 689/785/1668 684/879/1668 960/809/1668
f 660/749/1672 669/748/1673 82/765/1673
f 661/769/1674 961/779/1674 97/766/1674
f 750/778/1675 939/802/1675 97/766/1675
f 939/802/1676 953/838/1676 97/766/1676
f 659/741/1677 962/776/1677 98/771/1677
f 706/1031/1684 941/783/1684 701/788/1684
f 84/782/1685 689/785/1685 941/783/1685
f 757/792/1686 687/832/1686 675/793/1686
f 762/834/1687 757/792/1688 944/794/1689
f 942/797/1690 943/796/1690 676/800/1690
f 699/823/1691 942/797/1691 692/801/1691
f 662/737/1692 671/736/1693 939/802/1694
f 669/748/1695 753/747/1695 672/830/1695
f 669/748/1673 672/830/1696 82/765/1673
f 752/745/1697 82/765/1698 98/771/1699
f 938/739/1700 98/771/1700 668/803/1700
f 671/736/1701 751/735/1701 670/1032/1701
f 671/736/1693 670/1032/1702 939/802/1694
f 940/770/1703 97/766/1703 713/768/1703
f 673/805/1704 944/794/1704 676/800/1704
f 665/798/1705 686/848/1705 677/799/1705
f 686/848/1706 674/807/1706 677/799/1706
f 674/807/1707 85/806/1707 673/805/1707
f 673/805/1708 676/800/1708 677/799/1708
f 679/810/1709 765/814/1709 759/874/1709 705/837/1709
f 681/786/1710 945/808/1710 680/787/1710
f 763/829/1711 756/811/1711 766/813/1711
f 766/813/1712 696/812/1712 686/848/1712
f 665/798/1713 766/813/1713 686/848/1713
f 946/816/1716 692/801/748 675/793/750
f 687/832/1717 697/815/1717 946/816/1717
f 697/815/1718 699/823/1718 692/801/1718
f 687/832/1719 946/816/1719 675/793/1719
f 758/817/1720 702/863/1720 683/818/1720
f 947/822/1721 701/788/755 679/810/757
f 705/837/1722 704/821/1722 947/822/1722
f 704/821/1723 706/1031/1723 701/788/1723
f 705/837/1724 947/822/1724 679/810/1724
f 82/765/1725 948/824/1725 693/825/1725
f 82/765/1726 950/831/1727 948/824/1728
f 950/831/1729 699/823/1729 948/824/1729
f 693/825/1730 697/815/1730 687/832/1730
f 957/835/1731 98/771/1731 82/765/1731 951/833/1731
f 688/773/1732 756/811/1732 763/829/1732
f 82/765/1726 672/830/1733 950/831/1727
f 699/823/1734 950/831/1734 942/797/1734
f 704/821/1735 952/836/1735 690/846/1735 706/1031/1735
f 82/765/1736 693/825/1736 951/833/1736
f 951/833/1737 757/792/1737 762/834/1737
f 939/802/1738 952/836/1738 953/838/1738
f 939/802/1739 691/1033/1739 952/836/1739
f 691/1033/1740 690/846/1740 952/836/1740
f 759/874/1741 760/840/1741 953/838/1741 705/837/1741
f 952/836/1742 704/821/1742 705/837/1742
f 667/804/1743 758/817/1743 754/839/1743
f 667/804/1744 702/863/1744 758/817/1744
f 700/875/1745 690/846/1745 691/1033/1745 670/1032/1745
f 939/802/1747 670/1032/1747 691/1033/1747
f 688/773/1748 666/772/1748 712/855/1748 711/861/1748
f 690/846/1749 700/875/1749 84/782/1749
f 713/768/1750 714/923/1750 707/1034/1750 715/862/1750
f 85/806/1751 717/847/1751 719/1035/1751 685/880/1751
f 715/862/1752 667/804/1752 713/768/1752
f 716/767/1753 714/923/1753 713/768/1753
f 102/926/1754 718/925/1754 717/847/1754
f 717/847/1755 674/807/1755 686/848/1755
f 718/925/1756 719/1035/1756 717/847/1756
f 960/809/1757 722/850/1757 724/852/1757 678/854/1757
f 721/849/1758 723/1036/1758 722/850/1758
f 720/851/1759 722/850/1759 960/809/1759
f 720/851/1760 960/809/1760 684/879/1760
f 723/1036/1761 724/852/1761 722/850/1761
f 725/859/1762 719/1035/1762 718/925/1762 708/857/1762
f 708/857/1763 954/856/1763 725/859/1763
f 712/855/1764 666/772/1764 954/856/1764
f 666/772/1765 98/771/1765 86/858/1765
f 711/861/1766 709/947/1766 726/860/1766
f 688/773/1767 726/860/1767 756/811/1767
f 707/1034/1768 727/870/1768 715/862/1768
f 715/862/1769 727/870/1769 702/863/1769
f 707/1034/1770 710/924/1770 727/870/1770
f 103/866/1771 955/865/1771 728/868/1771
f 786/864/1772 714/923/1772 955/865/1772
f 714/923/1773 716/767/1773 955/865/1773
f 716/767/1774 97/766/1774 87/867/1774
f 694/869/1775 685/880/1775 719/1035/1775 725/859/1775
f 728/868/1776 724/852/1776 723/1036/1776 107/871/1776
f 102/926/1777 696/812/1777 726/860/1777
f 709/947/1778 102/926/1778 726/860/1778
f 102/926/1779 717/847/1779 696/812/1779
f 721/849/1780 720/851/788 727/870/790
f 710/924/1781 721/849/1781 727/870/1781
f 720/851/1782 684/879/1782 683/818/1782
f 703/872/1783 682/853/1783 724/852/1783 728/868/1783
f 761/820/1784 700/875/1784 670/1032/1784 754/839/1784
f 956/873/1785 760/840/1785 759/874/1785
f 87/867/1786 956/873/1786 703/872/1786
f 682/853/1787 703/872/1787 759/874/1787 765/814/1787
f 700/875/1788 761/820/1788 958/876/1788
f 86/858/1789 957/835/1789 694/869/1789
f 86/858/1790 98/771/1790 957/835/1790
f 755/877/1791 668/803/1791 763/829/1791
f 698/795/1792 755/877/1792 959/878/1792
f 761/820/1793 764/819/1793 958/876/1793
f 668/803/1794 672/830/1794 753/747/1794 768/742/1794
f 765/814/1795 945/808/1795 682/853/1795
f 698/795/1796 959/878/1796 943/796/1796
f 763/829/1797 766/813/1797 959/878/1797
f 667/804/1798 670/1032/1798 751/735/1798 767/775/1798
f 962/776/1799 752/745/1697 98/771/1699
f 670/1032/1801 667/804/1801 754/839/1801
f 762/834/1687 944/794/1689 685/880/1802
f 961/779/1805 750/778/1805 97/766/1805
usemtl Extenders.001
f 8/58/35 15/59/35 153/60/35
f 465/68/50 473/69/50 472/70/50
f 844/48/55 192/73/56 195/74/57
f 192/73/58 180/75/58 181/76/58
f 192/73/59 181/76/59 13/77/59
f 154/78/60 152/79/60 166/51/60
f 191/80/61 186/81/61 187/82/61
f 191/80/62 187/82/62 10/83/62
f 447/84/63 6/85/63 145/53/63
f 845/56/64 449/86/64 167/57/64
f 154/78/65 168/87/65 152/79/65
f 171/88/66 15/59/66 8/58/66
f 194/89/67 195/74/68 196/90/69
f 172/91/70 16/92/70 194/89/70
f 171/88/71 192/73/71 144/93/71
f 191/80/72 171/88/72 169/94/72
f 192/73/73 171/88/73 191/80/73
f 172/91/74 170/95/74 8/58/74
f 170/95/85 198/106/85 199/107/85
f 196/90/89 201/111/89 202/112/89
f 196/90/90 202/112/90 203/98/90
f 196/90/91 203/98/91 18/96/91
f 194/89/92 176/98/92 177/101/92
f 196/90/100 195/74/57 192/73/56
f 171/88/101 166/51/101 15/59/101
f 152/79/102 15/59/102 166/51/102
f 856/173/151 255/174/152 262/175/153
f 234/156/154 248/176/154 233/154/154
f 235/177/155 248/176/155 234/156/155
f 233/154/156 247/178/157 246/160/158
f 242/179/159 260/180/159 259/181/159
f 232/145/160 27/182/161 252/183/162
f 232/145/160 252/183/162 250/184/163
f 242/179/164 257/185/164 241/186/164
f 260/180/175 247/178/175 248/176/175
f 259/181/176 249/194/176 257/185/176
f 256/195/177 246/160/177 26/193/177
f 27/182/178 262/175/178 255/174/178
f 254/196/179 251/197/179 253/198/179
f 251/197/180 245/199/180 253/198/180
f 253/198/181 245/199/181 256/195/181
f 244/200/182 254/196/182 857/201/182
f 27/182/183 244/200/183 262/175/183
f 250/184/184 252/183/184 258/202/184
f 235/177/185 250/184/185 249/194/185
f 235/177/186 249/194/186 248/176/186
f 238/188/187 857/201/187 253/198/187
f 253/198/188 857/201/188 254/196/188
f 261/152/189 246/160/189 245/199/189
f 238/188/190 253/198/190 240/189/190
f 858/203/191 27/182/191 232/145/191
f 237/204/192 245/199/192 251/197/192
f 24/205/193 251/197/193 244/200/193
f 476/218/206 456/219/206 55/220/206
f 45/294/396 492/510/396 913/511/396
f 326/286/397 485/512/397 46/513/397
f 904/519/409 445/523/409 435/521/409
f 439/516/410 444/524/410 446/514/410
f 435/521/411 445/523/411 440/525/411
f 439/516/412 441/526/412 450/527/412
f 904/519/413 442/528/413 448/529/413
f 446/514/414 444/524/414 443/530/414
f 15/59/415 441/526/415 153/60/415
f 152/79/416 450/527/416 15/59/416
f 168/87/417 443/530/417 444/524/417
f 6/85/418 442/528/418 449/86/418
f 6/85/419 448/529/419 442/528/419
f 16/92/420 445/523/420 447/84/420
f 440/525/421 16/92/421 153/60/421
f 465/68/422 909/531/422 473/69/422
f 55/220/423 456/219/423 481/532/423
f 911/540/438 468/541/438 471/542/438
f 475/543/439 467/544/439 468/541/439
f 911/540/440 471/542/440 474/545/440
f 474/545/441 471/542/441 470/546/441
f 473/69/442 909/531/442 470/546/442
f 470/546/443 469/547/443 473/69/443
f 472/70/444 54/548/444 464/537/444
f 55/220/445 468/541/445 476/218/445
f 467/544/446 54/548/446 28/549/446
f 477/550/447 28/549/447 478/551/447
f 28/549/448 54/548/448 469/547/448
f 482/552/449 480/553/449 483/554/449
f 456/219/450 479/555/450 481/532/450
f 266/556/451 481/532/451 483/554/451
f 490/571/460 491/572/460 328/290/460
f 321/292/461 490/571/461 328/290/461
f 63/573/462 490/571/462 321/292/462
f 322/574/463 488/575/463 56/576/463
f 330/577/464 322/574/464 56/576/464
f 45/294/465 493/578/465 492/510/465
f 329/239/466 57/579/466 493/578/466
f 321/292/546 913/511/546 63/573/546
f 364/396/593 581/686/593 489/595/593
f 330/577/594 484/687/594 323/287/594
f 484/687/595 486/559/595 323/287/595
f 655/734/679 751/735/679 671/736/679
f 655/734/680 671/736/680 662/737/680
f 650/738/681 938/739/681 663/740/681
f 659/741/682 938/739/682 650/738/682
f 938/739/683 768/742/683 663/740/683
f 96/743/684 31/744/684 752/745/684
f 652/746/685 753/747/685 669/748/685
f 652/746/686 669/748/686 660/749/686
f 653/756/712 940/770/712 664/774/712
f 661/769/713 940/770/713 653/756/713
f 940/770/714 767/775/714 664/774/714
f 663/740/715 768/742/715 749/764/715
f 296/753/716 962/776/716 659/741/716
f 95/761/717 33/777/717 750/778/717
f 32/758/718 961/779/718 661/769/718
f 31/744/719 651/780/719 752/745/719
f 664/774/720 767/775/720 748/762/720
f 33/777/721 654/781/721 750/778/721
f 808/789/726 817/790/727 810/791/728
f 748/762/811 751/735/811 655/734/811
f 95/761/812 750/778/812 961/779/812
f 32/758/813 95/761/813 961/779/813
f 749/764/814 753/747/814 652/746/814
f 96/743/821 752/745/821 962/776/821
f 296/753/822 96/743/822 962/776/822
f 976/920/856 813/921/856 824/922/856
f 803/927/862 815/928/863 977/929/864
f 800/930/869 112/931/870 820/932/869
f 800/930/869 823/943/892 801/952/893
f 806/953/894 807/954/727 109/955/895
f 806/953/894 111/956/896 807/954/727
f 976/920/856 828/957/856 812/958/856
f 814/959/897 110/960/898 799/961/899
f 799/961/899 110/960/898 815/928/900
f 824/922/856 828/957/856 976/920/856
f 812/958/856 826/958/856 811/962/856
f 811/962/856 826/958/856 113/963/856
f 109/955/913 816/967/913 817/790/913
f 814/959/914 816/967/914 109/955/914
f 111/956/915 815/928/915 110/960/915
f 817/790/916 816/967/916 981/968/916
f 818/969/917 815/928/917 111/956/917
f 977/929/864 816/967/918 804/948/919
f 981/968/920 977/929/864 815/928/863
f 108/964/921 817/790/727 818/969/922
f 799/961/899 804/948/919 814/959/897
f 806/953/894 109/955/895 808/789/726
f 827/970/923 821/971/923 824/922/923
f 828/957/924 822/972/924 819/973/924
f 826/958/925 823/943/925 113/963/925
f 825/974/926 112/931/926 827/970/926
f 113/963/927 823/943/927 820/932/927
f 982/975/928 112/931/870 802/976/870
f 829/966/856 825/974/856 827/970/856
f 813/921/856 829/966/856 827/970/856
f 801/952/893 823/943/892 819/973/928
f 819/973/928 822/972/929 821/971/928
f 116/977/930 831/978/931 833/979/932
f 114/980/933 832/981/934 833/979/932
f 834/950/935 115/949/936 830/982/936
f 802/976/940 831/978/940 982/975/940
f 801/952/941 116/977/941 832/981/941
f 982/975/944 831/978/944 116/977/944
f 172/91/1004 153/60/1004 16/92/1004
f 172/91/1005 8/58/1005 153/60/1005
f 179/119/1014 192/73/1014 191/80/1014 10/83/1014
f 844/48/1017 144/93/1017 192/73/1017
f 6/85/1018 449/86/1018 845/56/1018 145/53/1018
f 192/73/1019 179/119/1019 180/75/1019
f 185/113/1020 191/80/1020 169/94/1020 12/988/1020
f 8/58/1021 170/95/1021 169/94/1021 171/88/1021
f 191/80/1022 185/113/1022 186/81/1022
f 844/48/1023 447/84/1023 145/53/1023
f 167/57/1024 449/86/1024 168/87/1024
f 154/78/1025 167/57/1025 168/87/1025
f 194/89/67 16/92/1029 195/74/68
f 11/130/1037 198/106/1037 170/95/1037 193/108/1037
f 170/95/1043 199/107/1043 200/133/1043
f 170/95/1044 200/133/1044 17/126/1044
f 13/77/1050 201/111/1050 196/90/1050 192/73/1050
f 18/96/1051 176/98/1051 194/89/1051 196/90/1051
f 173/125/1052 169/94/1052 170/95/1052 17/126/1052
f 194/89/1053 177/101/1053 178/102/1053
f 194/89/1054 178/102/1054 14/991/1054
f 169/94/1057 173/125/1057 174/128/1057
f 169/94/1058 174/128/1058 175/127/1058
f 169/94/1059 175/127/1059 12/988/1059
f 447/84/1067 844/48/1067 195/74/1067 16/92/1067
f 258/202/1117 856/173/1117 241/186/1117 257/185/1117
f 856/173/151 258/202/1120 255/174/152
f 233/154/156 248/176/1121 247/178/157
f 243/192/1122 26/193/1123 260/180/1124
f 242/179/1125 243/192/1122 260/180/1124
f 242/179/1126 259/181/1126 257/185/1126
f 27/182/1127 858/203/1127 24/205/1127 244/200/1127
f 246/160/1134 247/178/1134 260/180/1134 26/193/1134
f 250/184/1138 258/202/1138 257/185/1138 249/194/1138
f 259/181/1139 260/180/1139 248/176/1139
f 256/195/1140 25/190/1140 240/189/1140 253/198/1140
f 259/181/1141 248/176/1141 249/194/1141
f 256/195/1142 245/199/1142 246/160/1142
f 252/183/1143 27/182/1143 255/174/1143
f 254/196/1144 244/200/1144 251/197/1144
f 262/175/1145 244/200/1145 857/201/1145
f 258/202/1146 252/183/1146 255/174/1146
f 235/177/1147 232/145/1147 250/184/1147
f 857/201/1148 239/187/1149 262/175/1150
f 238/188/1151 239/187/1149 857/201/1148
f 236/153/1152 261/152/1152 245/199/1152
f 24/205/1154 237/204/1154 251/197/1154
f 237/204/1155 236/153/1155 245/199/1155
f 25/190/1156 256/195/1156 26/193/1156
f 482/552/1159 28/549/1159 477/550/1159 480/553/1159
f 476/218/1163 479/555/1163 456/219/1163
f 466/539/1165 475/543/1165 911/540/1165
f 466/539/1166 912/538/1166 475/543/1166
f 487/557/1379 326/286/1379 323/287/1379 486/559/1379
f 321/292/1397 45/294/1397 913/511/1397
f 326/286/1399 487/557/1399 485/512/1399
f 436/515/1415 440/525/1415 441/526/1415
f 904/519/1416 448/529/1416 445/523/1416
f 439/516/1417 450/527/1417 444/524/1417
f 437/518/1418 443/530/1418 442/528/1418
f 436/515/1419 435/521/1419 440/525/1419
f 439/516/1420 436/515/1420 441/526/1420
f 904/519/1421 437/518/1421 442/528/1421
f 437/518/1422 446/514/1422 443/530/1422
f 153/60/1423 441/526/1423 440/525/1423
f 450/527/1424 441/526/1424 15/59/1424
f 152/79/1425 444/524/1425 450/527/1425
f 168/87/1426 449/86/1426 443/530/1426
f 152/79/1427 168/87/1427 444/524/1427
f 449/86/1428 442/528/1428 443/530/1428
f 6/85/1429 447/84/1429 448/529/1429
f 447/84/1430 445/523/1430 448/529/1430
f 440/525/1431 445/523/1431 16/92/1431
f 266/556/1432 55/220/1432 481/532/1432
f 54/548/1446 472/70/1446 473/69/1446 469/547/1446
f 471/542/1450 468/541/1450 55/220/1450 266/556/1450
f 475/543/1451 468/541/1451 911/540/1451
f 475/543/1452 912/538/1452 467/544/1452
f 912/538/1453 464/537/1453 467/544/1453
f 464/537/1454 54/548/1454 467/544/1454
f 909/531/1455 474/545/1455 470/546/1455
f 476/218/1456 467/544/1456 28/549/1456
f 476/218/1457 468/541/1457 467/544/1457
f 478/551/1458 28/549/1458 469/547/1458
f 478/551/1459 469/547/1459 470/546/1459
f 483/554/1460 480/553/1460 477/550/1460 478/551/1460
f 478/551/1461 470/546/1461 471/542/1461
f 266/556/1462 478/551/1462 471/542/1462
f 479/555/1463 482/552/1463 483/554/1463
f 481/532/1464 479/555/1464 483/554/1464
f 478/551/1465 266/556/1465 483/554/1465
f 479/555/1466 476/218/1466 28/549/1466 482/552/1466
f 57/579/1474 329/239/1474 328/290/1474 64/1027/1474
f 489/595/1476 488/575/1476 322/574/1476 364/396/1476
f 328/290/1477 491/572/1477 64/1027/1477
f 330/577/1479 56/576/1479 484/687/1479
f 45/294/1480 329/239/1480 493/578/1480
f 485/512/1589 581/686/1589 364/396/1589 46/513/1589
f 32/758/1678 661/769/1678 653/756/1678
f 650/738/1679 296/753/1679 659/741/1679
f 652/746/1680 660/749/1680 651/780/1680
f 651/780/1681 660/749/1681 752/745/1681
f 655/734/1682 662/737/1682 654/781/1682
f 654/781/1683 662/737/1683 750/778/1683
f 748/762/1803 767/775/1803 751/735/1803
f 749/764/1804 768/742/1804 753/747/1804
f 814/959/897 804/948/919 816/967/918
f 824/922/856 813/921/856 827/970/856
f 829/966/856 811/962/856 825/974/856
f 800/930/869 820/932/869 823/943/892
f 812/958/856 828/957/856 826/958/856
f 803/927/1875 799/961/1875 815/928/1875
f 111/956/896 809/965/1882 108/964/921 818/969/922
f 109/955/1885 807/954/1885 110/960/1885
f 807/954/1886 111/956/1886 110/960/1886
f 109/955/1887 110/960/1887 814/959/1887
f 818/969/1888 817/790/1888 981/968/1888
f 818/969/1889 981/968/1889 815/928/1889
f 823/943/1890 826/958/1890 828/957/1890 819/973/1890
f 977/929/864 981/968/920 816/967/918
f 108/964/921 810/791/728 817/790/727
f 808/789/726 109/955/895 817/790/727
f 806/953/894 809/965/1882 111/956/896
f 824/922/1891 821/971/1891 822/972/1891
f 112/931/1892 825/974/1892 820/932/1892
f 828/957/1893 824/922/1893 822/972/1893
f 825/974/1894 113/963/1894 820/932/1894
f 827/970/1895 112/931/1895 821/971/1895
f 982/975/928 821/971/928 112/931/870
f 982/975/928 801/952/893 819/973/928
f 800/930/869 802/976/870 112/931/870
f 811/962/856 113/963/856 825/974/856
f 982/975/928 819/973/928 821/971/928
f 832/981/934 116/977/930 833/979/932
f 980/951/936 830/982/936 115/949/936
f 802/976/1897 833/979/1897 831/978/1897
f 801/952/1899 982/975/1899 116/977/1899
usemtl Thrusters.001
f 539/580/467 605/581/467 537/582/467
f 612/583/468 606/584/468 537/582/468
f 624/619/492 608/620/492 73/621/492
f 587/649/521 537/582/521 607/650/521
f 524/636/544 605/581/544 539/580/544
f 572/645/567 620/674/567 583/675/567
f 68/631/574 617/676/574 603/677/574
f 573/632/575 603/677/575 608/620/575
f 585/678/581 607/650/581 602/681/581
f 585/678/582 587/649/582 607/650/582
f 585/678/583 602/681/583 619/682/583
f 634/689/607 618/690/607 643/691/607
f 934/692/608 634/689/608 643/691/608
f 637/693/609 623/694/609 936/695/609
f 623/694/610 76/696/610 936/695/610
f 629/697/611 637/693/611 936/695/611
f 647/698/612 644/699/612 628/700/612
f 633/701/613 647/698/613 628/700/613
f 639/702/614 78/703/614 641/704/614
f 632/705/615 642/706/615 614/707/615
f 630/708/616 646/709/616 618/690/616
f 622/710/617 646/709/617 630/708/617
f 631/711/618 76/696/618 932/712/618
f 931/624/619 610/713/619 625/625/619
f 67/714/620 615/715/620 931/624/620
f 624/619/621 73/621/621 626/641/621
f 609/716/622 75/717/623 627/642/624
f 545/654/625 616/718/625 617/676/625
f 611/719/626 620/674/626 572/645/626
f 526/656/627 601/720/627 67/714/627
f 626/641/628 601/720/629 526/656/630
f 932/712/631 601/720/631 631/711/631
f 602/681/632 607/650/632 606/584/632
f 933/721/633 602/681/634 632/705/635
f 633/701/636 608/620/637 603/677/638
f 616/718/639 603/677/639 617/676/639
f 633/701/640 603/677/640 616/718/640
f 634/689/641 612/583/641 604/722/641
f 632/705/642 606/584/642 635/723/642
f 628/700/643 636/724/643 633/701/643
f 636/724/644 73/621/644 608/620/644
f 622/710/645 611/719/646 639/702/647
f 639/702/648 613/725/649 74/726/650
f 639/702/648 611/719/651 613/725/649
f 637/693/652 615/715/652 932/712/652
f 637/693/653 609/716/653 615/715/653
f 633/701/654 616/718/654 640/727/654
f 631/711/655 73/621/656 636/724/657
f 640/727/658 75/717/658 638/728/658
f 933/721/633 74/726/659 602/681/634
f 634/689/660 604/722/660 630/708/660
f 604/722/661 620/674/661 622/710/661
f 935/729/662 643/691/662 618/690/662
f 935/729/663 618/690/663 937/730/663
f 649/731/664 644/699/664 76/696/664
f 78/703/665 937/730/665 641/704/665
f 937/730/666 618/690/666 646/709/666
f 640/727/667 648/732/667 633/701/667
f 638/728/668 648/732/668 640/727/668
f 635/723/669 935/729/670 632/705/671
f 935/729/672 642/706/672 632/705/672
f 649/731/673 76/696/673 631/711/673
f 629/697/674 936/695/674 645/733/674
f 638/728/675 629/697/675 645/733/675
f 937/730/676 78/703/676 933/721/676
f 639/702/677 933/721/677 78/703/677
f 622/710/678 641/704/678 646/709/678
f 537/582/1481 605/581/1481 612/583/1481
f 624/619/1510 573/632/1510 608/620/1510
f 607/650/1528 537/582/1528 606/584/1528
f 604/722/1546 524/636/1546 583/675/1546 621/1029/1546
f 524/636/1547 604/722/1547 605/581/1547
f 619/682/1569 74/726/1569 584/628/1569 925/627/1569
f 583/675/1570 620/674/1570 621/1029/1570
f 573/632/1577 68/631/1577 603/677/1577
f 925/627/1579 585/678/1579 619/682/1579
f 643/691/1612 77/1030/1612 635/723/1612 934/692/1612
f 76/696/1614 623/694/1614 637/693/1614 932/712/1614
f 634/689/1615 630/708/1615 618/690/1615
f 74/726/1616 613/725/1616 535/647/1616 584/628/1616
f 931/624/1617 615/715/1617 610/713/1617
f 625/625/1618 610/713/1618 609/716/1618
f 625/625/1619 609/716/622 627/642/624
f 611/719/1620 572/645/1620 535/647/1620 613/725/1620
f 545/654/1621 627/642/1621 616/718/1621
f 616/718/1622 627/642/1622 75/717/1622
f 68/631/1623 545/654/1623 617/676/1623
f 75/717/1624 609/716/1624 629/697/1624 638/728/1624
f 626/641/628 73/621/1625 601/720/629
f 67/714/1626 601/720/1626 615/715/1626
f 932/712/1627 615/715/1627 601/720/1627
f 614/707/1628 933/721/1628 632/705/1628
f 604/722/1629 612/583/1629 605/581/1629
f 632/705/1630 602/681/1630 606/584/1630
f 633/701/636 636/724/1631 608/620/637
f 606/584/1632 612/583/1632 934/692/1632 635/723/1632
f 637/693/1633 629/697/1633 609/716/1633
f 622/710/645 620/674/1634 611/719/646
f 648/732/1635 936/695/1635 76/696/1635 647/698/1635
f 634/689/1636 934/692/1636 612/583/1636
f 933/721/633 639/702/1637 74/726/659
f 615/715/1638 609/716/1638 610/713/1638
f 631/711/655 601/720/1639 73/621/656
f 640/727/1640 616/718/1640 75/717/1640
f 602/681/1641 74/726/1641 619/682/1641
f 630/708/1642 604/722/1642 622/710/1642
f 604/722/1643 621/1029/1643 620/674/1643
f 935/729/1644 77/1030/1644 643/691/1644
f 642/706/1645 935/729/1645 937/730/1645
f 936/695/1646 648/732/1646 645/733/1646
f 937/730/1647 933/721/1647 614/707/1647 642/706/1647
f 76/696/1648 644/699/1648 647/698/1648
f 937/730/1649 646/709/1649 641/704/1649
f 633/701/1650 648/732/1650 647/698/1650
f 635/723/669 77/1030/1651 935/729/670
f 631/711/1652 636/724/1652 649/731/1652
f 636/724/1653 644/699/1653 649/731/1653
f 636/724/1654 628/700/1654 644/699/1654
f 638/728/1655 645/733/1655 648/732/1655
f 622/710/1657 639/702/1657 641/704/1657
usemtl Guns.001
f 265/208/433 472/70/433 464/537/433
f 910/211/434 465/68/434 462/209/434
f 263/216/435 912/538/435 466/539/435
f 263/216/436 911/540/436 267/217/436
f 462/209/437 465/68/437 472/70/437
f 791/944/901 794/946/902 108/964/903
f 791/944/904 809/965/904 805/939/904
f 808/789/905 810/791/905 794/946/905
f 792/937/906 808/789/906 794/946/906
f 101/936/907 829/966/907 813/921/907
f 793/943/908 812/958/909 83/942/910
f 813/921/911 976/920/911 101/936/911
f 101/936/912 976/920/912 100/935/912
f 909/531/1412 910/211/1412 463/215/1412 474/545/1412
f 464/537/1443 912/538/1443 264/207/1443 265/208/1443
f 474/545/1444 463/215/1444 267/217/1444 911/540/1444
f 910/211/1445 909/531/1445 465/68/1445
f 263/216/1447 264/207/1447 912/538/1447
f 263/216/1448 466/539/1448 911/540/1448
f 265/208/1449 462/209/1449 472/70/1449
f 812/958/1860 793/943/1860 100/935/1860 976/920/1860
f 791/944/1876 108/964/1876 809/965/1876
f 108/964/903 794/946/902 810/791/1877
f 792/937/1878 806/953/1878 808/789/1878
f 806/953/1879 805/939/1879 809/965/1879
f 792/937/1880 805/939/1880 806/953/1880
f 83/942/910 812/958/909 811/962/1881
f 101/936/1883 83/942/1883 829/966/1883
f 83/942/1884 811/962/1884 829/966/1884
