# Blender 4.2.3 LTS
# www.blender.org
mtllib ship1.mtl
o Ship
v -0.255967 -1.733021 -1.007983
v 0.409525 -2.339270 -1.041624
v 0.921939 -2.621004 -0.662894
v 0.655778 -2.621715 0.938320
v -0.867437 -1.651673 -0.769870
v 0.355917 -0.547485 0.210944
v -0.155800 -2.431240 -1.941702
v -0.268381 -0.981658 -0.374252
v 0.000000 -1.045293 -0.669839
v 0.000000 -1.335500 -0.670874
v -0.128083 -1.066776 -0.666925
v -0.128225 -1.308488 -0.667183
v 0.128225 -1.308488 -0.667183
v 0.128083 -1.066776 -0.666925
v -0.355536 -0.547826 -0.238609
v 0.295044 -0.545144 -0.330986
v -0.179272 -1.186418 -0.665681
v 0.179272 -1.186418 -0.665681
v 0.020521 -1.563406 -0.966711
v -0.357143 -0.957964 -0.979039
v 0.035628 -1.544928 -2.425143
v 0.186954 -0.933038 -2.604458
v -0.097772 -1.037990 -2.674436
v -0.108921 -1.574473 -1.609960
v 0.390086 -1.394815 -1.401405
v 0.459980 -1.190885 -1.402894
v -0.413127 -1.433053 -1.595166
v 0.094600 -2.022605 -4.340769
v -3.069620 0.392747 2.034376
v -3.375383 0.418074 1.212191
v -3.888485 0.252254 0.458205
v 4.136032 0.033909 -0.332930
v 3.888484 0.252254 -0.458205
v -1.662490 0.353842 -3.452688
v 1.027140 0.417214 -3.471778
v -2.077509 0.562279 -1.960305
v 2.217898 0.562839 -1.781458
v -2.791054 0.582713 0.332130
v -2.567621 0.572634 1.196139
v -2.221323 0.562441 1.776860
v -1.267004 2.278855 -1.859838
v 1.868420 -0.220703 -2.968463
v 3.420722 -0.213349 -0.725569
v 3.127474 -0.271214 -0.151507
v 1.945396 -0.259887 2.689866
v -1.817519 -0.204170 3.270242
v -1.579691 1.254747 -2.308015
v -0.940383 2.878181 0.568050
v 2.186917 2.297877 0.267239
v 1.930648 2.272172 1.160556
v -1.276961 2.277803 1.852158
v -0.221096 3.064672 -0.158041
v 0.866962 -1.650863 -0.772782
v 0.145814 -2.047379 -4.344908
v -0.032999 -1.861425 -4.337242
v -1.236502 -0.836989 2.636162
v 1.870852 -0.836928 3.271126
v 2.334102 -0.920287 2.342517
v -0.858909 -2.004174 2.321457
v -2.442627 -1.985042 3.352083
v -0.646911 -1.995496 3.488428
v 1.181292 -0.237049 -3.204386
v 1.230166 -0.837196 2.638295
v 1.269430 -0.836051 3.328387
v 1.133324 -2.003653 2.264917
v 0.972333 -2.019355 3.697193
v 1.520993 -1.016457 3.741585
v 1.477638 -1.903754 3.747518
v -0.291794 2.875292 1.097387
v -0.200958 2.989056 -0.717565
v -1.944538 -0.919108 2.201150
v -2.167873 -2.019649 3.574180
v 1.118603 -1.285714 4.756106
v -1.283588 -1.092155 4.743755
v 1.973183 -1.653984 4.655540
v 1.480075 -1.162589 3.801921
v -1.820873 -1.495936 3.988297
v -1.397869 -1.209478 3.906939
v -3.711867 -0.019319 1.892514
v -3.577056 0.414995 0.577784
v 3.726445 0.378616 0.440200
v -5.234715 0.397161 0.673018
v 5.675491 -0.520616 -0.314022
v 5.763064 0.655451 0.650526
v -6.354488 -0.071148 0.081635
v -5.545678 -0.252786 0.781709
v 5.544526 -0.252968 -0.776746
v 2.885509 0.055033 3.150958
v 3.377653 0.045250 -2.588033
v -3.351046 0.086231 2.587709
v 2.268478 0.036322 3.565950
v 1.310799 0.082667 3.932504
v -2.267693 0.035940 -3.565096
v -1.619461 0.051123 -3.845471
v 4.052373 0.084444 -0.510124
v -4.064966 0.081090 0.508614
v 5.223033 -0.021937 -0.745172
v -5.226349 -0.030012 0.762039
v -5.564992 -0.927973 0.236135
v 5.726528 -0.767179 -0.313494
v 5.612554 -0.748780 -0.313580
v -5.961437 -0.353992 -0.256415
v 5.670536 -0.357469 -0.313273
v -5.400790 -0.815867 -0.216477
v 5.616076 -0.950041 -0.247318
v -5.917422 -0.901847 -0.285380
v 5.913978 -0.357539 -0.300518
v -5.685933 -0.520590 -3.117385
v -5.630038 -0.800013 -3.117380
v -5.758820 -0.810198 -3.286328
v -5.874810 -0.637274 -3.117365
v 5.477543 -0.604116 -3.286309
v 5.712544 -0.468084 -3.117576
v 5.693568 -0.549362 -2.267745
v -5.698213 -0.738859 -2.267671
v 5.715264 -0.737747 -2.267678
v 0.234915 -1.734835 -1.006022
v 0.398992 -1.813244 -1.040593
v 0.191550 -1.724388 -1.958956
v 0.394346 -1.816687 -1.946430
v 0.229802 -2.422374 -1.941300
v 0.386210 -2.336933 -1.948182
v -0.313921 -2.395671 -1.958465
v 0.077445 -2.439943 -1.281735
v 0.245671 -2.431924 -1.035969
v -0.503129 -2.637220 -0.975063
v 0.001996 -2.673681 -0.354374
v 0.268304 -2.641414 -0.985760
v 0.951353 -2.637035 0.441805
v 0.746580 -2.664382 -0.147836
v -0.272585 -2.632363 0.979876
v 0.511393 -1.649976 0.983190
v -0.741010 -2.664698 0.125934
v -0.907352 -2.630893 0.590226
v -0.960442 -2.633011 -0.451231
v -0.855850 -2.623077 -0.776712
v -0.169340 -1.724829 -1.958966
v -0.428038 -2.195862 -1.931155
v 0.119548 -1.644533 -1.004022
v -0.745188 -2.622286 0.866028
v 0.634629 -2.655306 0.732001
v 0.966729 -1.657268 -0.322501
v -0.345059 -2.399906 -1.045872
v 0.010907 -1.640854 -0.383414
v 0.369591 -1.643226 0.137035
v 0.592529 -1.637647 -0.956038
v -0.837762 -1.649122 -0.000010
v -0.658912 -1.637352 0.765467
v 0.838637 -1.649190 -0.000322
v 0.664877 -1.636095 0.760039
v -0.957774 -1.647425 -0.353666
v -0.344246 -0.546853 0.259385
v -0.111258 -0.548190 -0.393318
v -0.328125 -1.636694 0.309470
v -0.275076 -2.229551 -1.975699
v -0.120144 -1.750457 -1.960650
v 0.198068 -1.750202 -1.962241
v 0.293743 -2.282604 -1.959036
v 0.118530 -1.743887 -2.776254
v 0.136569 -2.261289 -2.775281
v -0.102090 -2.263786 -2.760503
v -0.152501 -1.744991 -2.776098
v -0.258836 -2.221610 -2.769270
v -0.105823 -2.274374 -1.988774
v 0.273510 -2.193453 -2.768183
v -0.365140 -1.642666 -0.165006
v 0.058479 -1.640276 0.397834
v -0.191554 -0.546985 0.370723
v -0.172530 -1.309516 -0.404909
v -0.173158 -1.041642 -0.399868
v -0.290395 -1.637694 -0.334931
v 0.105662 -1.044551 -0.397662
v -0.175939 -1.222340 -0.665733
v -0.166104 -1.256132 -0.665945
v -0.150091 -1.285586 -0.666400
v 0.175887 -1.150597 -0.665730
v 0.166006 -1.117172 -0.665914
v 0.149961 -1.088460 -0.666293
v 0.035512 -1.334821 -0.670480
v 0.069641 -1.331439 -0.669515
v 0.101006 -1.323335 -0.668307
v 0.035459 -1.045388 -0.669530
v 0.069543 -1.047335 -0.668772
v 0.100876 -1.053633 -0.667819
v -0.101006 -1.323335 -0.668307
v -0.069641 -1.331439 -0.669515
v -0.035512 -1.334821 -0.670480
v -0.100876 -1.053633 -0.667819
v -0.069543 -1.047335 -0.668772
v -0.035459 -1.045388 -0.669530
v -0.082645 -1.337470 -0.432843
v 0.115879 -1.334875 -0.407018
v -0.106030 -1.045966 -0.464156
v 0.178772 -1.076361 -0.402981
v 0.301441 -1.370420 -0.354855
v 0.191070 -1.270278 -0.403381
v -0.047759 -1.290064 -0.670326
v -0.149961 -1.088460 -0.666293
v -0.166006 -1.117172 -0.665914
v -0.175887 -1.150597 -0.665730
v 0.150091 -1.285586 -0.666400
v 0.166104 -1.256132 -0.665945
v 0.175939 -1.222340 -0.665733
v 0.265375 -0.960854 -0.791134
v 0.123139 -0.876607 -0.810311
v -0.130519 -1.487157 -0.788055
v -0.407369 -1.268162 -0.982233
v 0.357135 -0.957941 -0.979075
v 0.189197 -1.536163 -0.996540
v 0.042564 -0.821626 -1.017336
v 0.189693 -0.844997 -0.996727
v -0.148448 -1.552541 -1.017071
v -0.151411 -0.832881 -1.002452
v 0.407369 -1.268162 -0.982234
v 0.165039 -1.490359 -0.805373
v -0.317852 -1.438487 -0.899439
v 0.347213 -1.145279 -0.783681
v -0.202512 -0.904489 -0.791829
v 0.306438 -0.924594 -2.383104
v 0.179691 -1.533418 -2.361164
v 0.137546 -0.859483 -2.473672
v -0.179691 -1.533418 -2.361164
v -0.244259 -0.868094 -2.374423
v -0.408595 -1.168997 -2.434417
v 0.318676 -1.435085 -2.396135
v -0.041171 -0.828062 -2.343008
v -0.319883 -1.062717 -2.587957
v -0.112716 -0.892281 -2.569371
v -0.303328 -1.423297 -2.521975
v -0.097887 -1.498213 -2.568916
v 0.213618 -1.118194 -2.660211
v -0.389553 -0.969791 -1.596050
v 0.292740 -0.875892 -1.598007
v 0.030921 -0.810996 -1.622590
v -0.163485 -0.824591 -1.607386
v 0.326063 -1.463856 -1.596110
v 0.162718 -1.561236 -1.603570
v -0.034424 -1.573561 -1.394887
v -0.258386 -1.526158 -1.404404
v 0.147533 -1.562020 -1.402565
v -0.120298 -0.816783 -1.398036
v 0.106408 -0.818202 -1.401831
v 0.292363 -0.877588 -1.402978
v -0.125440 -1.611266 -1.601236
v 0.346714 -1.514212 -1.597057
v 0.464236 -1.194690 -1.594740
v 0.382368 -0.901697 -1.596077
v 0.138191 -0.777345 -1.599907
v -0.126769 -0.779055 -1.599041
v -0.290013 -0.829005 -1.597314
v 0.122040 -1.608100 -1.600240
v -0.454693 -1.030961 -1.595294
v 0.225592 -1.579648 -1.409008
v -0.000044 -1.617952 -1.409667
v -0.475379 -1.225540 -1.402000
v 0.388976 -1.460174 -1.403155
v -0.134472 -0.780623 -1.406540
v -0.353278 -0.862573 -1.403586
v 0.079679 -0.772915 -1.408690
v 0.353517 -0.861946 -1.403780
v 0.427098 -1.277248 -1.594398
v -0.381674 -1.459986 -1.403091
v -0.016542 -1.833255 -2.777151
v 0.128966 -1.866391 -2.787017
v 0.149388 -2.041054 -2.799966
v -0.102138 -1.901962 -4.344289
v -0.123017 -1.859942 -2.800306
v -2.974186 0.261391 2.847517
v -2.755860 0.340680 -2.797994
v 2.769440 0.341832 -2.775789
v 2.878380 -0.023678 3.098774
v -2.755860 0.340680 2.797995
v -2.962190 -0.018213 -3.044971
v -4.118760 -0.049457 -0.312222
v -4.054556 -0.079020 0.228342
v -3.573498 0.413404 -0.632544
v -3.427258 0.332778 -1.802568
v 3.322931 -0.025906 2.573303
v 3.756612 0.006903 1.830727
v 4.046094 -0.060768 -0.625436
v 3.729806 0.015057 -1.886286
v 3.292609 0.338456 -2.034342
v 3.560950 0.419355 -0.606612
v 3.301429 0.402521 1.534036
v 3.088208 0.369594 2.171563
v 3.035588 0.444038 -1.657390
v -3.197343 -0.094248 -2.459877
v -3.527597 -0.024044 -2.241562
v -3.660285 -0.171263 -0.634660
v -3.537573 -0.166152 1.219639
v -3.633595 -0.092557 1.733907
v -3.043957 -0.161205 2.235972
v -2.846464 -0.088681 2.919862
v 4.113928 0.002348 0.509878
v -3.802371 0.078520 1.611661
v -4.142372 0.038804 0.372952
v -4.113928 0.002348 -0.509876
v 0.805570 -0.047726 -3.987777
v -3.042399 -0.012667 2.973861
v -2.325496 0.038893 3.535081
v -1.843922 -0.082003 3.654776
v -0.413566 0.597326 -2.790648
v 1.419494 0.577611 -2.481537
v -3.668356 0.408343 -0.097686
v -0.299549 0.596921 2.808636
v 3.150826 -0.058163 -2.723517
v 2.436105 -0.127180 -3.075801
v 0.259705 -0.253837 -3.277857
v -2.511696 -0.135804 -2.965479
v 2.108686 -0.253328 -2.518501
v 1.068810 -0.296300 -2.774594
v -2.014910 -0.279125 -2.310094
v -2.684673 -0.186908 -2.478456
v -3.366480 -0.158672 -1.736830
v 0.803700 -0.407342 -0.864934
v 0.075413 -0.416059 -1.039105
v -3.208888 -0.244553 -0.783385
v 3.844140 -0.141060 -0.125036
v 3.419807 -0.206015 0.887075
v 2.487382 -0.274029 1.817917
v 1.245205 -0.309424 2.665759
v -1.149853 -0.295904 2.849558
v -1.918687 -0.262638 2.668215
v 3.086664 -0.117601 2.496027
v 0.072075 -0.250816 3.295630
v -1.977747 -0.220084 3.020265
v -0.041819 -0.303668 2.896612
v 1.140024 -0.243855 3.293220
v 1.878390 -0.201272 3.254149
v -1.337591 -0.307161 2.640302
v 0.053270 -0.415799 1.027754
v -0.247869 -0.355520 2.199276
v 3.139899 -0.195036 1.735068
v -3.207343 -0.242044 0.844434
v -2.664535 -0.326847 0.087201
v -0.987549 -0.420613 0.255411
v 0.989397 -0.422890 -0.122630
v 0.893132 -0.408009 0.791147
v -2.673598 -0.284675 -1.364854
v -2.277688 -0.350961 -0.500622
v 0.072208 -0.345091 -2.398108
v 1.081388 -0.348038 -1.968311
v 2.729923 -0.279384 -1.369777
v 3.623421 -0.129096 -1.456210
v -1.846910 -0.213776 -3.022037
v 3.040231 -0.142722 -2.383325
v -1.919775 -0.104854 -3.504292
v 0.765638 -0.123276 -3.818259
v 1.276961 2.277803 -1.852158
v -0.605320 2.308570 -2.138371
v -1.566122 1.386926 2.268754
v 2.762300 1.245427 -0.246097
v -2.101003 1.629350 1.643753
v 2.790436 0.582881 -0.337236
v -2.762300 1.245427 0.246097
v -2.756612 0.580208 -0.564567
v 2.570068 0.573531 -1.190462
v -2.566610 0.572660 -1.197890
v 0.741579 1.432197 2.642754
v 1.721467 0.375208 -3.340011
v 0.285465 0.429545 -3.566042
v 1.602059 0.572874 2.347170
v -0.668979 0.362866 3.732120
v -1.146557 -0.239966 3.291402
v -0.021071 -0.162989 3.736802
v 0.205389 -0.078695 3.993678
v 1.381081 -0.021016 3.906774
v 0.704333 0.034316 -4.078783
v -0.947512 1.278837 -2.616084
v -0.001665 1.460377 -2.727127
v 1.588084 1.242316 -2.304599
v -0.775141 2.771164 -1.191337
v -0.385321 2.783978 -1.341851
v 0.786428 2.766343 -1.195759
v -0.224146 3.071143 0.010584
v 0.261790 3.066465 -0.087932
v 1.117612 2.793469 0.746378
v 0.811669 2.933630 0.443371
v 1.067488 2.879926 -0.038944
v -0.475663 2.964658 0.649681
v 0.444323 2.970313 0.673969
v -0.278182 1.702795 2.625994
v -0.579144 3.001079 0.316531
v 0.940382 2.878182 -0.568047
v 0.200951 2.989057 0.717563
v 1.462477 1.851956 -2.110634
v -2.422165 1.654332 1.098742
v -1.929984 2.270128 1.164761
v -2.605621 1.709034 -0.362303
v 2.422165 1.654332 -1.098742
v 0.691762 1.886083 2.457205
v 0.605320 2.308571 2.138371
v -2.422932 1.655051 -1.096831
v 2.101002 1.629350 -1.643753
v -0.691765 1.886085 -2.457203
v -1.462477 1.851956 2.110634
v -2.101838 1.629617 -1.642830
v 0.499755 2.592654 1.756723
v 0.385327 2.783977 1.341852
v 1.391981 2.675031 -0.866154
v 1.040735 2.566587 -1.546207
v -1.582625 2.564264 -0.980148
v -2.179428 2.288004 0.365629
v 2.179428 2.288004 -0.365629
v -1.022175 2.571684 -1.549376
v -0.499751 2.592655 -1.756722
v -2.186917 2.297877 -0.267240
v 1.582622 2.564266 0.980149
v 1.929983 2.270128 -1.164761
v -0.991347 2.620523 1.471051
v 1.674260 2.499644 -1.017256
v -1.835908 2.511388 0.615603
v -1.467140 2.555623 1.138127
v -1.930646 2.272173 -1.160555
v -0.648330 2.856625 0.985209
v -0.811658 2.933635 -0.443359
v 0.544272 2.917784 -0.820916
v -1.325705 2.712762 0.809562
v 0.589403 2.996198 -0.341004
v -0.588145 3.017334 -0.057109
v -1.067488 2.879926 0.038944
v -0.444315 2.970315 -0.673972
v -1.117610 2.793471 -0.746373
v 0.221093 3.064672 0.158042
v 0.006905 3.072469 0.221320
v 0.072113 3.065373 -0.319268
v 0.232574 3.040297 -0.437027
v 0.113305 3.058185 0.370277
v -0.357475 3.043865 0.245551
v 0.357471 3.043865 -0.245550
v 0.588146 3.017334 0.057112
v -0.201782 3.060466 0.240398
v -0.231618 3.034815 0.465788
v 0.390984 3.029389 0.319502
v 0.358702 -0.412592 -0.435715
v -0.330796 -0.414321 -0.445257
v 0.330796 -0.414321 0.445257
v -0.729245 -0.407294 0.946526
v -0.467984 -0.419771 -0.024242
v 0.092209 -0.550746 -0.462798
v -0.378044 -0.547106 -0.393582
v 0.378044 -0.547106 0.393582
v -0.092208 -0.550746 0.462799
v -0.406272 -0.547703 0.355669
v 0.406272 -0.547704 -0.355669
v -0.358702 -0.412592 0.435715
v 0.359213 -0.549462 -0.168477
v 0.443476 -0.553620 0.035116
v 0.250271 -0.546765 0.358555
v -0.443476 -0.553620 -0.035115
v 0.777320 -2.361460 -0.933301
v 0.844816 -1.648217 0.773873
v -0.844816 -1.648217 0.773873
v -0.331376 -1.758314 -1.957678
v 0.307162 -1.955181 -1.966407
v -0.000287 -1.890997 -3.002034
v 0.256566 -1.775789 -2.772109
v -0.696492 -1.776680 -0.958527
v 0.956323 -1.657128 0.407882
v -0.276182 -1.813938 -2.769721
v 0.726960 -1.843635 -0.950907
v 0.033311 -2.100358 -2.852136
v -0.152327 -2.040407 -2.793595
v 0.153502 -1.970003 -4.206586
v -0.026166 -2.082982 -4.212107
v -0.010514 -1.817134 -4.206005
v 0.139671 -1.837458 -4.345006
v 0.000855 -1.793638 -4.344661
v 0.056678 -2.098341 -4.349761
v -0.112613 -2.090376 -4.346960
v -0.144379 -1.847974 -4.344794
v 0.110851 -2.060937 -4.206887
v 0.016240 -2.100400 -4.219528
v -0.153502 -1.970006 -4.206585
v 0.017017 -1.799470 -4.212542
v 0.064546 -1.866541 -4.334851
v -0.011213 -2.039685 -4.320191
v -0.076299 -2.029682 -4.344684
v 0.076254 -1.913254 -2.973881
v -0.011650 -2.067196 -3.007584
v -0.077012 -1.912547 -2.980277
v 0.085566 -2.051266 -2.982788
v -0.090356 -2.041346 -2.978687
v -1.817233 -0.839035 2.602377
v -1.871226 -0.837240 3.271812
v -1.980633 -0.837271 2.734854
v -2.015040 -0.836797 3.008333
v -1.091461 -0.838235 2.890882
v -1.112126 -0.838357 3.193794
v 1.087689 -0.839162 2.898105
v 1.112838 -0.838269 3.194785
v 1.963306 -0.837305 2.690554
v 2.013379 -0.836273 3.009183
v -2.335015 -0.920483 2.343782
v 1.193184 -0.899643 3.732870
v -2.275465 -0.911877 3.532114
v -2.511999 -0.918954 2.725619
v -2.506646 -0.921305 3.117418
v -0.590936 -0.917619 2.823896
v -0.631854 -0.925561 3.434930
v 0.598137 -0.900022 2.832875
v 2.512177 -0.918715 2.728314
v 1.163983 -0.868772 2.539114
v 0.965705 -0.887533 2.383832
v 0.810278 -0.886955 3.461745
v 0.954447 -0.866755 3.115772
v -1.960942 -0.868018 2.534370
v -2.331398 -0.888787 2.548501
v -2.330194 -0.885410 3.268637
v -2.149016 -0.867320 3.032529
v 2.406852 -0.886388 3.049478
v -1.158543 -0.868373 3.421711
v -0.949177 -0.867194 2.900069
v 0.680305 -2.001781 2.497733
v -2.108467 -2.003313 2.242298
v -2.525316 -1.999624 3.018772
v -0.616139 -2.003891 2.734302
v 0.574625 -1.999329 3.148003
v 2.452094 -1.995747 3.348017
v -2.453745 -2.000156 2.518340
v 0.657686 -1.984387 3.490689
v 2.481394 -0.925162 3.254012
v 2.461339 -2.002734 2.546346
v -1.681656 -1.895694 3.719902
v 0.835870 -0.915449 3.683004
v 1.282696 -1.078376 3.778616
v 2.319643 -0.918406 3.485953
v -2.061383 -0.899117 3.632976
v -0.931311 -0.897161 3.689565
v 2.179754 -1.953012 3.609515
v 0.771914 -1.727335 3.732533
v -1.194341 -1.987805 3.745589
v -2.309051 -1.772460 3.591207
v -0.766425 -0.919332 2.403018
v -1.078257 -1.328757 3.821887
v -0.759818 -1.525630 3.744227
v -2.034932 -1.564769 3.697997
v -2.412212 -1.219343 3.503844
v -1.890297 -1.797435 3.709155
v -0.566396 -1.864900 3.166916
v 2.077528 -0.331447 -1.409497
v 1.976661 -0.917290 2.208544
v 2.024525 -0.899573 3.645904
v 2.231345 -2.020492 3.514422
v 1.682754 -1.891810 3.721969
v 1.547159 -1.989460 3.712492
v 1.619308 -0.986571 3.711240
v 2.139678 -2.002624 2.247390
v 2.127023 -0.887699 2.328237
v 1.217880 -0.869232 3.433536
v 0.150152 3.073967 -0.021433
v 0.291791 2.875287 -1.097403
v 0.197647 2.981519 -0.739724
v 0.483535 2.540709 -1.854306
v 0.404774 2.704967 -1.548392
v 1.022173 2.571683 1.549379
v 0.775142 2.771160 1.191348
v 1.449285 1.853469 2.121203
v 1.267003 2.278854 1.859839
v 0.901830 1.689971 -2.504874
v 0.559817 2.318645 -2.147472
v 1.886000 0.086849 -3.735531
v 1.833924 -0.103477 3.602111
v 1.027137 0.417214 3.471778
v 1.579691 1.254746 2.308015
v 1.777217 -0.106517 -3.559683
v 2.245740 -0.351771 -0.563958
v 2.293903 -0.355333 0.074727
v 0.619672 -0.930341 3.440622
v 0.766434 -0.919055 2.403017
v 1.152640 -0.920322 2.226228
v -1.133229 -1.713746 3.821939
v 1.204216 -1.786490 3.790535
v 2.349304 -1.417072 3.579798
v -0.871147 -0.025344 4.017696
v -1.662487 0.353842 3.452689
v -1.161090 0.588650 -2.587509
v -1.161764 0.588586 2.587436
v -2.214349 -0.358760 0.288561
v -2.134207 -0.336277 1.210064
v -1.270060 -0.835948 3.328299
v -0.877572 -2.020152 3.654256
v -1.452749 -1.905940 3.751650
v -1.204376 -1.129090 3.790272
v -1.653807 -1.016647 3.727419
v -1.307838 -0.900244 3.728626
v -1.957327 -1.200064 3.723858
v -0.841739 -2.023026 2.642556
v -1.217329 -0.869385 2.524859
v -0.245640 3.048562 -0.341763
v -0.197645 2.981518 0.739727
v -0.483534 2.540710 1.854305
v -0.404776 2.704967 1.548392
v -0.886679 1.877325 2.392056
v -0.559820 2.318645 2.147471
v -1.449285 1.853472 -2.121202
v -1.355730 0.056439 3.934934
v -1.056564 -0.116272 3.795409
v -0.843861 0.470319 3.304569
v -1.103921 -0.242995 -3.197756
v 1.402928 -1.035835 4.729103
v -1.665289 -1.027239 4.698818
v 1.401979 -1.885309 4.727042
v -1.648650 -1.895928 4.707693
v -1.814846 -1.845068 4.655433
v -1.996026 -1.387394 4.661405
v -1.888073 -1.134275 4.633348
v 1.151120 -1.692432 4.756960
v 1.971349 -1.295432 4.664022
v 1.813802 -1.082390 4.655460
v -1.115261 -1.595953 4.763862
v -1.971665 -1.635949 4.664169
v -1.107759 -1.318915 4.756691
v -1.603611 -1.146396 4.689304
v 1.576235 -1.019367 4.705992
v 1.747908 -1.863126 4.689837
v 1.576119 -1.902055 4.692100
v -1.568532 -1.773012 3.782460
v -1.484573 -1.017560 4.704349
v -1.294210 -1.847625 4.739026
v -1.517887 -1.904989 4.698944
v -1.276808 -1.623150 4.728654
v 1.580130 -1.152125 4.007974
v 1.079474 -1.593333 3.822039
v 1.974868 -1.198566 3.705860
v 1.133858 -1.217383 3.822072
v 1.981478 -1.706419 3.713876
v 1.437127 -1.757851 4.704500
v 1.797731 -1.279208 4.665073
v -1.471114 -1.769719 4.706927
v 1.323242 -1.258689 4.725841
v -1.767118 -1.243787 4.672645
v 1.551731 -1.773339 4.706344
v -1.610291 -1.775361 4.696181
v -1.862539 -1.466169 4.657414
v 1.244418 -1.507837 4.736038
v 1.608866 -1.151132 4.696374
v 1.822222 -1.605380 4.653912
v -1.268123 -1.319873 4.729498
v 1.709490 -1.733257 4.681635
v -1.301199 -1.454210 3.942642
v -1.610266 -1.152070 3.831849
v -1.711048 -1.696219 3.861935
v 1.389360 -1.686105 3.860995
v 1.816133 -1.460162 3.904013
v -1.473785 -1.761298 3.803744
v 1.516980 -1.765832 3.795197
v 1.635529 -1.756065 3.793627
v 1.276045 -1.400029 4.095629
v -4.144694 0.027770 -0.099677
v -3.868092 0.287001 0.242917
v -3.866567 0.284820 -0.297882
v 4.131881 0.032598 0.235031
v 3.868092 0.287001 -0.242918
v 3.866567 0.284820 0.297882
v -3.827116 0.342801 0.251872
v 4.137548 -0.027162 0.188524
v 3.827116 0.342801 -0.251874
v -5.229943 0.025875 0.201885
v -5.227577 0.277174 0.301636
v 5.229943 0.025875 -0.201886
v 5.227577 0.277174 -0.301636
v -4.085519 0.055254 -0.468090
v 4.085519 0.055254 0.468090
v -6.073491 0.421428 -0.748351
v -5.285301 -0.207882 0.494875
v 5.232929 -0.057872 0.759596
v -5.222572 0.009544 -0.748310
v -5.226976 0.277451 -0.298810
v 5.239956 0.412926 0.671017
v 5.226977 0.277451 0.298809
v -5.233922 0.402848 -0.640868
v -6.357446 0.370703 -0.078300
v -6.321243 -0.057889 -0.308635
v -6.103417 0.529152 0.589611
v -6.134560 0.629961 -0.002662
v -6.253225 0.445211 -0.430919
v 6.246398 -0.069953 -0.504785
v 6.061847 0.540752 -0.637998
v 6.134542 0.629971 0.002104
v 6.325323 0.431991 0.254456
v 6.037604 -0.096393 -0.817790
v 6.033302 -0.105783 0.828372
v 6.227054 -0.071018 0.567994
v -6.180630 -0.093747 0.644055
v -6.168636 -0.071847 -0.663967
v -5.727228 0.604630 0.775911
v -5.285077 -0.191200 -0.640346
v 6.166270 0.427186 0.637681
v 5.580884 0.697955 0.395399
v 5.437513 0.626212 0.390679
v -5.911246 0.713972 0.183774
v -5.488894 0.613074 0.645272
v -5.867390 -0.139847 0.914837
v 5.901046 -0.863933 0.291093
v -5.872195 -0.251052 -0.765363
v -5.718713 0.718295 0.384052
v -5.529082 0.587939 -0.752111
v -5.702672 0.734229 -0.113794
v 5.512784 0.567675 0.762832
v 5.911085 0.713963 -0.184744
v 5.694289 -0.265243 0.797058
v 5.809585 -0.165062 -0.895462
v 5.722175 0.724961 -0.293043
v 5.722531 0.639871 -0.704524
v 5.728109 0.731495 0.226305
v 5.435248 -0.320526 0.271544
v -5.794078 -0.364172 0.320774
v -5.669229 -0.361831 -0.319904
v 5.765173 -0.364697 0.317025
v -5.389365 -0.317078 -0.195849
v -5.397469 -0.313250 0.245711
v 5.265469 -0.205447 0.363645
v 5.383699 -0.326081 -0.091163
v 5.395301 -0.247286 0.631231
v 5.288788 -0.219353 -0.455813
v -6.193658 -0.250186 -0.176586
v -5.970238 -0.356557 0.219777
v -6.064362 -0.248875 0.528129
v 6.031536 -0.269780 0.523873
v 5.963112 -0.355952 0.242138
v 6.211454 -0.236273 -0.007885
v 5.969175 -0.356192 -0.224433
v 6.064228 -0.248353 -0.530057
v -5.742965 -0.315190 0.641204
v -5.638958 -0.314706 -0.635633
v 5.677376 -0.324972 0.583878
v 5.742309 -0.315154 -0.640667
v 3.561063 0.271200 -1.826572
v 3.850442 0.264008 -0.838417
v 3.834951 0.297461 0.703950
v 3.781258 0.203987 1.400237
v -3.541123 0.277375 1.850760
v -3.850442 0.264008 0.838418
v -3.834951 0.297460 -0.703951
v -3.596692 0.241061 -1.839567
v 2.562291 0.265706 3.177973
v 1.585543 0.351598 3.488509
v 1.790457 0.237127 3.644347
v -0.765951 0.241275 3.925967
v -2.562289 0.265707 3.177974
v -2.562292 0.265706 -3.177973
v -1.790457 0.237127 -3.644347
v 0.771090 0.275549 -3.890417
v 1.770066 0.265959 -3.616293
v 2.562289 0.265707 -3.177974
v -1.790457 0.237127 3.644346
v 3.901939 0.237260 0.473209
v -3.901939 0.237260 -0.473209
v 5.213713 0.253659 -0.470670
v 5.214051 0.255061 0.463004
v -5.213714 0.253659 0.470670
v -5.214052 0.255061 -0.463004
v 5.332412 0.237698 0.897103
v -5.381462 0.362175 -0.878930
v -5.561762 -0.192121 -0.861367
v -5.847358 0.389399 0.940233
v 5.635007 -0.112825 0.959165
v 5.703908 0.277654 -0.990218
v 5.427555 0.297344 -0.928106
v 5.561246 0.270755 1.007116
v -5.807036 0.144624 1.024320
v -5.468863 0.005444 -0.964799
v 5.921002 0.128466 0.962510
v 5.961215 0.277518 -0.897050
v -5.908003 -0.028054 -0.937145
v 5.209987 0.083731 0.509734
v -5.209987 0.083732 -0.509734
v 3.986906 0.062033 -0.996934
v -0.302014 0.277125 -3.930217
v -1.002787 0.272429 -3.842662
v 0.336804 0.272457 3.932871
v 1.037926 0.275510 3.828736
v -3.877305 0.044714 -1.434848
v -5.835128 -0.974852 -0.146155
v 5.790740 -0.986679 -0.041895
v -5.559144 -0.971581 0.042744
v -5.714735 -0.991968 0.060581
v -5.659239 -0.963632 -0.211125
v 5.523913 -0.948311 -0.141857
v 5.405670 -0.805194 -0.229944
v 5.969841 -0.839514 -0.228392
v 5.498446 -0.882160 0.262102
v 5.868193 -0.960480 -0.200372
v 5.461268 -0.741612 0.296684
v 5.444558 -0.321388 -0.277894
v 5.394459 -0.835224 0.104758
v -5.966609 -0.857306 0.222649
v -5.445030 -0.700768 -0.304124
v -5.530692 -0.801433 0.306410
v -5.698233 -0.519687 -0.313702
v -5.691437 -0.767916 -0.313581
v 5.836457 -0.648354 -0.313317
v -5.549469 -0.644604 -0.313323
v -5.965854 -0.721568 -0.294809
v -5.500465 -0.852458 -0.302339
v 5.877761 -0.863168 -0.305745
v 5.478144 -0.751840 -0.309494
v -5.704990 -0.738011 -3.286308
v 5.691514 -0.552327 -3.286274
v 5.802039 -0.644606 -3.286301
v 5.591114 -0.618012 -3.286299
v -5.783684 -0.648093 -3.286003
v -5.589195 -0.657704 -3.286214
v -5.827464 -0.681670 -0.313363
v -5.730705 -0.766861 -3.117379
v -5.751529 -0.807941 -3.117375
v -5.627816 -0.752659 -3.117379
v -5.828593 -0.635643 -3.117336
v -5.565916 -0.623705 -3.117364
v 5.689494 -0.520003 -3.117576
v 5.839985 -0.642221 -3.117576
v 5.636551 -0.751201 -3.117576
v -5.630927 -0.797261 -3.286310
v -5.857307 -0.585886 -3.286307
v -5.507887 -0.645405 -3.286298
v -5.510082 -0.619432 -3.117368
v -5.698688 -0.474564 -3.117376
v 5.808466 -0.793738 -3.286309
v 5.685227 -0.468800 -3.286309
v 5.612599 -0.796262 -3.286308
v 5.713104 -0.819950 -3.286308
v 5.881561 -0.603966 -3.286309
v 5.690246 -0.818127 -3.117576
v 5.501492 -0.556894 -3.117576
v 5.883976 -0.622437 -3.117576
v 5.570780 -0.767596 -3.117576
v 5.788765 -0.809719 -3.117576
v 5.541848 -0.615856 -3.117576
v -5.680857 -0.547096 -2.267706
v 5.644907 -0.717443 -2.267729
v 5.799752 -0.645342 -2.267708
v 5.581084 -0.616899 -2.267932
v -5.585117 -0.644873 -2.267694
v -0.108436 -2.447842 -1.041571
v -0.630709 -2.655598 -0.733742
v 0.612712 -2.644190 -0.906961
v 0.000992 -2.677205 0.188261
v -0.646177 -2.653922 0.723485
v -0.514978 -1.639119 -0.964085
v -0.722986 -2.325014 -0.955464
v 0.238952 -2.242245 -1.998701
v 0.121718 -2.272827 -2.009374
v 0.339815 -1.637975 -0.288653
v 0.294355 -1.637641 0.325351
v 0.077690 -1.263929 -0.669431
v -0.231168 -1.383662 -0.747072
v -0.347205 -1.145404 -0.783669
v 0.301007 -1.439903 -0.828968
v -0.005257 -1.567458 -2.230626
v 0.148853 -0.831791 -2.189145
v 0.389670 -1.109872 -2.454114
v 0.158805 -1.468675 -2.583013
v 0.243909 -1.308947 -2.649282
v -0.127305 -1.321563 -2.675994
v -0.369423 -0.950606 -1.403193
v -0.225487 -1.578595 -1.411556
v -0.372123 -1.418929 -1.594642
v -0.025194 -2.146158 -2.785600
v -3.027460 0.463210 -1.514377
v 2.878447 0.031350 -3.169590
v 3.979483 -0.097613 0.474721
v 3.626118 -0.112450 1.587559
v 2.974185 0.261391 -2.847519
v 3.500649 0.279058 1.928852
v -2.652003 -0.278543 1.531106
v 2.204179 -0.341443 1.011703
v -3.588771 -0.195300 0.243731
v 2.727515 -0.308740 0.729180
v -0.769207 -0.406366 -0.961080
v -0.974279 -0.418293 -0.341122
v -3.848082 -0.062950 -1.313288
v -1.120238 -0.315045 -2.527397
v -0.474431 -0.305418 -2.831674
v -0.821281 -0.135576 -3.767470
v -0.322906 -0.075868 -3.984001
v 1.973750 -0.018382 -3.685931
v 3.425286 0.456120 0.413889
v -0.956518 1.290759 2.611299
v 2.215165 0.562889 1.784272
v 2.569300 0.573554 1.191692
v 2.756168 0.580099 0.566934
v 0.973467 0.589647 -2.668763
v 0.287827 0.597818 -2.809170
v 0.358386 0.598448 2.797937
v -0.859378 0.430057 -3.476449
v 2.769441 0.341832 2.775787
v 1.844831 0.396153 3.185024
v 0.974166 0.589651 2.668410
v 0.285461 0.429545 3.566042
v -1.653615 0.566960 2.334779
v 2.974186 0.261391 2.847517
v -2.974186 0.261391 -2.847517
v 2.101837 1.629616 1.642831
v 2.422931 1.655051 1.096833
v 2.605621 1.709034 0.362304
v 2.498415 1.864108 -0.418053
v 0.266008 1.904467 -2.504484
v -2.498415 1.864108 0.418053
v -1.559997 2.691399 0.210443
v -1.698679 2.628486 -0.281353
v 1.906643 2.527794 -0.005193
v 1.570074 2.700184 0.029832
v 0.467984 -0.419771 0.024242
v -0.269709 -1.791468 -1.964496
v -0.441200 -1.941383 -1.039788
v -0.956349 -1.657130 0.407725
v -0.545701 -1.650044 0.969643
v -0.104205 -2.074568 -4.211507
v -0.079494 -2.091326 -2.847832
v -0.117069 -1.836568 -4.206942
v 0.114392 -1.838980 -4.204766
v 1.882408 -0.857199 2.595298
v 2.152666 -0.868344 3.033894
v -0.679081 -0.887513 3.156725
v -1.902706 -0.869014 3.360735
v -0.965629 -0.887543 2.383759
v 2.259111 -2.023028 2.576540
v 2.532899 -1.859496 3.043174
v -2.002998 -1.969363 3.656391
v -1.115918 -0.919683 2.237172
v 0.817876 -2.023200 2.674525
v 1.902633 -0.869041 3.361085
v 1.054948 -0.113023 3.800841
v -1.418810 -1.025776 3.752116
v -2.281369 -2.023237 2.603811
v -2.014729 -0.887810 2.312609
v -0.025160 3.074141 -0.181186
v -1.656899 -0.051422 -3.747865
v -2.155550 -0.332151 -1.293553
v 1.679949 -1.029258 3.719862
v 1.471146 -1.156816 4.720362
v -1.474767 -1.150604 4.715439
v -1.781692 -1.669487 4.669654
v -1.712981 -1.265763 3.800973
v 1.649954 -1.177311 3.788808
v -1.488649 -1.157128 3.796028
v -5.224300 0.031588 -0.270023
v 5.234036 0.402186 -0.627491
v 5.224300 0.031588 0.270022
v 5.932622 0.686542 0.405073
v -5.766935 0.714059 -0.396636
v -5.933866 0.631041 -0.598273
v -6.275055 0.363736 0.473951
v 6.272902 0.363865 -0.478924
v -5.865082 0.677226 0.501176
v 5.864978 0.677134 -0.500074
v -5.506319 0.671084 0.397643
v 5.975561 -0.805750 0.180204
v -5.491858 0.655548 -0.476793
v -5.425322 0.416182 0.885884
v 5.509930 0.666734 -0.457073
v 5.322426 0.443456 -0.793746
v -5.545628 -0.305386 0.578471
v 5.545608 -0.305457 -0.577517
v 5.437037 -0.084443 -0.903695
v -5.408743 -0.021511 0.943776
v 5.776504 0.473402 0.907748
v -5.819698 0.443432 -0.897495
v 6.364441 -0.080565 0.059818
v 5.210421 0.076818 -0.499812
v -5.210421 0.076818 0.499812
v -0.838841 -0.021005 -4.020756
v -0.795713 0.071776 -4.046983
v -2.885329 0.054893 -3.151170
v 0.031318 0.037723 4.119864
v -3.577099 0.097732 -2.149147
v -2.884710 0.055651 3.151450
v 3.361109 0.055235 2.600387
v -3.219316 0.071969 -2.773926
v 5.697715 -0.991737 0.037948
v 5.875338 -0.956443 0.174074
v -5.859803 -0.951799 0.218950
v -5.483006 -0.925200 -0.168448
v 5.569086 -0.957673 0.170988
v 5.724759 -0.768120 -3.117576
v -5.694405 -0.553738 -3.286229
v -5.407858 -0.816057 0.216989
v -5.868124 -0.781747 0.303737
v -5.801701 -0.638584 -2.267689
v -5.675665 -0.474901 -3.286316
v 5.693315 -0.737242 -3.286299
vn 0.4295 0.9030 -0.0096
vn 0.0115 0.4235 -0.9058
vn 0.5352 0.3299 -0.7777
vn 0.9995 -0.0155 -0.0257
vn 0.0646 -0.9978 -0.0117
vn 0.0230 -0.9995 -0.0213
vn -0.9999 0.0121 0.0077
vn 0.2118 -0.2061 -0.9553
vn -0.0206 -0.9997 -0.0132
vn 0.1107 -0.9928 -0.0459
vn 0.0143 -0.9999 -0.0065
vn 0.0021 -0.9987 -0.0510
vn 0.8803 -0.0039 -0.4745
vn 0.9999 -0.0046 0.0142
vn 0.8555 -0.0797 0.5117
vn 0.0758 -0.9969 0.0199
vn 0.0184 -0.9871 0.1588
vn 0.5311 0.0398 0.8464
vn -0.2350 -0.0552 0.9704
vn -0.9566 0.0064 0.2912
vn -0.0186 -0.9996 0.0210
vn -0.1704 -0.9853 0.0107
vn -0.1461 -0.9824 0.1166
vn -0.4785 -0.2848 -0.8306
vn -0.2024 0.9792 -0.0100
vn -0.0141 0.9999 -0.0048
vn -0.0176 0.9998 -0.0113
vn 0.0160 0.9998 0.0112
vn -0.0235 0.9996 0.0128
vn -0.0540 0.9943 0.0917
vn -0.0097 0.9999 0.0047
vn -0.5284 0.1548 -0.8347
vn 0.1323 0.1579 -0.9785
vn 0.0272 -0.1511 -0.9881
vn -0.0081 -0.9865 -0.1638
vn 0.0099 -0.3899 -0.9208
vn 0.0627 -0.3419 -0.9376
vn -0.0978 -0.0800 -0.9920
vn 0.0050 0.0752 -0.9972
vn -0.0001 0.1262 -0.9920
vn -0.2417 -0.0054 -0.9703
vn 0.0205 -0.3492 0.9368
vn -0.2648 0.9642 0.0170
vn -0.0008 1.0000 0.0067
vn -0.4876 0.8728 -0.0204
vn -0.0041 1.0000 0.0082
vn 0.2288 -0.2028 -0.9521
vn 0.2518 -0.9661 -0.0570
vn 0.4799 -0.8748 -0.0660
vn -0.9969 -0.0112 0.0779
vn -0.0994 -0.9946 -0.0308
vn -0.0193 -0.9997 -0.0150
vn 0.9999 0.0119 0.0086
vn 0.2939 -0.0172 0.9557
vn -0.5889 0.0284 0.8077
vn -0.8464 -0.0035 -0.5326
vn 0.4241 0.0288 -0.9052
vn -0.0125 0.1370 -0.9905
vn -0.1590 -0.0216 -0.9870
vn -0.3200 -0.0862 -0.9435
vn 0.1240 -0.3842 -0.9149
vn 0.0115 0.4081 -0.9129
vn 0.0354 0.0020 -0.9994
vn 0.0225 0.0039 -0.9997
vn 0.0320 0.0047 -0.9995
vn 0.0328 0.0042 -0.9995
vn -0.0311 0.0036 -0.9995
vn -0.8627 0.4800 -0.1595
vn 0.0109 0.9984 -0.0558
vn 0.1980 0.9795 -0.0364
vn 0.0574 0.9982 -0.0179
vn 0.8741 -0.4735 -0.1086
vn 0.9550 -0.2773 -0.1057
vn 0.9930 -0.0920 -0.0741
vn 0.9552 0.2819 -0.0901
vn -0.0111 0.0004 -0.9999
vn -0.0287 -0.0044 -0.9996
vn -0.0383 0.0007 -0.9993
vn 0.0385 -0.0021 -0.9993
vn 0.0399 -0.0053 -0.9992
vn 0.0399 -0.0063 -0.9992
vn 0.2269 -0.2106 -0.9509
vn -0.9150 -0.0191 -0.4030
vn -0.9997 0.0103 0.0226
vn -0.2512 -0.5222 0.8150
vn -0.0029 -0.6099 0.7925
vn -0.0364 -0.5963 0.8020
vn 0.0029 -0.6130 0.7901
vn 0.1247 -0.6004 0.7899
vn 0.4213 -0.4295 0.7988
vn 0.5831 -0.0553 0.8106
vn 0.5369 -0.3040 0.7870
vn -0.5830 -0.0553 0.8106
vn -0.3734 -0.3854 0.8438
vn -0.4875 -0.2778 0.8277
vn -0.2274 0.5263 0.8193
vn -0.0958 0.5970 0.7965
vn -0.0196 0.6420 0.7665
vn 0.0048 0.6587 0.7524
vn -0.5651 0.0545 0.8232
vn -0.5554 0.1687 0.8143
vn -0.4060 0.4331 0.8047
vn 0.1976 -0.9474 0.2520
vn -0.8711 -0.2534 0.4206
vn 0.8959 -0.2014 0.3961
vn 0.1248 0.9699 0.2090
vn 0.9680 0.1547 0.1975
vn -0.7438 0.4630 0.4821
vn -0.1451 -0.9484 0.2821
vn 0.0137 -0.9154 0.4022
vn -0.8652 0.4919 -0.0972
vn 0.1188 -0.9889 -0.0896
vn 0.8792 -0.4758 -0.0252
vn 0.2393 0.9708 0.0142
vn 0.4060 0.9079 -0.1045
vn 0.9053 -0.4077 -0.1188
vn 0.4750 0.8314 -0.2881
vn -0.0247 0.9638 -0.2656
vn 0.7532 0.5015 -0.4257
vn 0.7561 0.0829 -0.6492
vn -0.3866 -0.8721 -0.3000
vn -0.3671 -0.5261 -0.7671
vn -0.0518 -0.9811 -0.1866
vn 0.2043 -0.9344 -0.2919
vn 0.5047 -0.8148 -0.2853
vn 0.8821 -0.2623 -0.3912
vn -0.0157 0.5837 -0.8118
vn -0.5417 0.7079 -0.4533
vn -0.3667 0.0433 -0.9293
vn -0.5908 -0.1714 -0.7884
vn 0.0114 -0.0001 0.9999
vn 0.1413 0.2028 -0.9690
vn -0.1033 0.7610 -0.6405
vn 0.0220 0.0016 -0.9998
vn 0.0381 0.1716 0.9844
vn -0.0103 -0.0014 -0.9999
vn -0.0095 -0.0023 -1.0000
vn 0.0177 0.2355 0.9717
vn -0.9971 0.0240 -0.0718
vn -0.5137 -0.8535 0.0877
vn -0.0740 -0.9967 0.0331
vn 0.1671 -0.9849 0.0456
vn 0.8838 -0.4567 0.1016
vn -0.0551 0.9978 0.0363
vn 0.3042 0.9526 0.0005
vn 0.0064 0.9999 0.0100
vn 0.8808 0.4712 -0.0453
vn 0.9761 0.1565 0.1508
vn 0.4522 0.8845 -0.1150
vn -0.0359 0.9993 0.0067
vn 0.9666 -0.2549 0.0265
vn -0.9238 -0.3697 0.0994
vn 0.1669 -0.9844 0.0561
vn 0.3854 -0.9199 -0.0718
vn 0.5852 -0.8051 0.0968
vn -0.1721 -0.9820 0.0784
vn -0.5268 -0.8493 -0.0328
vn -0.7678 0.6247 -0.1425
vn -0.0854 0.2458 -0.9655
vn -0.0044 0.1837 -0.9830
vn -0.0041 -0.9434 0.3316
vn -0.0056 0.0158 0.9999
vn -0.1374 0.0577 -0.9888
vn 0.0505 -0.1380 0.9891
vn 0.0137 -0.0026 -0.9999
vn 0.0681 -0.1294 -0.9893
vn 0.0069 -0.2336 -0.9723
vn 0.0511 0.0917 -0.9945
vn 0.0590 0.0807 -0.9950
vn 0.5014 -0.8528 -0.1461
vn -0.0862 -0.7836 -0.6152
vn -0.0529 -0.3879 -0.9202
vn -0.0325 -0.1142 -0.9929
vn -0.0313 -0.0363 -0.9989
vn 0.0221 0.6035 -0.7971
vn -0.0519 -0.9984 -0.0208
vn -0.2961 0.9356 -0.1923
vn -0.6050 0.5649 -0.5612
vn 0.2540 0.9180 -0.3046
vn 0.3221 0.9248 0.2024
vn 0.6384 0.5368 0.5516
vn -0.2607 0.9133 0.3130
vn 0.2035 -0.9543 0.2190
vn 0.2813 -0.9286 0.2419
vn -0.1433 0.9800 0.1378
vn -0.1561 0.9790 0.1309
vn -0.2159 0.9666 -0.1380
vn -0.1620 0.9785 -0.1277
vn -0.1554 0.9814 -0.1131
vn -0.1902 0.9817 -0.0100
vn -0.1616 0.9803 0.1136
vn 0.5862 -0.6468 -0.4878
vn 0.2378 -0.9140 -0.3286
vn 0.4022 -0.8935 -0.2000
vn 0.2567 -0.9651 -0.0512
vn 0.3471 -0.9378 -0.0104
vn 0.2072 -0.9780 0.0241
vn 0.1891 -0.9791 0.0751
vn 0.3056 -0.9357 0.1761
vn 0.4215 -0.8829 0.2071
vn 0.6413 0.5213 -0.5630
vn 0.7434 0.5710 -0.3485
vn 0.7789 0.5727 -0.2554
vn 0.3904 0.9128 0.1203
vn 0.7425 0.5738 0.3455
vn -0.6330 0.5417 0.5530
vn -0.7467 0.5713 0.3408
vn -0.7891 0.5843 0.1892
vn -0.3775 0.9194 -0.1105
vn -0.7958 0.5288 -0.2952
vn -0.2603 -0.9494 0.1758
vn -0.1649 -0.9747 0.1510
vn -0.1254 -0.9876 0.0947
vn -0.1266 -0.9871 0.0981
vn 0.0068 -0.9916 0.1294
vn 0.0084 -0.9974 0.0717
vn 0.1427 -0.9826 0.1190
vn -0.1528 -0.9851 0.0790
vn -0.0158 -0.9988 0.0473
vn 0.0137 -0.9984 0.0549
vn 0.0687 -0.9959 0.0591
vn -0.1816 -0.9826 0.0389
vn -0.3091 -0.9478 0.0779
vn -0.5152 -0.8461 0.1364
vn -0.1390 -0.9902 0.0112
vn -0.0438 -0.9984 0.0356
vn -0.0496 -0.9984 0.0287
vn 0.0741 -0.9970 0.0219
vn 0.1014 -0.9948 0.0037
vn 0.1418 -0.9896 0.0222
vn -0.2702 -0.9626 -0.0206
vn -0.3009 -0.9512 -0.0685
vn -0.1048 -0.9941 -0.0282
vn -0.1417 -0.9899 -0.0050
vn -0.0461 -0.9985 -0.0308
vn 0.0819 -0.9958 -0.0402
vn 0.1273 -0.9913 -0.0349
vn 0.0969 -0.9952 -0.0129
vn -0.3169 -0.9367 -0.1487
vn -0.1789 -0.9821 -0.0589
vn -0.1147 -0.9897 -0.0857
vn -0.1446 -0.9873 -0.0650
vn -0.0545 -0.9967 -0.0595
vn -0.0193 -0.9984 -0.0539
vn 0.0193 -0.9985 -0.0522
vn 0.0835 -0.9942 -0.0677
vn 0.1307 -0.9870 -0.0931
vn 0.1589 -0.9848 -0.0695
vn -0.1276 -0.9807 -0.1482
vn -0.0359 -0.9935 -0.1077
vn 0.0106 -0.9948 -0.1009
vn 0.0284 -0.9912 -0.1292
vn -0.2122 -0.9545 -0.2093
vn -0.3634 -0.8940 -0.2622
vn -0.1979 -0.9419 -0.2715
vn -0.2676 -0.8540 -0.4462
vn -0.2605 -0.8452 -0.4666
vn -0.1024 -0.9428 -0.3173
vn -0.0678 -0.9108 -0.4073
vn 0.0341 -0.9783 -0.2044
vn 0.1210 -0.9710 -0.2062
vn 0.1965 0.9781 0.0685
vn 0.1970 0.9780 0.0692
vn -0.2487 0.0398 0.9678
vn -0.4718 0.1207 0.8734
vn 0.6593 0.0327 -0.7512
vn 0.1874 0.9805 -0.0591
vn 0.2049 0.9787 -0.0080
vn 0.2494 0.9684 -0.0017
vn 0.9788 0.1548 0.1341
vn 0.9986 0.0372 0.0380
vn 0.9653 0.0754 -0.2501
vn 0.1965 0.9776 -0.0753
vn 0.7297 0.1656 -0.6634
vn -0.9653 0.0744 0.2505
vn -0.9788 0.1549 -0.1340
vn -0.9985 0.0383 -0.0385
vn -0.1419 0.1398 -0.9800
vn 0.1109 0.9732 -0.2016
vn -0.0064 0.9761 -0.2170
vn -0.0985 0.9734 -0.2071
vn -0.1322 0.9795 -0.1520
vn 0.1317 0.9770 0.1679
vn 0.0962 0.9745 0.2028
vn -0.0236 0.9672 0.2527
vn 0.0012 0.9766 0.2149
vn -0.1013 0.9734 0.2054
vn -0.1297 0.9771 0.1688
vn -0.3248 -0.8094 0.4893
vn -0.2524 -0.9011 0.3525
vn -0.0094 -0.9811 0.1933
vn -0.0300 -0.9695 0.2433
vn 0.0068 -0.9805 0.1966
vn 0.2108 -0.9337 0.2894
vn 0.2540 0.9180 0.3046
vn 0.1741 0.9420 0.2870
vn 0.3340 0.4781 0.8123
vn 0.2079 0.6751 0.7079
vn 0.1541 0.8820 0.4453
vn 0.1158 0.5927 0.7970
vn 0.0042 0.9195 0.3932
vn -0.0274 0.8529 0.5213
vn -0.3422 0.4778 0.8091
vn -0.2607 0.9133 -0.3130
vn -0.3491 0.5212 -0.7788
vn -0.2180 0.6171 -0.7561
vn -0.1503 0.8858 -0.4391
vn -0.0533 0.9246 -0.3771
vn 0.0165 0.9126 -0.4086
vn 0.1846 0.9246 -0.3331
vn -0.0116 0.9801 0.1980
vn -0.0453 0.9908 0.1274
vn -0.0374 0.9934 0.1081
vn 0.0102 0.9808 -0.1949
vn 0.1448 0.9874 0.0634
vn -0.1457 0.9870 -0.0671
vn 0.0982 0.9917 -0.0826
vn 0.6289 0.3531 0.6927
vn 0.7207 0.5286 0.4485
vn 0.9194 0.3349 -0.2062
vn 0.1887 0.5609 -0.8061
vn -0.9194 0.3349 0.2062
vn -0.0525 0.4727 -0.8797
vn -0.7207 0.5286 -0.4485
vn -0.6289 0.3531 -0.6927
vn -0.2411 0.3648 0.8993
vn -0.1512 0.5625 0.8129
vn 0.3657 0.8711 -0.3278
vn 0.2674 0.9352 -0.2322
vn -0.4053 0.9054 0.1262
vn -0.3626 0.9318 -0.0170
vn -0.0013 0.9356 0.3530
vn 0.0004 0.8810 0.4731
vn -0.3388 0.9364 -0.0911
vn -0.3143 0.9048 -0.2873
vn -0.4319 0.8009 -0.4148
vn -0.3258 0.8998 0.2901
vn 0.0013 0.9356 -0.3530
vn -0.0004 0.8810 -0.4731
vn 0.3383 0.9366 0.0917
vn 0.3143 0.9048 0.2873
vn 0.4319 0.8009 0.4148
vn -0.4927 0.8246 0.2779
vn -0.4319 0.8718 0.2310
vn 0.0023 0.9588 -0.2841
vn -0.2254 0.9488 -0.2211
vn 0.2834 0.9580 0.0436
vn 0.2254 0.9488 0.2211
vn 0.2892 0.9560 -0.0498
vn -0.1406 0.9785 0.1507
vn -0.2091 0.9630 0.1702
vn -0.2912 0.9554 0.0486
vn 0.2090 0.9618 -0.1768
vn 0.1530 0.9811 -0.1181
vn -0.2834 0.9580 -0.0436
vn -0.0023 0.9588 0.2841
vn 0.7597 0.0228 -0.6499
vn -0.8418 0.0727 0.5349
vn -0.0408 0.9861 -0.1610
vn 0.1806 0.9822 -0.0516
vn -0.1748 0.9835 0.0470
vn -0.1023 0.9898 0.0991
vn 0.1281 0.9812 0.1442
vn 0.0081 -0.9998 0.0162
vn -0.0021 -0.9999 -0.0136
vn 0.0027 -0.9999 0.0138
vn -0.0120 -0.9999 -0.0053
vn 0.0099 -0.9999 0.0022
vn -0.0068 -0.9998 -0.0192
vn 0.9533 0.2033 -0.2233
vn -0.9533 0.2033 0.2233
vn 0.2985 -0.4065 -0.8635
vn -0.9701 -0.1630 -0.1800
vn 0.9701 -0.1630 0.1800
vn -0.2985 -0.4065 0.8635
vn -0.0041 -1.0000 -0.0041
vn 0.0667 -0.9978 0.0004
vn 0.0067 -0.9988 -0.0481
vn -0.0033 -1.0000 0.0025
vn -0.0529 -0.9986 0.0085
vn -0.0266 -0.9995 -0.0161
vn 0.0013 -0.9992 0.0405
vn -0.0454 -0.4830 0.8745
vn 0.2630 -0.9644 -0.0278
vn -0.1971 -0.0044 -0.9804
vn 0.2492 0.0010 -0.9684
vn 0.8821 0.4685 0.0489
vn 0.9978 0.0400 -0.0538
vn -0.9776 -0.2056 0.0443
vn 0.9759 0.0309 -0.2158
vn 0.5848 -0.4059 -0.7023
vn 0.9052 -0.4245 -0.0188
vn -0.0802 -0.9967 -0.0092
vn 0.1722 0.9850 0.0118
vn -0.2462 0.9691 0.0151
vn 0.1595 -0.9870 -0.0196
vn -0.3504 0.9366 -0.0081
vn 0.3010 0.9536 0.0053
vn -0.9510 0.2601 0.1669
vn -0.9762 -0.1264 -0.1760
vn -0.2000 -0.9717 0.1258
vn -0.0475 -0.9984 -0.0305
vn 0.8896 -0.4179 0.1843
vn 0.0182 -0.1177 -0.9929
vn -0.0819 -0.0029 -0.9966
vn -0.0473 0.8745 0.4828
vn -0.0187 0.1271 -0.9917
vn 0.0297 0.7839 -0.6202
vn 0.0241 -0.7514 -0.6594
vn 0.9945 -0.1033 -0.0191
vn -0.2015 0.9731 0.1116
vn -0.2272 0.9734 -0.0303
vn -0.0568 0.9981 -0.0229
vn -0.1689 0.9856 -0.0043
vn -0.3278 0.9308 0.1616
vn -0.1044 0.9944 0.0146
vn -0.2275 0.9721 0.0566
vn -0.2353 0.9602 0.1509
vn -0.9959 0.0316 0.0843
vn -0.9614 0.2058 -0.1827
vn -0.8759 0.0499 -0.4799
vn 0.8678 0.0558 -0.4938
vn 0.7326 0.1450 -0.6651
vn 0.9874 0.0304 -0.1553
vn 0.8784 0.0023 0.4779
vn -0.8494 -0.5261 0.0412
vn -0.9936 -0.0967 0.0579
vn -0.9704 -0.0092 0.2412
vn -0.0405 0.9983 0.0414
vn 0.0088 0.9511 -0.3087
vn -0.0067 0.9928 -0.1195
vn 0.6453 -0.6421 -0.4139
vn 0.3863 0.9217 0.0339
vn 0.1986 0.9800 0.0139
vn 0.0528 0.9983 0.0235
vn -0.0470 0.9981 0.0404
vn -0.0094 0.9945 0.1045
vn 0.0491 0.9980 -0.0409
vn 0.0822 -0.9966 0.0057
vn 0.0857 -0.9920 -0.0926
vn 0.1007 -0.9949 0.0057
vn 0.3510 0.0192 -0.9362
vn -0.0213 -0.0390 -0.9990
vn 0.8737 -0.4862 0.0143
vn 0.8928 -0.4485 0.0414
vn 0.8615 -0.0354 -0.5066
vn -0.9945 -0.0794 0.0678
vn -0.9713 -0.0238 0.2365
vn 0.4476 0.7379 0.5051
vn -0.0597 0.2344 0.9703
vn 0.0960 0.2992 0.9494
vn -0.0253 -0.3957 0.9180
vn -0.1599 -0.2260 0.9609
vn -0.1451 -0.2021 0.9685
vn -0.2756 -0.1123 0.9547
vn -0.0882 -0.7612 0.6425
vn -0.4093 0.0726 0.9095
vn -0.4000 0.0697 0.9139
vn -0.2963 0.0428 0.9541
vn -0.7456 0.0989 0.6590
vn 0.3291 0.0192 0.9441
vn 0.6683 -0.1713 0.7239
vn 0.2186 -0.0311 0.9753
vn 0.5802 -0.2775 0.7658
vn 0.2303 0.1465 0.9620
vn 0.9193 0.0067 0.3934
vn -0.8419 -0.0726 0.5348
vn -0.9772 0.2037 0.0597
vn 0.9965 0.0502 0.0674
vn -0.8286 0.3268 0.4545
vn -0.9068 0.0317 -0.4204
vn -0.9896 -0.0262 -0.1415
vn 0.1835 -0.2543 0.9496
vn 0.1347 -0.2793 0.9507
vn 0.0418 -0.9549 0.2941
vn 0.1088 0.2973 0.9486
vn -0.1437 0.1772 0.9736
vn 0.0004 -1.0000 0.0037
vn -0.0033 -0.9987 -0.0502
vn -0.0005 -1.0000 0.0027
vn -0.1634 -0.9831 0.0825
vn -0.1316 -0.9911 -0.0177
vn -0.0053 0.9935 -0.1133
vn -0.1807 0.8980 -0.4011
vn 0.2947 0.9282 0.2272
vn 0.1148 0.9888 0.0955
vn -0.4255 -0.9049 -0.0116
vn 0.0791 0.9967 0.0204
vn -0.0640 0.0537 -0.9965
vn 0.1520 0.9466 -0.2843
vn 0.1307 0.9703 -0.2035
vn 0.1985 0.9065 -0.3726
vn 0.4674 0.3540 -0.8101
vn 0.0533 0.9969 0.0575
vn 0.2106 0.6325 -0.7454
vn 0.0784 -0.9621 0.2611
vn 0.1179 -0.9003 0.4189
vn 0.0794 -0.8606 0.5030
vn 0.1066 0.9666 0.2330
vn 0.1147 0.9782 0.1731
vn 0.0963 0.9758 -0.1962
vn 0.3922 0.1360 0.9098
vn 0.3863 0.1445 -0.9110
vn 0.0529 -0.9965 -0.0648
vn 0.0409 -0.9982 -0.0433
vn 0.0457 -0.9984 -0.0323
vn 0.0432 -0.9981 0.0444
vn 0.5205 -0.8532 -0.0332
vn 0.3794 0.1209 0.9173
vn 0.4772 0.1899 0.8581
vn 0.9220 0.0088 0.3870
vn -0.8993 -0.0117 0.4372
vn -0.9297 0.0420 -0.3659
vn -0.9868 -0.0248 -0.1603
vn -0.0934 -0.9956 0.0115
vn -0.6056 -0.7945 0.0441
vn -0.0584 -0.2558 0.9650
vn -0.0177 -0.9602 0.2788
vn 0.2478 -0.2302 0.9411
vn -0.1541 0.2364 0.9593
vn -0.3431 0.0162 -0.9392
vn -0.4342 0.9008 0.0047
vn -0.5169 0.8558 -0.0225
vn -0.0538 0.9985 0.0103
vn -0.0000 -1.0000 0.0037
vn -0.1970 -0.9761 0.0916
vn -0.1245 -0.9921 -0.0168
vn -0.1283 0.9309 -0.3421
vn -0.0587 0.9955 -0.0746
vn 0.1805 0.9782 0.1031
vn 0.0674 0.9965 0.0499
vn 0.6452 -0.0867 0.7591
vn -0.0396 0.1065 -0.9935
vn -0.6298 -0.0222 -0.7765
vn -0.0030 1.0000 0.0044
vn -0.0575 0.9952 -0.0796
vn -0.1251 0.9709 0.2044
vn -0.1992 0.6703 0.7148
vn -0.0942 -0.9507 0.2956
vn -0.4390 0.0989 -0.8930
vn -0.0862 -0.9956 -0.0369
vn -0.0899 -0.9954 0.0341
vn -0.0731 -0.9955 0.0611
vn -0.0733 -0.9954 0.0611
vn 0.4847 0.8743 0.0244
vn 0.5235 0.8519 0.0176
vn -0.3003 -0.9537 0.0139
vn -0.0792 -0.9929 0.0889
vn -0.5614 -0.8275 -0.0015
vn 0.5443 0.8379 0.0404
vn 0.1339 0.9910 0.0031
vn -0.9303 -0.3530 0.0994
vn 0.5116 -0.8592 0.0017
vn -0.1248 0.9921 0.0096
vn -0.6028 0.7978 0.0092
vn 0.5675 -0.8233 0.0107
vn 0.4970 0.8675 -0.0218
vn 0.0801 0.9968 -0.0016
vn -0.9897 0.1432 -0.0057
vn 1.0000 0.0049 0.0085
vn 0.2212 -0.9751 0.0140
vn 0.8110 -0.5823 0.0573
vn -0.2531 0.9674 -0.0113
vn -0.6734 0.7374 0.0522
vn 0.0624 -0.0369 0.9974
vn -0.3861 0.2627 0.8843
vn -0.1256 -0.0606 0.9902
vn 0.1278 0.0124 0.9917
vn 0.1242 -0.4984 0.8580
vn 0.1040 0.0446 0.9936
vn -0.0458 0.1094 0.9929
vn -0.0084 -0.0648 0.9979
vn 0.0365 0.1527 -0.9876
vn 0.1867 0.0170 0.9823
vn -0.2135 0.0034 0.9769
vn -0.1663 -0.0729 0.9834
vn -0.1673 0.0300 0.9855
vn 0.1727 -0.0291 0.9845
vn 0.0665 -0.0562 0.9962
vn 0.1290 0.1005 0.9865
vn 0.1471 -0.0061 0.9891
vn 0.0452 0.1734 0.9838
vn -0.1273 -0.0632 0.9899
vn -0.0813 0.1203 0.9894
vn -0.0951 0.0533 0.9940
vn 0.5324 0.1210 0.8378
vn 0.0349 -0.0265 0.9990
vn 0.8502 -0.0888 0.5189
vn -0.8036 -0.2379 0.5455
vn -0.2200 0.0070 0.9755
vn -0.2469 0.9690 -0.0043
vn -0.7445 0.6661 0.0449
vn 0.9153 -0.3973 0.0669
vn 0.7321 -0.6784 0.0626
vn 0.7997 -0.5959 0.0738
vn -0.8745 -0.4763 0.0921
vn -0.9972 -0.0747 -0.0064
vn -0.5121 -0.8588 0.0138
vn -0.6335 -0.7737 -0.0039
vn -0.8879 0.4434 0.1229
vn 0.0053 0.9908 0.1355
vn 0.0054 1.0000 -0.0005
vn 0.0080 -0.9973 -0.0731
vn -0.0016 -0.9999 -0.0121
vn -0.0168 -0.9768 -0.2135
vn 0.0093 0.2736 0.9618
vn -0.0053 0.9908 -0.1355
vn -0.0054 1.0000 0.0005
vn -0.7326 -0.6538 -0.1893
vn -0.9368 -0.3497 0.0128
vn -0.7664 -0.6399 0.0560
vn -0.4527 0.8909 -0.0385
vn -0.6739 0.7382 -0.0295
vn -0.3908 0.9185 -0.0606
vn 0.9960 0.0886 0.0075
vn 0.5630 -0.8118 0.1551
vn 0.8208 -0.5671 -0.0688
vn 0.9508 -0.2153 -0.2227
vn 0.5420 0.8396 0.0354
vn 0.6739 0.7382 0.0295
vn 0.6947 0.7082 -0.1260
vn 0.7338 0.6785 0.0360
vn -0.6774 0.7173 0.1629
vn -0.7338 0.6785 -0.0360
vn 0.9756 0.2137 -0.0503
vn -0.9390 -0.3434 -0.0209
vn -0.9509 0.3092 -0.0151
vn 0.9511 -0.3087 -0.0043
vn 0.9786 0.2051 0.0142
vn -0.0040 -0.9954 0.0960
vn -0.0013 -0.9999 0.0121
vn 0.0168 -0.9768 0.2135
vn 0.0353 -0.0637 -0.9973
vn -0.0149 -0.9854 0.1695
vn -0.0093 0.2872 -0.9578
vn 0.0131 -0.9855 -0.1694
vn 0.0025 0.9872 0.1596
vn -0.0353 -0.0637 0.9973
vn -0.0025 0.9872 -0.1596
vn 0.0669 0.9831 0.1707
vn 0.5930 0.7635 0.2557
vn 0.5829 0.7922 0.1809
vn 0.3282 0.9441 0.0319
vn 0.0001 -0.0002 1.0000
vn -0.7125 0.2936 0.6373
vn -0.0355 0.9341 -0.3552
vn -0.6079 0.6883 -0.3958
vn -0.5661 0.8023 -0.1893
vn -0.2967 0.9521 -0.0736
vn -0.9801 0.1909 0.0538
vn 0.9780 -0.2081 0.0131
vn 0.9539 -0.3000 -0.0055
vn -0.9841 -0.1768 -0.0150
vn -0.9817 -0.1897 -0.0174
vn -0.9879 0.0469 0.1480
vn -0.7368 0.6590 0.1509
vn -0.9606 0.0642 -0.2704
vn 0.9911 0.1063 -0.0807
vn 0.7068 0.6852 -0.1758
vn -0.1229 -0.6179 -0.7766
vn 0.7266 0.3204 -0.6078
vn -0.4695 0.8660 0.1721
vn -0.1645 0.9768 0.1370
vn 0.2964 -0.3636 0.8831
vn 0.0799 -0.1085 0.9909
vn 0.7870 0.0242 0.6165
vn 0.4706 0.8650 -0.1740
vn 0.1341 0.9818 -0.1343
vn 0.2145 0.9760 0.0381
vn 0.1993 0.9571 0.2102
vn 0.8007 -0.5429 0.2532
vn 0.5688 -0.5199 -0.6373
vn 0.5822 0.7678 -0.2673
vn 0.1302 0.9587 -0.2530
vn 0.2807 0.7778 0.5623
vn 0.0675 0.5814 0.8108
vn 0.2507 0.1363 0.9584
vn -0.3369 0.8602 -0.3828
vn -0.4031 -0.1894 0.8953
vn -0.7363 0.0872 -0.6710
vn -0.3528 -0.4313 0.8304
vn -0.0120 -0.4830 0.8755
vn -0.0197 0.9838 0.1780
vn -0.8010 -0.5921 -0.0884
vn -0.5672 -0.7636 -0.3085
vn 0.5315 -0.8375 0.1271
vn 0.6704 -0.6287 -0.3941
vn 0.1430 -0.9859 0.0870
vn 0.4051 -0.8851 0.2292
vn 0.1267 -0.9603 0.2486
vn 0.0216 -0.8817 -0.4714
vn 0.3214 -0.9282 -0.1874
vn -0.3704 -0.7174 0.5901
vn -0.1736 -0.9786 -0.1106
vn -0.4059 -0.8843 -0.2308
vn -0.1282 -0.9592 -0.2520
vn -0.0906 -0.8567 0.5078
vn 0.1904 -0.9491 0.2508
vn 0.3478 -0.8263 0.4430
vn 0.0064 -0.9919 -0.1268
vn 0.0667 -0.8673 -0.4933
vn -0.5468 -0.6976 -0.4631
vn -0.6063 -0.0657 -0.7925
vn -0.0249 -0.2149 -0.9763
vn -0.0264 0.8153 0.5784
vn 0.0356 -0.3655 0.9301
vn 0.5889 0.6528 -0.4765
vn 0.0810 0.2145 -0.9734
vn 0.5607 0.3537 0.7487
vn 0.4376 0.7446 0.5041
vn -0.5103 0.1665 -0.8437
vn -0.4080 0.6954 -0.5916
vn 0.8325 -0.0178 -0.5538
vn 0.9776 -0.0475 -0.2053
vn 0.8013 0.0141 0.5981
vn -0.9526 -0.0885 0.2909
vn 0.8241 0.1713 -0.5400
vn -0.6592 -0.1442 0.7380
vn -0.0110 0.9645 0.2639
vn 0.0099 0.1624 -0.9867
vn -0.0039 -0.9621 -0.2726
vn 0.0110 0.9645 -0.2639
vn -0.7769 0.5903 -0.2192
vn -0.7692 0.6163 -0.1686
vn -0.6886 0.7237 0.0465
vn 0.7769 0.5903 0.2192
vn 0.7645 0.6285 0.1433
vn 0.8037 0.5918 -0.0621
vn -0.0082 0.1624 0.9867
vn 0.0013 -0.9549 0.2969
vn 0.2152 -0.5942 -0.7750
vn 0.0160 -0.7337 -0.6793
vn -0.0057 0.5046 -0.8633
vn -0.2305 -0.1640 -0.9592
vn -0.3073 -0.5948 -0.7428
vn -0.2332 -0.6469 0.7260
vn -0.1150 0.4109 0.9044
vn 0.0874 -0.6692 0.7379
vn 0.1042 0.5332 0.8396
vn 0.3579 0.0109 0.9337
vn -0.7852 -0.5450 -0.2939
vn -0.9564 -0.1201 0.2664
vn -0.7634 0.1056 0.6372
vn 0.7585 -0.4974 0.4210
vn 0.8818 0.4077 0.2371
vn -0.4599 -0.6117 0.6437
vn 0.6563 -0.4980 0.5668
vn 0.4955 0.0038 -0.8686
vn -0.8671 0.0251 -0.4976
vn -0.7423 -0.1635 -0.6498
vn 0.0272 -0.9948 -0.0982
vn 0.1290 -0.9878 0.0878
vn 0.1516 -0.9632 0.2218
vn 0.5846 -0.7875 0.1952
vn 0.2402 -0.9627 -0.1248
vn 0.2969 -0.8223 -0.4855
vn -0.1380 -0.9849 -0.1045
vn -0.5308 -0.7168 -0.4521
vn -0.2492 -0.9684 0.0070
vn 0.8019 -0.5974 0.0128
vn -0.8298 -0.3302 0.4499
vn -0.0000 -0.0000 1.0000
vn -0.9501 0.0458 -0.3085
vn -0.9987 -0.0352 -0.0366
vn 0.3516 0.0471 0.9349
vn -0.0019 -0.0524 0.9986
vn -0.9998 -0.0074 -0.0185
vn 0.0012 -0.0035 -1.0000
vn 0.9996 -0.0236 0.0163
vn 0.1763 0.0739 0.9816
vn 0.0003 -0.0004 -1.0000
vn -0.0901 -0.3546 -0.9307
vn -0.0164 -0.1060 -0.9942
vn -0.4229 -0.5258 -0.7380
vn -0.0648 -0.0997 -0.9929
vn -0.0194 -0.1746 -0.9844
vn 0.5928 -0.6178 -0.5167
vn 0.0324 0.0353 -0.9989
vn 0.2253 0.2655 -0.9374
vn 0.3696 0.2023 -0.9069
vn 0.1702 -0.0020 -0.9854
vn 0.6485 -0.0386 -0.7602
vn -0.1448 0.0612 -0.9876
vn -0.0273 0.0038 -0.9996
vn 0.0681 -0.0366 -0.9970
vn 0.6832 -0.2577 -0.6833
vn -0.6391 0.7691 -0.0071
vn 0.7263 -0.6871 0.0193
vn -0.0002 0.0001 -1.0000
vn -0.0000 0.0001 1.0000
vn 0.0001 -0.0000 1.0000
vn 0.0001 0.0002 -1.0000
vn 0.0002 0.0002 -1.0000
vn 0.6431 0.7658 0.0026
vn -0.7816 0.6236 0.0106
vn 0.9015 -0.4327 -0.0085
vn 0.6557 -0.7549 0.0108
vn -0.8193 -0.5733 -0.0065
vn 0.6216 0.7833 0.0025
vn -0.1884 -0.9821 -0.0008
vn -0.1594 -0.9872 0.0004
vn 0.8292 -0.5508 0.0955
vn 0.7769 -0.6295 -0.0143
vn -0.8948 -0.3928 -0.2122
vn 0.7093 0.6980 -0.0981
vn -0.6708 0.7261 0.1514
vn -0.0009 -0.0010 -1.0000
vn 0.0007 -0.0013 -1.0000
vn -0.0002 -0.0003 1.0000
vn 0.0004 0.0006 -1.0000
vn -0.3889 -0.9194 0.0598
vn 0.2646 -0.9625 -0.0603
vn 0.6674 0.7413 0.0716
vn -0.9273 -0.3050 0.2170
vn 0.5645 0.8200 -0.0949
vn 0.0001 0.0001 -1.0000
vn -0.0001 -0.0000 -1.0000
vn -0.0000 -0.0000 -1.0000
vn 0.0002 -0.0019 -1.0000
vn 0.0011 0.0009 -1.0000
vn -0.0001 -0.0002 -1.0000
vn -0.7145 -0.6996 0.0117
vn 0.7590 0.6506 0.0234
vn -0.7380 0.6748 -0.0012
vn -0.5699 0.8217 0.0045
vn 0.5475 -0.8368 0.0063
vn 0.2773 0.9608 -0.0055
vn 0.0037 0.9999 0.0108
vn 0.4145 0.9100 -0.0056
vn 0.0977 0.1467 -0.9843
vn 0.0041 0.0274 -0.9996
vn -0.2580 -0.9660 -0.0147
vn -0.0164 -0.0356 -0.9992
vn 0.4855 -0.8741 -0.0162
vn 0.0449 -0.9990 0.0019
vn -0.2065 -0.9784 -0.0094
vn -0.0014 -0.2796 -0.9601
vn 0.0175 -0.9997 -0.0194
vn 0.2266 -0.4533 -0.8621
vn 0.2162 -0.2146 -0.9525
vn -0.0969 -0.9947 -0.0335
vn -0.1982 -0.9800 -0.0168
vn -0.1467 -0.0413 -0.9883
vn -0.1161 -0.9838 -0.1363
vn -0.0065 -0.9968 -0.0794
vn -0.0163 -0.9998 -0.0065
vn 0.0142 -0.0147 0.9998
vn 0.0209 -0.9993 -0.0303
vn 0.0026 -0.9989 -0.0468
vn 0.1865 -0.9823 -0.0192
vn 0.9990 -0.0368 -0.0271
vn 0.9566 0.0052 0.2913
vn 0.0232 -0.9996 0.0133
vn 0.1840 -0.9730 0.1396
vn -0.5474 0.0232 0.8366
vn -0.2671 -0.0156 -0.9635
vn -0.9979 -0.0407 0.0510
vn -0.8608 -0.0400 0.5074
vn -0.9519 -0.0092 -0.3062
vn -0.0014 -0.9991 0.0418
vn -0.0016 -0.9963 0.0862
vn -0.0630 -0.9827 0.1744
vn -0.1053 -0.9938 0.0346
vn -0.1227 0.1221 -0.9849
vn -0.4238 0.5295 -0.7349
vn -0.0577 0.2877 -0.9560
vn -0.7727 0.0092 -0.6347
vn -0.0642 0.9979 -0.0018
vn -0.0012 1.0000 0.0085
vn -0.9747 0.2108 -0.0746
vn -0.7499 0.6602 0.0420
vn -0.0067 1.0000 -0.0071
vn 0.0527 0.9986 -0.0002
vn -0.0175 0.9998 -0.0112
vn 0.0182 0.9998 0.0074
vn 0.0648 0.9979 0.0007
vn 0.0112 0.9998 -0.0167
vn 0.0698 0.9976 -0.0018
vn -0.0124 0.9998 0.0138
vn 0.0087 1.0000 -0.0049
vn 0.0077 0.9999 0.0070
vn -0.0008 0.9981 0.0620
vn -0.0468 0.9987 -0.0203
vn -0.0147 0.9999 0.0030
vn 0.0076 -0.9999 -0.0143
vn 0.0590 0.9930 0.1024
vn -0.0010 1.0000 -0.0099
vn 0.1507 0.0745 -0.9858
vn -0.0658 -0.0200 -0.9976
vn 0.1058 0.0764 -0.9915
vn 0.2725 -0.0328 -0.9616
vn 0.2117 -0.5236 -0.8252
vn 0.0251 -0.1259 -0.9917
vn -0.0361 0.1365 -0.9900
vn -0.0050 0.0560 -0.9984
vn -0.3729 -0.0091 -0.9278
vn 0.9718 -0.2341 0.0288
vn 0.2532 -0.9674 -0.0097
vn 0.0144 -0.9999 -0.0040
vn 0.4451 -0.8947 -0.0367
vn 0.2256 0.9741 -0.0145
vn 0.2743 -0.1672 -0.9470
vn 0.8805 -0.0000 0.4741
vn 0.0994 -0.9946 -0.0305
vn -0.3532 -0.9344 -0.0469
vn -0.3824 -0.0254 -0.9237
vn -0.2514 -0.9671 -0.0385
vn 0.9975 -0.0101 -0.0699
vn 0.0275 0.0311 0.9991
vn -0.2230 -0.0268 0.9745
vn 0.0074 0.0007 -1.0000
vn 0.4255 0.0295 -0.9045
vn 0.0339 0.0040 -0.9994
vn 0.0312 0.0042 -0.9995
vn -0.0334 0.0032 -0.9994
vn -0.0338 0.0018 -0.9994
vn -0.0317 0.0039 -0.9995
vn -0.0311 0.0042 -0.9995
vn -0.2852 0.9486 -0.1374
vn -0.0225 0.0044 -0.9997
vn -0.0087 0.0037 -1.0000
vn 0.4071 0.9125 -0.0414
vn -0.9538 0.2814 -0.1055
vn -0.9952 0.0940 -0.0283
vn -0.0026 1.0000 0.0019
vn -0.0574 0.9982 -0.0169
vn -0.1981 0.9793 -0.0419
vn -0.4358 0.8989 -0.0449
vn -0.0051 1.0000 -0.0007
vn 0.6700 -0.7405 -0.0523
vn 0.9973 0.0681 -0.0266
vn -0.9997 -0.0134 0.0195
vn 0.8676 0.4833 -0.1171
vn 0.7013 0.7044 -0.1091
vn -0.0390 -0.0002 -0.9992
vn -0.9572 -0.2781 -0.0804
vn -0.8732 -0.4729 -0.1182
vn -0.7198 -0.6830 -0.1243
vn 0.0414 -0.0034 -0.9991
vn -0.0386 -0.0055 -0.9992
vn -0.0384 -0.0049 -0.9993
vn -0.0369 -0.0020 -0.9993
vn 0.0057 0.0140 -0.9999
vn 0.0394 -0.0034 -0.9992
vn 0.0285 -0.0021 -0.9996
vn 0.9221 0.0228 -0.3863
vn -0.2089 -0.5523 0.8070
vn 0.3205 -0.5311 0.7843
vn 0.0386 -0.6362 0.7706
vn 0.6201 -0.2105 0.7557
vn -0.6110 -0.1796 0.7710
vn -0.0111 0.6447 0.7644
vn 0.2464 0.5875 0.7708
vn 0.0191 0.6346 0.7726
vn 0.1001 0.6162 0.7812
vn 0.5493 0.2812 0.7869
vn 0.4015 0.4287 0.8093
vn -0.5516 0.3528 0.7558
vn 0.5554 0.1687 0.8143
vn 0.5651 0.0545 0.8232
vn -0.0531 0.9546 0.2931
vn 0.3753 -0.8895 0.2606
vn -0.7807 -0.2957 0.5505
vn 0.4909 0.8238 0.2835
vn -0.4980 0.8507 0.1684
vn -0.5616 -0.8272 -0.0174
vn 0.8275 0.3837 0.4099
vn -0.9680 0.1547 0.1977
vn -0.4939 -0.6899 0.5292
vn -0.3943 -0.8751 0.2807
vn 0.5415 -0.8403 -0.0272
vn -0.1636 -0.9858 -0.0385
vn 0.0487 -0.9988 -0.0031
vn -0.1326 0.9908 -0.0267
vn 0.1586 -0.9868 -0.0327
vn -0.9298 -0.3617 -0.0673
vn -0.9987 -0.0387 0.0319
vn 0.9700 -0.2272 -0.0865
vn 0.8910 0.4534 -0.0230
vn -0.5401 0.8416 0.0091
vn 0.4635 0.8849 -0.0468
vn 0.1007 0.9898 -0.1003
vn 0.0422 0.9987 -0.0279
vn 0.0489 -0.4639 -0.8845
vn 0.0646 0.8800 -0.4705
vn 0.7211 0.2929 -0.6278
vn -0.8548 0.4968 -0.1500
vn -0.1785 -0.9724 -0.1502
vn 0.0853 -0.9216 -0.3786
vn -0.8118 -0.1410 -0.5666
vn 0.6769 -0.5592 -0.4786
vn -0.1550 0.9622 -0.2240
vn -0.3594 0.5213 -0.7740
vn 0.3167 0.0330 -0.9480
vn 0.1210 0.3022 -0.9455
vn -0.0379 0.0720 0.9967
vn 0.0322 -0.0521 -0.9981
vn 0.0718 -0.0020 -0.9974
vn -0.0006 0.0046 1.0000
vn 0.0291 0.0264 -0.9992
vn 0.0115 0.0064 0.9999
vn 0.0100 0.0121 0.9999
vn 0.0044 0.1523 0.9883
vn -0.0805 -0.0692 -0.9943
vn 0.5926 -0.8054 0.0129
vn -0.9867 0.1594 0.0313
vn -0.2067 -0.9784 -0.0080
vn 0.0639 -0.9978 0.0155
vn -0.7584 -0.6399 0.1234
vn -0.4942 0.8692 0.0135
vn 0.9559 0.2896 0.0495
vn 0.1521 0.9878 0.0341
vn 0.5524 0.8304 0.0730
vn 0.9445 -0.3233 0.0587
vn -0.3259 0.9450 0.0261
vn 0.3072 0.9489 0.0720
vn 0.0316 -0.0691 0.9971
vn -0.0065 0.9997 -0.0252
vn 0.9333 -0.3425 -0.1080
vn -0.9735 -0.1007 -0.2055
vn 0.0130 -0.9990 -0.0433
vn -0.6009 -0.7782 -0.1829
vn -0.9253 0.3122 0.2153
vn -0.0809 0.0483 -0.9955
vn -0.0922 -0.1911 0.9772
vn -0.0806 -0.1842 0.9796
vn -0.0101 0.0147 -0.9998
vn 0.0399 -0.1136 -0.9927
vn 0.0280 -0.0951 -0.9951
vn 0.0277 0.0301 -0.9992
vn 0.1040 -0.0284 0.9942
vn -0.0485 0.0833 -0.9953
vn -0.0006 0.0110 -0.9999
vn -0.1609 0.9868 0.0202
vn -0.0279 -0.1281 -0.9914
vn -0.6297 -0.7666 -0.1260
vn -0.2066 -0.0099 -0.9784
vn -0.2686 -0.9627 -0.0307
vn -0.6215 0.6875 -0.3755
vn -0.0935 0.4704 0.8775
vn 0.0412 0.2896 0.9563
vn 0.4043 0.6062 -0.6849
vn -0.4205 0.8744 -0.2420
vn -0.4040 0.6270 0.6661
vn 0.1753 0.9469 -0.2695
vn 0.4871 0.6357 -0.5988
vn 0.6078 0.7069 0.3619
vn 0.2970 0.9338 0.1996
vn -0.1919 0.9792 -0.0659
vn -0.1769 0.9446 0.2765
vn -0.4760 0.6568 0.5848
vn 0.6824 -0.4458 0.5792
vn -0.2448 0.9647 -0.0971
vn -0.1887 0.9803 0.0581
vn -0.1979 0.9799 -0.0258
vn -0.3002 0.9355 0.1864
vn -0.2033 0.9790 0.0178
vn -0.1851 0.9777 0.0990
vn 0.5397 -0.7848 -0.3046
vn 0.2629 -0.9529 -0.1514
vn 0.4762 -0.8625 -0.1713
vn 0.2330 -0.9713 -0.0474
vn 0.1790 -0.9838 -0.0078
vn 0.5027 -0.8517 0.1483
vn 0.1783 -0.9839 0.0116
vn 0.2330 -0.9706 0.0610
vn 0.1996 -0.9733 0.1130
vn 0.2952 0.9334 -0.2041
vn 0.4088 0.8796 -0.2434
vn 0.6090 0.7084 -0.3569
vn 0.3236 0.9393 -0.1140
vn 0.7269 0.6545 -0.2081
vn 0.5139 0.8441 0.1529
vn 0.3485 0.9302 0.1151
vn 0.7456 0.5887 0.3122
vn 0.2939 0.9445 0.1471
vn -0.0108 -0.9915 0.1298
vn -0.5794 0.7401 0.3414
vn -0.2848 0.9490 0.1352
vn -0.3611 0.9260 0.1103
vn -0.7053 0.6782 0.2065
vn -0.7289 0.6590 -0.1857
vn -0.4480 0.8833 -0.1379
vn -0.3044 -0.9302 0.2051
vn -0.3685 -0.8998 0.2337
vn -0.1664 -0.9715 0.1685
vn 0.1378 -0.9848 0.1054
vn -0.0103 -0.9970 0.0772
vn 0.0146 -0.9942 0.1063
vn 0.1305 -0.9897 0.0584
vn -0.2003 -0.9744 0.1020
vn -0.1492 -0.9865 0.0682
vn -0.0422 -0.9981 0.0438
vn -0.0239 -0.9984 0.0504
vn -0.0165 -0.9975 0.0685
vn 0.0228 -0.9986 0.0482
vn 0.0684 -0.9959 0.0587
vn 0.0900 -0.9946 0.0516
vn -0.0507 -0.9987 -0.0055
vn -0.2433 -0.9691 0.0417
vn -0.1076 -0.9936 0.0342
vn -0.2420 -0.9703 -0.0068
vn -0.1052 -0.9941 -0.0282
vn -0.0688 -0.9976 -0.0043
vn -0.1646 -0.9863 -0.0136
vn -0.0473 -0.9983 -0.0349
vn 0.1706 0.9788 0.1134
vn 0.1035 -0.9943 -0.0271
vn -0.2623 -0.9616 -0.0809
vn -0.1337 -0.9873 -0.0854
vn -0.0824 -0.9946 -0.0633
vn -0.0417 -0.9979 -0.0488
vn -0.0176 -0.9975 -0.0690
vn -0.0163 -0.9985 -0.0521
vn 0.0245 -0.9976 -0.0644
vn 0.0234 -0.9986 -0.0478
vn 0.1573 -0.9839 -0.0845
vn -0.1812 -0.9693 -0.1661
vn -0.1809 -0.9750 -0.1292
vn -0.3021 -0.9407 -0.1545
vn -0.1068 -0.9875 -0.1159
vn -0.0162 -0.9899 -0.1410
vn 0.0083 -0.9948 -0.1014
vn 0.1369 -0.9804 -0.1415
vn 0.1345 -0.9805 -0.1429
vn -0.1309 -0.9711 -0.1996
vn -0.1010 -0.9091 -0.4042
vn -0.0806 -0.9714 -0.2232
vn -0.0011 -0.9634 -0.2682
vn -0.0000 -0.9720 -0.2348
vn -0.0192 -0.9807 -0.1944
vn 0.0215 -0.9151 -0.4028
vn 0.0927 -0.9749 -0.2026
vn 0.2075 -0.9238 -0.3219
vn 0.2636 -0.8952 -0.3594
vn 0.1825 -0.9664 -0.1809
vn 0.8471 0.1582 0.5074
vn 0.1594 0.9787 0.1291
vn 0.2426 0.9674 0.0731
vn 0.1844 0.9828 0.0100
vn -0.1208 0.1640 0.9790
vn -0.4581 0.1039 0.8828
vn 0.7283 0.1655 0.6650
vn 0.9501 0.1636 0.2656
vn -0.7078 0.1508 0.6901
vn 0.9409 0.1543 -0.3013
vn 0.3715 0.1604 -0.9145
vn 0.8472 0.1586 -0.5071
vn -0.8470 0.1592 0.5072
vn 0.2475 0.9636 -0.1011
vn 0.1988 0.1578 -0.9673
vn -0.9409 0.1537 0.3017
vn -0.9500 0.1631 -0.2662
vn -0.8389 0.1485 -0.5236
vn 0.6755 0.0643 0.7346
vn 0.1991 0.9705 -0.1361
vn 0.1616 0.9785 -0.1279
vn 0.1596 0.9807 -0.1129
vn 0.0232 0.1668 0.9857
vn -0.2625 0.0413 -0.9641
vn -0.0264 0.0859 -0.9960
vn -0.7208 0.1825 -0.6687
vn 0.4559 0.0659 0.8876
vn -0.5646 -0.0085 -0.8253
vn 0.2063 0.0866 0.9747
vn 0.0488 0.9761 -0.2116
vn 0.1407 0.9801 -0.1398
vn 0.1301 0.9743 -0.1840
vn 0.0502 0.9758 0.2126
vn -0.0648 0.9784 -0.1965
vn -0.0173 0.9739 -0.2263
vn -0.1261 0.9734 -0.1911
vn 0.1431 0.9800 0.1385
vn 0.4060 0.6182 0.6730
vn -0.0575 0.9806 0.1872
vn -0.0179 0.9733 0.2289
vn -0.1261 0.9734 0.1911
vn -0.2019 -0.9373 0.2839
vn -0.0594 -0.9670 0.2479
vn -0.0239 -0.9435 0.3306
vn -0.0363 -0.9140 0.4041
vn 0.0298 -0.9667 0.2541
vn 0.0272 -0.9566 0.2900
vn 0.3027 -0.8117 0.4994
vn 0.2861 -0.7284 0.6225
vn 0.1748 0.9471 0.2693
vn 0.0577 0.9245 0.3767
vn 0.4765 0.6560 0.5854
vn 0.2034 0.8973 0.3917
vn 0.0979 0.9260 0.3646
vn -0.4065 0.6159 -0.6749
vn -0.2101 0.8911 0.4023
vn -0.1769 0.9446 -0.2765
vn 0.5964 0.5822 0.5526
vn -0.4766 0.6558 -0.5855
vn -0.2101 0.8911 -0.4023
vn -0.0987 0.9275 -0.3606
vn -0.0269 0.9368 -0.3487
vn 0.0604 0.9337 -0.3529
vn -0.1387 0.9895 -0.0405
vn -0.1040 0.9930 0.0563
vn 0.1056 0.9800 0.1684
vn 0.0947 0.9921 -0.0823
vn 0.0432 0.9983 -0.0401
vn 0.7722 0.5895 0.2371
vn 0.7632 0.5920 -0.2590
vn 0.9237 0.3797 -0.0514
vn 0.8084 0.5886 -0.0051
vn -0.5973 0.5815 0.5523
vn -0.6289 0.3723 0.6826
vn 0.5973 0.5815 -0.5523
vn 0.7208 0.5280 -0.4490
vn -0.7208 0.5280 0.4490
vn 0.1282 0.3817 -0.9154
vn 0.6293 0.3504 -0.6937
vn -0.7632 0.5920 0.2590
vn -0.9237 0.3797 0.0514
vn -0.8084 0.5886 0.0051
vn -0.7722 0.5895 -0.2371
vn 0.0161 0.6126 0.7903
vn 0.0871 0.3851 0.9187
vn -0.0290 0.6361 -0.7711
vn -0.1702 0.3159 -0.9334
vn -0.5964 0.5822 -0.5526
vn 0.4443 0.7905 -0.4215
vn -0.5584 0.8293 0.0215
vn -0.3352 0.9377 0.0911
vn -0.6377 0.7395 0.2156
vn -0.5648 0.8059 -0.1776
vn -0.5105 0.8592 0.0341
vn 0.0142 0.8002 0.5996
vn -0.3365 0.9388 -0.0739
vn -0.0142 0.8002 -0.5996
vn 0.0174 0.9098 0.4147
vn -0.3770 0.9145 -0.1467
vn 0.2994 0.9060 -0.2991
vn -0.4476 0.7910 -0.4172
vn -0.3035 0.9086 -0.2870
vn -0.2653 0.9275 0.2634
vn 0.4476 0.7910 0.4172
vn 0.5560 0.8142 0.1671
vn -0.0174 0.9098 -0.4147
vn 0.3871 0.9134 0.1255
vn 0.5585 0.8121 -0.1692
vn 0.3276 0.9423 0.0688
vn 0.4624 0.8786 0.1195
vn 0.3035 0.9086 0.2870
vn 0.6454 0.7636 -0.0195
vn 0.4578 0.8805 -0.1231
vn 0.3515 0.9316 -0.0929
vn -0.4350 0.7939 0.4248
vn -0.9855 0.0751 -0.1524
vn 0.0079 0.9815 -0.1915
vn -0.0173 0.9514 -0.3074
vn -0.2129 0.9567 0.1985
vn -0.2588 0.9382 0.2297
vn -0.1748 0.9746 0.1399
vn -0.2271 0.9508 -0.2105
vn -0.1759 0.9765 -0.1248
vn 0.1928 0.9761 0.1000
vn 0.2271 0.9508 0.2105
vn 0.1820 0.9740 0.1349
vn 0.2627 0.9626 -0.0663
vn -0.2627 0.9626 0.0663
vn 0.1668 0.9705 -0.1743
vn 0.2392 0.9441 -0.2269
vn 0.0173 0.9514 0.3074
vn -0.1791 0.9779 -0.1082
vn -0.0079 0.9814 0.1919
vn 0.0231 0.1540 -0.9878
vn -0.0069 -1.0000 -0.0006
vn -0.8769 0.0438 0.4787
vn -0.0458 0.9944 -0.0954
vn 0.1663 0.9853 -0.0403
vn -0.1055 0.9802 -0.1678
vn -0.1514 0.9881 0.0288
vn 0.1191 0.9887 0.0907
vn 0.1359 0.9903 0.0297
vn -0.0103 0.9999 0.0050
vn -0.0529 0.9978 -0.0393
vn 0.0089 -0.9999 0.0135
vn 0.0071 -1.0000 0.0024
vn 0.0076 -0.9998 -0.0167
vn -0.0005 -1.0000 -0.0039
vn -0.7885 -0.6149 -0.0119
vn -0.0014 -0.9999 0.0161
vn -0.0097 -0.9999 -0.0133
vn -0.1406 -0.3152 -0.9385
vn 0.9777 -0.1868 -0.0959
vn -0.9777 -0.1868 0.0959
vn 0.1406 -0.3152 0.9385
vn 0.0132 0.1677 -0.9857
vn -0.9296 0.2140 -0.3001
vn 0.9296 0.2140 0.3001
vn -0.0132 0.1677 0.9857
vn -0.0041 -0.9997 0.0248
vn 0.0412 -0.9991 -0.0106
vn 0.0324 -0.9994 0.0120
vn -0.0006 -0.9992 -0.0402
vn 0.0038 -1.0000 -0.0064
vn 0.0041 -0.9997 -0.0247
vn -0.0606 -0.9982 0.0047
vn -0.0166 -0.9998 -0.0136
vn -0.0101 -0.9983 0.0580
vn 0.5069 -0.8618 -0.0160
vn -0.0957 0.0266 -0.9951
vn 0.5656 -0.0417 -0.8237
vn 0.1174 0.0015 -0.9931
vn -0.8698 -0.4924 -0.0320
vn -0.1334 0.2644 -0.9551
vn -0.9769 0.0237 -0.2123
vn -1.0000 0.0025 0.0019
vn -0.9989 -0.0425 -0.0209
vn 0.7573 0.0515 -0.6510
vn 0.9998 0.0200 -0.0052
vn 0.9816 0.1910 0.0030
vn -0.9787 0.2051 0.0052
vn -0.1073 -0.9942 -0.0103
vn 0.4351 -0.8977 0.0700
vn 0.2231 0.9747 0.0166
vn -0.1795 0.9837 0.0103
vn 0.4549 -0.8905 0.0001
vn 0.0602 -0.0607 -0.9963
vn -0.2630 0.9619 0.0746
vn 0.3696 0.9260 0.0767
vn 0.9444 0.2795 0.1733
vn 0.9970 0.0291 -0.0717
vn -0.8975 -0.4281 0.1057
vn -0.1381 0.0110 -0.9904
vn -0.0609 -0.1852 -0.9808
vn 0.0183 0.1089 -0.9939
vn -0.0144 0.0460 -0.9988
vn 0.2423 0.9701 0.0155
vn 0.0391 0.0141 -0.9991
vn 0.0214 0.0074 -0.9997
vn -0.0197 0.0631 -0.9978
vn 0.0416 -0.0166 -0.9990
vn 0.9801 0.1982 0.0118
vn -0.9912 -0.1325 -0.0027
vn -0.3636 0.9189 -0.1531
vn -0.1051 0.9944 -0.0045
vn -0.4702 0.8643 -0.1787
vn -0.2961 0.9447 -0.1410
vn -0.2065 0.9784 0.0087
vn -0.1831 0.9830 0.0126
vn -0.0703 0.9971 -0.0294
vn 0.0701 0.0493 0.9963
vn -0.1655 0.9803 -0.1082
vn 0.9966 0.0802 0.0172
vn -0.6453 -0.0960 0.7579
vn -0.2476 0.9409 0.2310
vn 0.0580 0.0189 -0.9981
vn 0.9804 0.1703 0.0987
vn -0.7998 -0.6001 0.0082
vn -0.0365 0.9945 0.0980
vn 0.1441 0.9876 -0.0622
vn -0.0625 0.9889 0.1346
vn 0.1692 0.8861 -0.4316
vn 0.2308 0.9722 -0.0394
vn 0.2038 0.9724 0.1133
vn 0.2005 0.9733 0.1115
vn 0.0817 0.9962 -0.0303
vn 0.1484 0.9872 -0.0589
vn 0.2051 0.9723 -0.1120
vn 0.5348 0.8168 0.2165
vn 0.4629 0.8854 0.0425
vn -0.0314 0.9384 0.3442
vn 0.1153 0.9924 -0.0428
vn -0.0550 0.9954 0.0780
vn 0.0140 0.9700 -0.2428
vn -0.2959 0.9279 0.2268
vn -0.1168 0.9855 0.1233
vn 0.2987 0.9289 -0.2189
vn 0.1816 0.9050 -0.3846
vn 0.0552 -0.0553 -0.9969
vn 0.0075 0.9934 -0.1144
vn 0.1102 -0.9918 -0.0641
vn 0.1175 -0.9929 0.0158
vn -0.0001 -0.9981 -0.0619
vn 0.1188 -0.9929 0.0100
vn 0.6796 -0.0578 -0.7313
vn 0.9904 -0.0236 -0.1358
vn -0.8395 -0.5433 0.0068
vn 0.4285 0.0314 -0.9030
vn -0.5240 -0.3527 0.7752
vn 0.1197 0.1760 0.9771
vn 0.1557 0.4033 0.9017
vn -0.0909 0.2602 0.9613
vn -0.0057 -0.3672 0.9301
vn -0.5248 -0.4478 0.7239
vn -0.1435 -0.2081 0.9675
vn -0.4385 -0.0340 -0.8981
vn -0.5543 0.0591 0.8302
vn -0.1827 0.0742 0.9804
vn -0.6664 0.5595 -0.4927
vn 0.3918 -0.0731 0.9171
vn 0.3459 -0.3226 0.8811
vn 0.4465 0.4081 0.7963
vn 0.6421 0.2386 0.7285
vn -0.2759 -0.1258 0.9529
vn -0.9207 0.3888 -0.0344
vn 0.9702 -0.0015 0.2423
vn 0.9939 -0.0140 -0.1098
vn 0.9229 0.0103 -0.3849
vn -0.9998 0.0161 0.0138
vn -0.9722 -0.0046 0.2341
vn 0.1702 -0.3265 0.9297
vn 0.1458 -0.7678 0.6239
vn 0.5545 -0.5065 0.6603
vn -0.2024 0.9411 0.2710
vn 0.1006 0.2538 0.9620
vn -0.0096 0.9753 -0.2207
vn -0.0174 -0.0354 -0.9992
vn -0.0472 -0.9954 -0.0839
vn -0.0700 -0.9974 0.0143
vn 0.0328 0.9468 0.3202
vn 0.0106 0.9947 0.1020
vn 0.0754 0.9949 0.0665
vn -0.0536 -0.9986 -0.0005
vn -0.2954 -0.9553 0.0096
vn 0.1324 0.9516 0.2772
vn 0.0358 0.9986 -0.0382
vn 0.0462 0.9984 0.0334
vn 0.1169 0.9600 -0.2543
vn 0.2658 0.7976 -0.5415
vn 0.2557 0.8023 0.5394
vn 0.1939 0.8842 -0.4249
vn 0.1432 0.9372 -0.3181
vn 0.1808 0.9092 0.3751
vn 0.4012 0.3658 0.8398
vn 0.3394 0.6021 0.7227
vn 0.3373 0.5949 -0.7296
vn 0.1163 0.9226 -0.3678
vn 0.1229 -0.9067 -0.4035
vn 0.0700 -0.9580 0.2782
vn 0.0663 -0.9914 -0.1132
vn 0.0750 -0.9702 -0.2306
vn 0.0480 -0.9986 0.0203
vn 0.0580 -0.9960 -0.0685
vn 0.0449 -0.9984 -0.0329
vn 0.0532 -0.9985 -0.0096
vn 0.3924 0.9198 0.0081
vn 0.2454 -0.9693 0.0178
vn 0.8125 0.1541 0.5622
vn -0.1633 -0.2607 0.9515
vn -0.9988 0.0320 0.0370
vn 0.9671 -0.0041 0.2545
vn 0.9974 0.0417 0.0589
vn 0.9076 0.0278 -0.4190
vn -0.3959 -0.9182 -0.0133
vn 0.0022 -0.9984 -0.0562
vn 0.0394 0.9992 -0.0059
vn -0.1092 -0.4116 0.9048
vn -0.1179 0.3407 0.9327
vn -0.4290 0.1083 0.8968
vn -0.6237 -0.0574 -0.7795
vn -0.0854 -0.9918 -0.0955
vn 0.0055 0.9449 -0.3273
vn -0.0006 -1.0000 0.0028
vn -0.0753 -0.9971 0.0125
vn -0.1208 0.9794 -0.1621
vn -0.0598 0.0398 0.9974
vn 0.0007 0.9960 -0.0891
vn -0.1148 0.9820 -0.1500
vn 0.1504 0.9757 0.1591
vn -0.0074 0.9936 0.1130
vn -0.0038 0.9991 0.0419
vn -0.1324 0.9516 -0.2772
vn -0.0527 0.9973 0.0515
vn -0.1321 0.9602 0.2459
vn -0.2557 0.8023 -0.5394
vn -0.1808 0.9092 -0.3751
vn -0.2680 0.8045 0.5300
vn -0.1668 0.9316 0.3230
vn -0.1838 0.8850 0.4278
vn -0.4160 0.3672 0.8319
vn -0.3471 0.6156 0.7075
vn -0.4032 0.3691 -0.8374
vn -0.3394 0.6021 -0.7227
vn -0.1345 0.8761 0.4631
vn -0.0652 -0.9921 -0.1073
vn -0.1205 -0.8795 0.4603
vn -0.0863 0.9573 0.2759
vn -0.0873 -0.9745 -0.2069
vn 0.9086 0.4142 0.0533
vn -0.0848 -0.9959 0.0317
vn 0.0652 -0.9979 0.0034
vn -0.0406 0.9992 0.0007
vn 0.8141 0.5798 0.0325
vn 0.2599 0.9655 0.0176
vn 0.8012 0.5950 0.0631
vn 0.9999 0.0131 0.0050
vn 0.9955 -0.0938 0.0125
vn 0.5271 -0.8498 -0.0103
vn 0.6834 -0.7285 0.0466
vn 0.0576 -0.9983 -0.0042
vn -0.0076 -0.0290 0.9996
vn -0.6571 0.7525 0.0443
vn -0.0935 0.9956 0.0084
vn 0.1319 0.0028 0.9913
vn 0.1915 -0.1557 -0.9691
vn -0.3710 -0.3147 0.8737
vn 0.0375 -0.1373 0.9898
vn 0.1341 0.0444 0.9900
vn 0.0075 0.0349 0.9994
vn -0.0188 -0.2634 0.9645
vn -0.2225 0.0622 0.9729
vn 0.0508 -0.0006 0.9987
vn 0.0207 0.2743 0.9614
vn -0.1250 -0.0704 0.9896
vn 0.2605 0.2304 0.9376
vn 0.1550 -0.0698 0.9854
vn 0.0730 0.0844 0.9938
vn -0.0479 0.3626 0.9307
vn -0.5551 0.7791 -0.2914
vn 0.0116 -0.6028 0.7978
vn 0.8147 0.0849 0.5736
vn 0.2356 -0.4471 0.8629
vn -0.5457 0.0206 0.8377
vn -0.0367 -0.9993 0.0073
vn 0.4674 0.0187 0.8838
vn -0.6213 -0.0053 0.7836
vn -0.0820 0.9966 0.0113
vn 0.9248 -0.3731 0.0742
vn 0.9534 -0.3018 -0.0037
vn 0.9500 0.2968 0.0969
vn 0.7924 0.6099 0.0070
vn -0.8656 0.4903 0.1020
vn -0.7735 0.6321 0.0473
vn -0.9989 0.0285 0.0371
vn -0.9860 -0.1538 -0.0644
vn -0.8434 0.5287 -0.0960
vn -0.6821 -0.7121 0.1660
vn 0.7735 0.6321 -0.0473
vn -0.3174 0.9477 0.0336
vn -0.8056 0.5924 -0.0047
vn 0.9968 0.0404 0.0696
vn 0.8351 0.5383 0.1138
vn 0.5728 -0.8114 0.1166
vn 0.3969 -0.9178 -0.0067
vn 0.9489 0.0113 0.3155
vn 0.2862 0.9581 -0.0080
vn 0.8057 0.5924 0.0047
vn 0.6900 0.7128 -0.1256
vn 0.9984 0.0562 0.0010
vn -0.9794 -0.1997 0.0300
vn -0.9954 0.0488 -0.0828
vn -0.8881 0.1441 -0.4364
vn 0.9766 -0.2132 -0.0275
vn -0.0071 -1.0000 -0.0024
vn 0.0082 -0.9997 0.0233
vn -0.0074 1.0000 -0.0041
vn -0.0012 0.9904 0.1379
vn 0.0074 1.0000 0.0041
vn 0.0012 0.9904 -0.1379
vn 0.1818 0.9826 0.0390
vn 0.4580 0.7856 0.4159
vn -0.4284 0.6871 0.5868
vn -0.7356 0.1086 0.6687
vn -0.3325 0.9366 -0.1103
vn -0.1484 0.9882 -0.0368
vn -0.9988 0.0489 -0.0010
vn 0.9799 0.1929 0.0508
vn 0.9983 0.0576 0.0009
vn 0.9963 0.0358 0.0780
vn 0.9999 0.0154 0.0029
vn -0.9741 0.2212 -0.0465
vn -0.9964 0.0849 0.0038
vn -0.9859 -0.1673 0.0100
vn -0.7700 0.6261 0.1228
vn -0.8646 0.0820 -0.4957
vn -0.9181 0.0280 -0.3954
vn -0.9956 -0.0378 -0.0861
vn -0.7442 0.6631 -0.0798
vn 0.2988 0.5938 -0.7471
vn 0.7834 0.6112 -0.1128
vn -0.0213 -0.4558 -0.8898
vn -0.5510 -0.5630 -0.6160
vn -0.7251 0.0221 -0.6883
vn 0.8032 -0.5956 0.0156
vn -0.0581 -0.2530 0.9657
vn -0.4741 0.8641 0.1690
vn -0.0473 0.9596 0.2773
vn -0.0538 0.9981 0.0302
vn -0.3688 0.8361 0.4060
vn 0.2449 -0.6601 0.7102
vn 0.4776 0.8619 -0.1705
vn 0.0344 0.9787 -0.2024
vn 0.0657 0.9977 -0.0133
vn 0.3276 0.8626 -0.3854
vn 0.6330 0.7624 0.1341
vn 0.7105 0.7037 -0.0008
vn 0.3326 0.9430 -0.0113
vn 0.1192 0.9529 0.2790
vn 0.7247 0.1357 0.6756
vn 0.5119 -0.5749 -0.6384
vn 0.7010 0.7132 0.0035
vn 0.1761 0.9782 -0.1098
vn -0.2475 0.9688 -0.0128
vn 0.5553 0.7095 0.4339
vn 0.0991 0.3379 0.9360
vn -0.6348 0.7581 -0.1493
vn -0.6843 0.7288 -0.0236
vn -0.4476 0.8942 0.0045
vn -0.1305 0.6183 -0.7751
vn -0.1114 0.9732 -0.2013
vn -0.4577 -0.2437 0.8550
vn -0.3776 -0.7395 0.5572
vn -0.5060 0.8305 0.2330
vn -0.0332 -0.4473 0.8938
vn -0.7351 0.6779 -0.0023
vn 0.7293 -0.6842 -0.0017
vn -0.1954 0.9352 0.2954
vn -0.5201 -0.8481 0.1009
vn -0.6729 -0.7246 0.1488
vn -0.6665 -0.7148 0.2116
vn -0.7313 -0.6819 -0.0092
vn -0.4116 -0.9113 -0.0125
vn -0.7027 -0.6558 -0.2760
vn -0.5760 -0.8104 0.1072
vn 0.7190 -0.6727 -0.1746
vn 0.4392 -0.8984 0.0062
vn 0.6621 -0.7280 0.1781
vn 0.6769 -0.7094 0.1963
vn 0.5309 -0.8373 -0.1303
vn -0.2352 -0.9468 0.2198
vn 0.0923 -0.9864 0.1361
vn 0.3991 -0.8951 0.1989
vn 0.5453 -0.7483 0.3778
vn 0.2103 -0.9697 -0.1246
vn 0.3012 -0.8774 -0.3734
vn -0.2353 -0.9572 0.1688
vn -0.2111 -0.9367 0.2792
vn -0.1454 -0.9844 0.0987
vn -0.0961 -0.9843 -0.1483
vn -0.8897 0.3598 -0.2809
vn -0.3833 -0.9085 -0.1661
vn -0.5653 -0.7356 -0.3734
vn -0.4047 -0.8054 0.4332
vn 0.2904 -0.9238 -0.2494
vn -0.1411 -0.9653 -0.2200
vn -0.0597 -0.9864 -0.1530
vn -0.4660 -0.8478 -0.2532
vn 0.1896 -0.9509 0.2448
vn 0.1121 -0.9768 0.1823
vn 0.6203 -0.6921 0.3691
vn 0.3529 -0.8285 -0.4348
vn -0.4804 0.5429 0.6889
vn -0.2234 -0.0677 -0.9724
vn -0.1231 -0.6460 -0.7533
vn 0.3448 -0.1215 -0.9308
vn -0.2093 0.6007 0.7716
vn 0.1087 -0.6129 0.7827
vn 0.5044 -0.6755 0.5378
vn 0.6599 0.0191 -0.7511
vn 0.1372 0.5518 -0.8226
vn 0.2121 0.2393 0.9475
vn 0.9965 0.0462 -0.0695
vn 0.7977 0.0354 -0.6020
vn -0.1261 0.8181 -0.5611
vn -0.0699 0.0966 -0.9929
vn -0.9937 0.0392 0.1046
vn 0.9969 0.0306 0.0730
vn -0.3992 0.9104 0.1087
vn -0.8930 0.0960 0.4396
vn -0.7393 0.0953 0.6666
vn 0.0039 0.2630 0.9648
vn -0.0039 0.2631 -0.9648
vn -0.9976 0.0289 -0.0629
vn -0.7042 0.7097 -0.0193
vn 0.4008 0.9097 -0.1091
vn 0.7042 0.7097 0.0193
vn -0.0070 -0.7788 0.6272
vn 0.2067 0.5660 -0.7981
vn 0.2814 -0.2070 -0.9370
vn 0.0303 0.6099 -0.7919
vn -0.0976 0.6588 -0.7459
vn -0.0270 -0.2603 -0.9652
vn -0.0081 -0.6078 -0.7940
vn -0.2254 -0.6273 -0.7455
vn -0.2065 0.5853 -0.7841
vn -0.4890 -0.5118 -0.7063
vn -0.3243 -0.4917 0.8081
vn -0.0224 -0.7500 0.6610
vn -0.0229 0.6410 0.7672
vn -0.1254 0.2327 0.9644
vn 0.1483 -0.1423 0.9786
vn 0.4900 -0.5121 0.7055
vn -0.9172 -0.0760 -0.3911
vn -0.8365 -0.4942 -0.2366
vn -0.8557 0.3366 0.3930
vn -0.7331 -0.5037 0.4570
vn 0.9174 -0.3105 -0.2488
vn -0.7033 -0.5066 -0.4987
vn -0.0964 -0.9038 -0.4170
vn -0.6638 -0.7479 0.0018
vn 0.0014 -0.9684 0.2493
vn 0.3276 -0.9448 0.0039
vn 0.0597 -0.9532 0.2965
vn -0.0298 -0.9881 -0.1509
vn -0.2188 -0.9746 0.0468
vn -0.9783 0.0105 0.2069
vn 0.6690 -0.7391 0.0789
vn 0.6165 -0.6553 -0.4364
vn 0.1207 -0.9896 -0.0786
vn -0.7420 -0.6651 -0.0845
vn -0.6083 -0.7751 0.1708
vn -0.5884 -0.8063 0.0608
vn 0.4600 -0.5231 0.7174
vn -0.0012 0.0010 -1.0000
vn -0.9624 -0.2622 -0.0702
vn -0.1297 0.0511 0.9902
vn -0.5575 0.0299 0.8297
vn 0.9996 0.0259 0.0130
vn 0.8411 -0.0509 0.5385
vn 0.9999 0.0015 -0.0141
vn 0.8094 0.0059 -0.5873
vn -0.9999 0.0118 0.0016
vn 0.9996 -0.0217 0.0185
vn 0.5830 -0.0583 0.8104
vn -0.0102 -0.0390 0.9992
vn -0.0877 0.0230 -0.9959
vn 0.8918 -0.0017 -0.4524
vn -0.2085 0.1041 -0.9725
vn 0.7359 -0.6771 -0.0004
vn 0.0086 -0.0408 -0.9991
vn 0.0523 0.0062 -0.9986
vn -0.0271 -0.1308 -0.9910
vn 0.0501 -0.6753 -0.7359
vn 0.0944 -0.7356 -0.6708
vn -0.7366 -0.0078 -0.6763
vn 0.0328 -0.0289 -0.9990
vn -0.0305 0.0065 -0.9995
vn -0.1094 -0.0812 -0.9907
vn 0.0395 -0.0434 -0.9983
vn -0.6706 -0.7419 -0.0020
vn -0.7028 -0.7112 0.0140
vn 0.7525 0.6586 -0.0045
vn 0.6959 0.7182 0.0056
vn -0.0003 -0.0004 -1.0000
vn 0.0269 0.0269 -0.9993
vn -0.6278 0.7784 -0.0030
vn 0.6517 0.7585 0.0018
vn 0.1367 -0.9906 -0.0023
vn -0.8015 -0.5979 -0.0095
vn -0.5355 -0.8445 0.0072
vn 0.6304 0.7763 0.0033
vn -0.0001 0.0003 1.0000
vn -0.9633 0.2658 0.0369
vn -0.5445 0.8387 -0.0025
vn 0.0651 -0.9978 0.0105
vn -0.8099 -0.5850 0.0428
vn 0.1006 -0.9948 -0.0167
vn 0.6071 0.7904 0.0812
vn -0.5200 0.8511 -0.0726
vn 0.9131 -0.4076 0.0052
vn -0.0008 -0.0009 -1.0000
vn -0.0000 0.0003 1.0000
vn -0.0001 -0.0000 1.0000
vn -0.0006 -0.0008 1.0000
vn -0.2294 -0.9731 -0.0206
vn -0.5393 0.8277 -0.1551
vn 0.0850 -0.9961 0.0223
vn -0.3872 0.9201 0.0588
vn -0.8136 -0.5719 -0.1045
vn 0.0001 -0.0000 -1.0000
vn -0.0000 0.0002 -1.0000
vn 0.0009 -0.0011 -1.0000
vn -0.0000 -0.0002 -1.0000
vn 0.6036 -0.7973 -0.0028
vn 0.8442 0.5359 0.0077
vn -0.6409 -0.7676 0.0035
vn -0.6485 0.7611 0.0144
vn 0.5147 -0.8573 0.0015
vt 0.257212 0.593750
vt 0.263614 0.593750
vt 0.255898 0.593750
vt 0.272713 0.594589
vt 0.281157 0.597713
vt 0.274274 0.594375
vt 0.262473 0.593750
vt 0.263459 0.593750
vt 0.263743 0.593750
vt 0.257562 0.593750
vt 0.252457 0.593750
vt 0.256769 0.593750
vt 0.245481 0.593750
vt 0.241148 0.593750
vt 0.242393 0.593750
vt 0.241297 0.593750
vt 0.270077 0.593751
vt 0.258694 0.594865
vt 0.229900 0.603531
vt 0.250063 0.614556
vt 0.226661 0.628923
vt 0.281249 0.599728
vt 0.273438 0.620294
vt 0.272699 0.596387
vt 0.249991 0.630834
vt 0.281217 0.611651
vt 0.281234 0.635198
vt 0.281250 0.635797
vt 0.281211 0.653316
vt 0.274666 0.655653
vt 0.271267 0.648135
vt 0.243569 0.654842
vt 0.268892 0.656250
vt 0.235245 0.656250
vt 0.226159 0.651842
vt 0.218766 0.635194
vt 0.221331 0.642890
vt 0.218789 0.653316
vt 0.229072 0.647471
vt 0.219853 0.618866
vt 0.232027 0.596118
vt 0.222992 0.601757
vt 0.228731 0.594288
vt 0.244387 0.593750
vt 0.238524 0.593750
vt 0.243104 0.593750
vt 0.252193 0.593755
vt 0.276201 0.600896
vt 0.218807 0.624974
vt 0.224584 0.652320
vt 0.219286 0.617424
vt 0.281184 0.624959
vt 0.281236 0.634006
vt 0.218972 0.610055
vt 0.275394 0.652445
vt 0.280593 0.653629
vt 0.258097 0.656210
vt 0.221591 0.593914
vt 0.219868 0.602417
vt 0.239985 0.594125
vt 0.254401 0.593750
vt 0.256919 0.593750
vt 0.239153 0.593750
vt 0.253890 0.593750
vt 0.246425 0.593750
vt 0.246029 0.593750
vt 0.236400 0.593750
vt 0.249591 0.593750
vt 0.250062 0.593750
vt 0.252943 0.593750
vt 0.245818 0.593750
vt 0.253906 0.593750
vt 0.262403 0.593750
vt 0.279336 0.593753
vt 0.261039 0.593750
vt 0.265658 0.593750
vt 0.269197 0.593750
vt 0.220628 0.652222
vt 0.219388 0.648271
vt 0.241964 0.593750
vt 0.238964 0.593750
vt 0.244303 0.593750
vt 0.250002 0.593750
vt 0.281178 0.613410
vt 0.279332 0.643174
vt 0.270863 0.653117
vt 0.232494 0.655938
vt 0.225812 0.598729
vt 0.270292 0.593751
vt 0.273062 0.593750
vt 0.261187 0.593750
vt 0.276049 0.596232
vt 0.252956 0.594044
vt 0.231211 0.593750
vt 0.237133 0.593750
vt 0.273035 0.593750
vt 0.253251 0.593750
vt 0.272975 0.593750
vt 0.255697 0.593750
vt 0.261036 0.593750
vt 0.272555 0.593750
vt 0.271416 0.593750
vt 0.239986 0.593750
vt 0.234342 0.593750
vt 0.238961 0.593750
vt 0.228584 0.593750
vt 0.227444 0.593750
vt 0.239012 0.593750
vt 0.265656 0.593750
vt 0.261036 0.593750
vt 0.271416 0.593750
vt 0.272556 0.593750
vt 0.234344 0.593750
vt 0.230665 0.593750
vt 0.234344 0.593750
vt 0.230804 0.593750
vt 0.241271 0.593750
vt 0.250002 0.593750
vt 0.255701 0.593750
vt 0.261039 0.593750
vt 0.261002 0.593750
vt 0.270270 0.593750
vt 0.272871 0.593750
vt 0.227135 0.593750
vt 0.227025 0.593750
vt 0.226965 0.593750
vt 0.228585 0.593750
vt 0.227445 0.593750
vt 0.237099 0.593750
vt 0.230803 0.593750
vt 0.244299 0.593750
vt 0.249998 0.593750
vt 0.227025 0.593750
vt 0.251136 0.593750
vt 0.262336 0.593750
vt 0.227022 0.593750
vt 0.228469 0.593750
vt 0.272837 0.593750
vt 0.257357 0.593750
vt 0.262982 0.593750
vt 0.252585 0.593750
vt 0.272310 0.593750
vt 0.229327 0.593750
vt 0.241071 0.593750
vt 0.229163 0.593750
vt 0.235859 0.593750
vt 0.227176 0.593750
vt 0.252105 0.593750
vt 0.262327 0.593750
vt 0.248629 0.593750
vt 0.270248 0.593750
vt 0.272815 0.593750
vt 0.269848 0.593750
vt 0.267376 0.593750
vt 0.258907 0.593750
vt 0.251196 0.593750
vt 0.269832 0.593750
vt 0.258649 0.593750
vt 0.272814 0.593750
vt 0.273019 0.593750
vt 0.264538 0.593750
vt 0.243722 0.593750
vt 0.247402 0.593750
vt 0.269585 0.593750
vt 0.270071 0.593750
vt 0.229619 0.593750
vt 0.243331 0.593750
vt 0.237676 0.593750
vt 0.241172 0.593750
vt 0.260983 0.593750
vt 0.240222 0.593750
vt 0.228674 0.593750
vt 0.229167 0.593750
vt 0.227108 0.593750
vt 0.229712 0.593750
vt 0.256185 0.593750
vt 0.240191 0.593750
vt 0.270315 0.593750
vt 0.256863 0.593750
vt 0.267992 0.593750
vt 0.253811 0.593750
vt 0.229017 0.593750
vt 0.227028 0.593750
vt 0.231192 0.593750
vt 0.242318 0.593750
vt 0.244482 0.593750
vt 0.234536 0.593750
vt 0.248002 0.593750
vt 0.258182 0.593750
vt 0.270953 0.593750
vt 0.241226 0.593750
vt 0.268838 0.593750
vt 0.272994 0.593750
vt 0.242506 0.593750
vt 0.270568 0.593750
vt 0.249911 0.593750
vt 0.256963 0.593750
vt 0.262989 0.593750
vt 0.268145 0.593750
vt 0.244963 0.593750
vt 0.238373 0.593750
vt 0.229921 0.593750
vt 0.229279 0.593750
vt 0.258968 0.593750
vt 0.245705 0.593750
vt 0.258137 0.593750
vt 0.254171 0.593750
vt 0.254204 0.593750
vt 0.250524 0.593750
vt 0.250069 0.593750
vt 0.247434 0.593750
vt 0.253752 0.593750
vt 0.246419 0.593750
vt 0.242895 0.593750
vt 0.245340 0.593750
vt 0.249753 0.593750
vt 0.246048 0.593750
vt 0.251286 0.593750
vt 0.250046 0.593750
vt 0.249240 0.593750
vt 0.608566 0.194884
vt 0.625000 0.246586
vt 0.572204 0.245489
vt 0.433153 0.233532
vt 0.412176 0.257240
vt 0.575503 0.475181
vt 0.623608 0.499744
vt 0.570673 0.504552
vt 0.573780 0.698838
vt 0.619048 0.711618
vt 0.570674 0.745448
vt 0.433154 0.723545
vt 0.413494 0.757995
vt 0.575503 0.975181
vt 0.625000 0.993499
vt 0.569500 0.995316
vt 0.350480 0.706922
vt 0.356179 0.738699
vt 0.308683 0.715189
vt 0.380453 0.718364
vt 0.838761 0.695926
vt 0.863715 0.740347
vt 0.825940 0.713005
vt 0.868802 0.702100
vt 0.863715 0.509653
vt 0.875000 0.553595
vt 0.861139 0.566085
vt 0.834349 0.548008
vt 0.839348 0.582894
vt 0.817028 0.538771
vt 0.839352 0.636034
vt 0.839352 0.608946
vt 0.839348 0.666999
vt 0.396071 0.497146
vt 0.419990 0.529040
vt 0.363829 0.529694
vt 0.318872 0.501265
vt 0.413264 0.562955
vt 0.360002 0.579157
vt 0.379888 0.604776
vt 0.360075 0.620471
vt 0.369633 0.639941
vt 0.345163 0.649305
vt 0.364283 0.674410
vt 0.340322 0.674151
vt 0.416979 0.684950
vt 0.563119 0.557449
vt 0.442205 0.588145
vt 0.618686 0.640692
vt 0.579448 0.649058
vt 0.579353 0.007361
vt 0.441450 0.026242
vt 0.405328 0.002342
vt 0.574602 0.055715
vt 0.450296 0.068635
vt 0.551230 0.089664
vt 0.472700 0.089266
vt 0.677322 0.256525
vt 0.629049 0.271970
vt 0.434676 0.175748
vt 0.554216 0.194192
vt 0.457617 0.205831
vt 0.157761 0.691710
vt 0.153972 0.722036
vt 0.136156 0.681843
vt 0.187668 0.708147
vt 0.192214 0.691764
vt 0.178192 0.663785
vt 0.248904 0.699550
vt 0.285515 0.714105
vt 0.251796 0.714046
vt 0.287867 0.685513
vt 0.243245 0.680001
vt 0.307972 0.692130
vt 0.148010 0.660475
vt 0.226552 0.652951
vt 0.252422 0.657468
vt 0.305534 0.650988
vt 0.318351 0.671167
vt 0.163339 0.646377
vt 0.151166 0.631142
vt 0.128069 0.636407
vt 0.125000 0.690621
vt 0.179866 0.628251
vt 0.218757 0.633253
vt 0.194824 0.654067
vt 0.194946 0.631103
vt 0.320644 0.642735
vt 0.307474 0.624805
vt 0.330956 0.622137
vt 0.127903 0.606226
vt 0.146556 0.606968
vt 0.128603 0.579756
vt 0.177213 0.591037
vt 0.191828 0.613648
vt 0.164221 0.603654
vt 0.225371 0.596225
vt 0.195474 0.593759
vt 0.323013 0.589352
vt 0.306683 0.610487
vt 0.304221 0.590599
vt 0.344568 0.604704
vt 0.128278 0.545253
vt 0.150384 0.574486
vt 0.167655 0.551423
vt 0.191179 0.566581
vt 0.217783 0.563371
vt 0.254754 0.566625
vt 0.281714 0.577541
vt 0.252727 0.593059
vt 0.312306 0.560710
vt 0.345982 0.550765
vt 0.167466 0.531040
vt 0.191979 0.540275
vt 0.236123 0.552428
vt 0.217387 0.536850
vt 0.257393 0.536143
vt 0.280094 0.555481
vt 0.286047 0.537129
vt 0.141507 0.512279
vt 0.143930 0.542770
vt 0.185323 0.516442
vt 0.167565 0.500000
vt 0.193953 0.503108
vt 0.222957 0.514330
vt 0.238996 0.503435
vt 0.213580 0.500000
vt 0.275763 0.511345
vt 0.308542 0.514028
vt 0.329141 0.527753
vt 0.307984 0.542821
vt 0.660680 0.667190
vt 0.621984 0.678603
vt 0.638444 0.638921
vt 0.660648 0.641320
vt 0.762604 0.714428
vt 0.786927 0.714352
vt 0.792781 0.714683
vt 0.814704 0.713772
vt 0.684071 0.534996
vt 0.685877 0.536190
vt 0.661534 0.553565
vt 0.660678 0.582826
vt 0.660648 0.613794
vt 0.629457 0.605306
vt 0.660648 0.613944
vt 0.660648 0.636621
vt 0.634611 0.561493
vt 0.661341 0.553324
vt 0.839352 0.636056
vt 0.839352 0.613379
vt 0.762260 0.535573
vt 0.785511 0.535648
vt 0.749592 0.535648
vt 0.715264 0.507221
vt 0.714639 0.535488
vt 0.739975 0.535648
vt 0.743028 0.508328
vt 0.810758 0.501579
vt 0.792166 0.535310
vt 0.780004 0.509364
vt 0.683757 0.714061
vt 0.670813 0.741541
vt 0.633163 0.739497
vt 0.714652 0.714511
vt 0.715264 0.742779
vt 0.783685 0.734169
vt 0.776649 0.746718
vt 0.743028 0.741672
vt 0.739981 0.714352
vt 0.810756 0.748421
vt 0.188318 0.739978
vt 0.158803 0.750000
vt 0.136088 0.735798
vt 0.249084 0.730871
vt 0.215904 0.717816
vt 0.214887 0.738101
vt 0.311789 0.738597
vt 0.623608 0.750256
vt 0.575504 0.774819
vt 0.625000 0.781949
vt 0.612714 0.813998
vt 0.552327 0.808015
vt 0.450766 0.827796
vt 0.411059 0.792497
vt 0.568761 0.838939
vt 0.563972 0.862423
vt 0.625000 0.868041
vt 0.609355 0.900477
vt 0.549098 0.902028
vt 0.438523 0.923671
vt 0.552327 0.941985
vt 0.411228 0.961009
vt 0.575504 0.274819
vt 0.552327 0.308015
vt 0.430498 0.317452
vt 0.410612 0.292075
vt 0.566693 0.339135
vt 0.615984 0.308312
vt 0.625000 0.348352
vt 0.566112 0.364151
vt 0.625000 0.381959
vt 0.566917 0.402693
vt 0.568539 0.440184
vt 0.625000 0.443253
vt 0.724210 0.714352
vt 0.722279 0.711986
vt 0.796629 0.713597
vt 0.752820 0.694274
vt 0.819676 0.696751
vt 0.775723 0.535648
vt 0.728509 0.542807
vt 0.700128 0.537920
vt 0.660666 0.634072
vt 0.669905 0.677286
vt 0.662924 0.689709
vt 0.839334 0.615928
vt 0.830096 0.572715
vt 0.809514 0.542515
vt 0.662615 0.599441
vt 0.661701 0.568124
vt 0.685248 0.713756
vt 0.661303 0.696649
vt 0.685793 0.713854
vt 0.660652 0.666962
vt 0.660730 0.680450
vt 0.660653 0.582901
vt 0.660648 0.609522
vt 0.739893 0.535648
vt 0.724368 0.535648
vt 0.712775 0.535648
vt 0.839347 0.667099
vt 0.839352 0.640479
vt 0.777822 0.535648
vt 0.839348 0.583045
vt 0.839090 0.570245
vt 0.838668 0.553436
vt 0.814752 0.536244
vt 0.814217 0.536203
vt 0.760025 0.714352
vt 0.786750 0.714352
vt 0.774969 0.714352
vt 0.687431 0.536866
vt 0.660807 0.570832
vt 0.660862 0.570592
vt 0.689256 0.537159
vt 0.661903 0.565867
vt 0.839350 0.655776
vt 0.838720 0.681136
vt 0.839352 0.638377
vt 0.839352 0.627034
vt 0.839352 0.611695
vt 0.774822 0.714352
vt 0.721635 0.714352
vt 0.773746 0.714352
vt 0.774516 0.714352
vt 0.721473 0.714352
vt 0.839005 0.574025
vt 0.839174 0.567391
vt 0.811358 0.536681
vt 0.809517 0.536903
vt 0.813703 0.536483
vt 0.839097 0.570202
vt 0.811538 0.713552
vt 0.838903 0.692418
vt 0.725131 0.535648
vt 0.777559 0.535648
vt 0.726255 0.535648
vt 0.725220 0.535648
vt 0.777702 0.535648
vt 0.660648 0.625403
vt 0.660983 0.676025
vt 0.660672 0.683427
vt 0.689281 0.713800
vt 0.691204 0.713864
vt 0.686504 0.714008
vt 0.660674 0.680552
vt 0.839082 0.680143
vt 0.725932 0.535648
vt 0.809376 0.537174
vt 0.660648 0.622966
vt 0.690699 0.712919
vt 0.660746 0.577898
vt 0.814501 0.709385
vt 0.838298 0.681878
vt 0.839332 0.669969
vt 0.838096 0.684133
vt 0.689520 0.537414
vt 0.774068 0.714352
vt 0.311007 0.689489
vt 0.306474 0.687502
vt 0.191953 0.718750
vt 0.191996 0.718807
vt 0.226913 0.650800
vt 0.227579 0.598220
vt 0.219035 0.620972
vt 0.276517 0.649518
vt 0.272421 0.651780
vt 0.280965 0.629028
vt 0.281347 0.620959
vt 0.273087 0.599200
vt 0.276211 0.597571
vt 0.276581 0.601937
vt 0.223419 0.648063
vt 0.256487 0.594072
vt 0.224949 0.600116
vt 0.218876 0.622385
vt 0.275043 0.649876
vt 0.281122 0.627613
vt 0.243513 0.655928
vt 0.246561 0.593750
vt 0.247871 0.593750
vt 0.259474 0.593750
vt 0.260290 0.593750
vt 0.236308 0.593750
vt 0.239506 0.593750
vt 0.254054 0.593750
vt 0.252933 0.593750
vt 0.249829 0.593750
vt 0.246835 0.593750
vt 0.250002 0.593750
vt 0.246512 0.593750
vt 0.250549 0.593750
vt 0.253246 0.593750
vt 0.245938 0.593750
vt 0.248135 0.593750
vt 0.251063 0.593750
vt 0.253638 0.593750
vt 0.252001 0.593750
vt 0.249758 0.593750
vt 0.248187 0.593750
vt 0.251817 0.593750
vt 0.249720 0.593750
vt 0.247809 0.593750
vt 0.251925 0.593750
vt 0.246914 0.593750
vt 0.187567 0.707445
vt 0.188311 0.706795
vt 0.187559 0.690255
vt 0.191676 0.687500
vt 0.187507 0.690224
vt 0.187500 0.698371
vt 0.189404 0.712225
vt 0.187500 0.710938
vt 0.189802 0.718750
vt 0.282903 0.707022
vt 0.281489 0.698838
vt 0.283666 0.714439
vt 0.281250 0.711353
vt 0.283611 0.718750
vt 0.282209 0.699533
vt 0.283324 0.711833
vt 0.287070 0.690038
vt 0.217089 0.696621
vt 0.217904 0.699612
vt 0.212807 0.689946
vt 0.211814 0.688708
vt 0.311729 0.706006
vt 0.306780 0.716162
vt 0.196251 0.718750
vt 0.198606 0.718750
vt 0.195371 0.718750
vt 0.196442 0.718750
vt 0.195833 0.718750
vt 0.188172 0.707370
vt 0.187500 0.718750
vt 0.189845 0.718750
vt 0.288571 0.717473
vt 0.287557 0.689717
vt 0.307950 0.687500
vt 0.311270 0.706012
vt 0.311757 0.706431
vt 0.312437 0.711121
vt 0.312499 0.698608
vt 0.218701 0.715564
vt 0.217402 0.700609
vt 0.213116 0.717269
vt 0.217830 0.706873
vt 0.193943 0.718027
vt 0.195662 0.718708
vt 0.213520 0.689085
vt 0.211375 0.688757
vt 0.217306 0.698799
vt 0.212461 0.715607
vt 0.213970 0.696301
vt 0.310645 0.696661
vt 0.307794 0.696350
vt 0.306505 0.690126
vt 0.307093 0.716087
vt 0.310680 0.687500
vt 0.303552 0.687500
vt 0.290092 0.687532
vt 0.312326 0.707492
vt 0.312281 0.715681
vt 0.218105 0.705457
vt 0.216443 0.712185
vt 0.216871 0.687500
vt 0.213156 0.690785
vt 0.289441 0.718750
vt 0.289675 0.718750
vt 0.289972 0.718750
vt 0.281916 0.707556
vt 0.281250 0.718750
vt 0.299282 0.718750
vt 0.304174 0.718749
vt 0.297643 0.718750
vt 0.205497 0.718750
vt 0.210387 0.718750
vt 0.208372 0.718722
vt 0.213726 0.718414
vt 0.295982 0.718750
vt 0.289568 0.718750
vt 0.296872 0.718750
vt 0.284731 0.718750
vt 0.287969 0.717566
vt 0.200640 0.718750
vt 0.195983 0.718750
vt 0.190539 0.718750
vt 0.193474 0.717241
vt 0.207408 0.718549
vt 0.289233 0.718750
vt 0.303927 0.718750
vt 0.309769 0.718049
vt 0.305684 0.718750
vt 0.210227 0.718750
vt 0.213884 0.718817
vt 0.210558 0.718750
vt 0.218732 0.717028
vt 0.195490 0.718750
vt 0.196781 0.718750
vt 0.218684 0.698605
vt 0.189298 0.687500
vt 0.189593 0.695177
vt 0.299318 0.718750
vt 0.290019 0.718714
vt 0.291832 0.718750
vt 0.285818 0.696866
vt 0.290584 0.688968
vt 0.284341 0.693574
vt 0.286481 0.689085
vt 0.283166 0.687578
vt 0.305716 0.717343
vt 0.304881 0.718657
vt 0.312502 0.718750
vt 0.672271 0.616554
vt 0.685710 0.536190
vt 0.451571 0.444084
vt 0.287090 0.738977
vt 0.297943 0.750000
vt 0.257293 0.745677
vt 0.691638 0.746823
vt 0.683946 0.502832
vt 0.722293 0.714352
vt 0.207521 0.718750
vt 0.203995 0.718750
vt 0.297258 0.718750
vt 0.294267 0.718750
vt 0.202001 0.718750
vt 0.196818 0.687500
vt 0.193577 0.690090
vt 0.200916 0.718750
vt 0.204018 0.718750
vt 0.193474 0.717241
vt 0.192055 0.696858
vt 0.194365 0.687500
vt 0.212585 0.718750
vt 0.193967 0.687518
vt 0.760191 0.567875
vt 0.202590 0.718750
vt 0.202171 0.718750
vt 0.200198 0.718750
vt 0.199040 0.718750
vt 0.297386 0.718750
vt 0.297321 0.718750
vt 0.298307 0.718750
vt 0.296143 0.718750
vt 0.301130 0.718750
vt 0.296430 0.718750
vt 0.293755 0.718750
vt 0.295314 0.718750
vt 0.297133 0.718750
vt 0.207443 0.718750
vt 0.205645 0.718750
vt 0.207499 0.718750
vt 0.199758 0.718750
vt 0.202019 0.718750
vt 0.202623 0.718750
vt 0.204409 0.718750
vt 0.203802 0.718750
vt 0.206920 0.718750
vt 0.293094 0.718750
vt 0.295612 0.718750
vt 0.301841 0.718750
vt 0.296520 0.718750
vt 0.297282 0.718750
vt 0.303882 0.718750
vt 0.303750 0.718750
vt 0.300712 0.718750
vt 0.210498 0.718750
vt 0.294450 0.718750
vt 0.204345 0.718750
vt 0.201387 0.718750
vt 0.198292 0.718750
vt 0.292057 0.718750
vt 0.210644 0.718750
vt 0.209738 0.718750
vt 0.299623 0.718750
vt 0.301103 0.718750
vt 0.199196 0.718750
vt 0.203554 0.718750
vt 0.292493 0.718750
vt 0.298123 0.718750
vt 0.300723 0.718750
vt 0.590438 0.635434
vt 0.570151 0.640415
vt 0.592764 0.635368
vt 0.592030 0.614393
vt 0.246848 0.533712
vt 0.278538 0.473441
vt 0.329464 0.376044
vt 0.273984 0.482896
vt 0.374302 0.380156
vt 0.424259 0.394694
vt 0.765774 0.586728
vt 0.736940 0.573648
vt 0.718698 0.450209
vt 0.645237 0.393771
vt 0.717471 0.466979
vt 0.787129 0.605188
vt 0.321281 0.339042
vt 0.375000 0.172593
vt 0.229807 0.465127
vt 0.305521 0.417632
vt 0.217166 0.441366
vt 0.827251 0.605994
vt 0.403944 0.632370
vt 0.386328 0.630480
vt 0.408216 0.615225
vt 0.402013 0.643736
vt 0.608844 0.616143
vt 0.443027 0.607938
vt 0.558758 0.641589
vt 0.500000 0.234375
vt 0.621216 0.362109
vt 0.749972 0.581896
vt 0.432078 0.608213
vt 0.402524 0.614489
vt 0.402993 0.632582
vt 0.404931 0.618262
vt 0.406044 0.634206
vt 0.410902 0.403857
vt 0.289974 0.452173
vt 0.297937 0.419514
vt 0.421488 0.639652
vt 0.436225 0.641324
vt 0.380825 0.373032
vt 0.569361 0.609488
vt 0.569088 0.609597
vt 0.431174 0.608975
vt 0.800635 0.616428
vt 0.593560 0.616004
vt 0.587552 0.637627
vt 0.594388 0.632334
vt 0.596814 0.629285
vt 0.556437 0.638270
vt 0.563324 0.629615
vt 0.591625 0.625968
vt 0.596713 0.622050
vt 0.249695 0.524694
vt 0.248534 0.527414
vt 0.248566 0.527338
vt 0.663578 0.531539
vt 0.754497 0.595004
vt 0.667185 0.579281
vt 0.669112 0.364713
vt 0.705079 0.422897
vt 0.739622 0.499703
vt 0.623864 0.363038
vt 0.669563 0.488797
vt 0.778030 0.598520
vt 0.793940 0.621729
vt 0.579101 0.611517
vt 0.391112 0.366777
vt 0.426568 0.642842
vt 0.660721 0.610058
vt 0.292146 0.597880
vt 0.314676 0.523491
vt 0.547001 0.615826
vt 0.425517 0.626367
vt 0.578781 0.613795
vt 0.344213 0.370642
vt 0.306591 0.391413
vt 0.407986 0.355076
vt 0.519443 0.608275
vt 0.792854 0.614148
vt 0.789195 0.609835
vt 0.435234 0.643057
vt 0.425582 0.643102
vt 0.486008 0.642746
vt 0.516165 0.642552
vt 0.596572 0.619078
vt 0.592628 0.614954
vt 0.776996 0.586778
vt 0.792419 0.610531
vt 0.778730 0.600084
vt 0.402373 0.628528
vt 0.402441 0.631738
vt 0.402372 0.628541
vt 0.424213 0.358819
vt 0.675526 0.408522
vt 0.727480 0.470132
vt 0.754940 0.584186
vt 0.696378 0.549344
vt 0.542181 0.462709
vt 0.455407 0.414484
vt 0.593901 0.615964
vt 0.584502 0.611651
vt 0.560556 0.608915
vt 0.514417 0.642552
vt 0.521267 0.607506
vt 0.255284 0.523771
vt 0.243351 0.548726
vt 0.239635 0.556353
vt 0.243965 0.547433
vt 0.251634 0.531405
vt 0.594855 0.631762
vt 0.241539 0.544931
vt 0.361283 0.380458
vt 0.402427 0.631098
vt 0.402381 0.624888
vt 0.402567 0.637457
vt 0.403740 0.612735
vt 0.429850 0.608369
vt 0.424751 0.614112
vt 0.244088 0.547185
vt 0.289650 0.451900
vt 0.256841 0.520514
vt 0.326639 0.374544
vt 0.295777 0.439086
vt 0.285102 0.443672
vt 0.236534 0.555913
vt 0.402589 0.638487
vt 0.402651 0.641341
vt 0.402431 0.618698
vt 0.403760 0.613718
vt 0.402443 0.618159
vt 0.412830 0.609725
vt 0.404986 0.613030
vt 0.386265 0.376055
vt 0.402546 0.636532
vt 0.402447 0.618054
vt 0.428127 0.608203
vt 0.439262 0.607468
vt 0.514907 0.607460
vt 0.576149 0.640087
vt 0.555340 0.641588
vt 0.578455 0.361356
vt 0.604049 0.362304
vt 0.427479 0.639805
vt 0.370065 0.413020
vt 0.737132 0.526198
vt 0.526773 0.675488
vt 0.556278 0.595406
vt 0.426019 0.399384
vt 0.387659 0.444050
vt 0.375000 0.403318
vt 0.375000 0.363922
vt 0.446309 0.346903
vt 0.393585 0.343739
vt 0.375000 0.318340
vt 0.375000 0.936260
vt 0.388009 0.906235
vt 0.434036 0.871447
vt 0.387889 0.827071
vt 0.375000 0.867541
vt 0.386560 0.206408
vt 0.406250 0.093750
vt 0.385328 0.058401
vt 0.375000 0.018971
vt 0.417262 0.991172
vt 0.375000 0.988407
vt 0.375000 0.231028
vt 0.221933 0.592714
vt 0.229838 0.571654
vt 0.236288 0.556149
vt 0.402326 0.625759
vt 0.402314 0.624075
vt 0.222814 0.589913
vt 0.237078 0.561721
vt 0.231465 0.568115
vt 0.248547 0.527382
vt 0.402347 0.622552
vt 0.402402 0.620036
vt 0.402392 0.620646
vt 0.402369 0.628271
vt 0.233961 0.562185
vt 0.402352 0.626311
vt 0.402420 0.630708
vt 0.402426 0.630995
vt 0.402444 0.618113
vt 0.402439 0.618355
vt 0.402443 0.618170
vt 0.402370 0.622829
vt 0.402444 0.631897
vt 0.247105 0.540876
vt 0.248153 0.528321
vt 0.251189 0.521193
vt 0.251170 0.521239
vt 0.250295 0.523289
vt 0.402442 0.618208
vt 0.402436 0.618487
vt 0.402442 0.618202
vt 0.402445 0.618087
vt 0.402434 0.618573
vt 0.402444 0.618103
vt 0.402440 0.618290
vt 0.250823 0.522050
vt 0.245246 0.535154
vt 0.251196 0.521178
vt 0.402403 0.620000
vt 0.402389 0.620622
vt 0.402443 0.618176
vt 0.402445 0.618079
vt 0.250370 0.523111
vt 0.245750 0.533953
vt 0.248556 0.527362
vt 0.250168 0.523585
vt 0.248692 0.527044
vt 0.250853 0.521980
vt 0.248566 0.527337
vt 0.251183 0.521207
vt 0.402445 0.618081
vt 0.250892 0.521889
vt 0.250957 0.521737
vt 0.250064 0.523829
vt 0.251193 0.521184
vt 0.402445 0.618098
vt 0.402445 0.618079
vt 0.249848 0.524334
vt 0.250864 0.521956
vt 0.250630 0.522504
vt 0.402443 0.618165
vt 0.402442 0.618218
vt 0.250389 0.523067
vt 0.251178 0.521220
vt 0.402436 0.618490
vt 0.248559 0.527354
vt 0.250624 0.522517
vt 0.250683 0.522379
vt 0.402438 0.618413
vt 0.402439 0.618342
vt 0.402444 0.618143
vt 0.402445 0.618085
vt 0.402437 0.618465
vt 0.402444 0.618139
vt 0.402436 0.618492
vt 0.402444 0.618111
vt 0.402439 0.618359
vt 0.402436 0.618496
vt 0.402440 0.618317
vt 0.402445 0.618079
vt 0.250950 0.521753
vt 0.247124 0.593751
vt 0.225906 0.593750
vt 0.218772 0.595440
vt 0.231716 0.593834
vt 0.258388 0.593750
vt 0.230804 0.593750
vt 0.269196 0.593750
vt 0.230803 0.593750
vt 0.269196 0.593750
vt 0.230804 0.593750
vt 0.269197 0.593750
vt 0.270102 0.593750
vt 0.869190 0.598359
vt 0.615984 0.941688
vt 0.866597 0.673496
vt 0.869488 0.646800
vt 0.625000 0.008598
vt 0.625000 0.045187
vt 0.633163 0.510503
vt 0.602710 0.545456
vt 0.625000 0.072866
vt 0.625000 0.093750
vt 0.218698 0.613653
vt 0.661573 0.696541
vt 0.278318 0.500000
vt 0.838659 0.696676
vt 0.216336 0.750000
vt 0.331604 0.750000
vt 0.625000 0.838206
vt 0.625000 0.411794
vt 0.831769 0.635383
vt 0.660648 0.635841
vt 0.660918 0.569857
vt 0.660648 0.609465
vt 0.814731 0.713802
vt 0.814024 0.713603
vt 0.686119 0.536399
vt 0.839352 0.640535
vt 0.839352 0.614160
vt 0.721456 0.714352
vt 0.722117 0.714352
vt 0.777917 0.535648
vt 0.809079 0.713903
vt 0.660648 0.625100
vt 0.288181 0.717306
vt 0.210011 0.687500
vt 0.203597 0.718750
vt 0.198666 0.718750
vt 0.596814 0.629285
vt 0.576010 0.639534
vt 0.595284 0.632188
vt 0.402415 0.630449
vt 0.296740 0.437073
vt 0.402420 0.619260
vt 0.812500 0.585938
vt 0.375000 0.269048
vt 0.375000 0.768808
vt 0.258405 0.504257
s 0
usemtl Glass
f 305/356/264 879/357/264 578/358/264
f 879/357/265 351/359/265 891/243/265
f 303/360/266 371/361/266 37/362/266
f 352/366/270 896/367/270 882/355/270
f 354/364/271 352/366/271 882/355/271
f 354/364/272 357/363/272 352/366/272
f 371/361/274 394/369/274 37/362/274
f 38/251/275 39/253/275 355/370/275
f 355/370/276 389/371/276 356/252/276
f 38/251/277 355/370/277 356/252/277
f 302/372/278 369/373/278 370/374/278
f 385/426/311 428/427/311 433/428/311
f 428/427/312 425/429/312 432/430/312
f 428/427/313 432/430/313 433/428/313
f 70/431/314 426/432/314 427/433/314
f 431/434/315 424/435/315 434/436/315
f 420/437/316 52/438/316 590/439/316
f 427/433/317 376/440/317 430/441/317
f 565/442/318 894/443/318 558/444/318
f 895/445/319 50/446/319 894/443/319
f 352/366/320 390/447/320 897/448/320
f 898/449/321 561/450/321 560/451/321
f 355/370/322 387/452/322 899/453/322
f 370/374/323 395/454/323 898/449/323
f 393/455/324 414/456/324 397/457/324
f 47/458/325 397/457/325 596/459/325
f 382/460/326 594/461/326 879/357/326
f 382/460/327 595/462/327 594/461/327
f 401/463/328 400/464/328 411/465/328
f 400/464/329 374/466/329 384/467/329
f 412/468/330 418/469/330 900/470/330
f 900/470/331 421/471/331 901/472/331
f 593/473/332 399/474/332 69/475/332
f 592/476/333 398/477/333 593/473/333
f 901/472/334 416/478/334 423/479/334
f 405/480/335 423/479/335 372/481/335
f 41/482/336 402/483/336 405/480/336
f 410/484/337 418/469/337 413/485/337
f 555/486/338 373/487/338 552/488/338
f 554/489/339 406/490/339 555/486/339
f 903/491/340 378/492/340 377/493/340
f 556/494/341 377/493/341 557/495/341
f 559/496/342 408/497/342 556/494/342
f 388/498/343 413/485/343 412/468/343
f 412/468/344 413/485/344 418/469/344
f 552/488/345 70/431/345 553/499/345
f 372/481/346 423/479/346 422/500/346
f 379/501/347 431/434/347 378/492/347
f 557/495/348 377/493/348 381/502/348
f 384/467/349 419/503/349 431/434/349
f 380/504/350 429/505/350 383/506/350
f 48/507/351 380/504/351 383/506/351
f 48/507/352 383/506/352 420/437/352
f 417/508/353 419/503/353 384/467/353
f 427/433/354 430/441/354 419/503/354
f 421/471/355 420/437/355 416/478/355
f 69/475/356 385/426/356 591/509/356
f 70/431/359 590/439/359 426/432/359
f 419/503/360 430/441/360 431/434/360
f 383/506/361 429/505/361 420/437/361
f 433/428/362 432/430/362 429/505/362
f 381/502/363 434/436/363 428/427/363
f 551/665/488 424/435/488 376/440/488
f 552/488/490 417/508/490 374/466/490
f 553/499/491 427/433/491 417/508/491
f 555/486/492 374/466/492 401/463/492
f 560/451/493 386/666/493 371/361/493
f 428/427/494 424/435/494 425/429/494
f 889/385/502 565/442/502 359/673/502
f 883/376/503 371/361/503 303/360/503
f 551/665/535 928/688/535 425/429/535
f 590/439/536 52/438/536 928/688/536
f 591/509/537 433/428/537 380/504/537
f 577/380/540 47/458/540 369/373/540
f 894/443/1137 880/1006/1137 881/352/1137 895/445/1137
f 305/356/1141 382/460/1141 879/357/1141
f 578/358/1142 879/357/1142 891/243/1142
f 565/442/1143 880/1006/1143 894/443/1143
f 895/445/1144 881/352/1144 882/355/1144 896/367/1144
f 353/1008/1145 40/241/1145 891/243/1145 351/359/1145
f 352/366/1146 357/363/1146 390/447/1146
f 883/376/1147 560/451/1147 371/361/1147
f 394/369/1148 390/447/1148 357/363/1148 37/362/1148
f 353/1008/1149 387/452/1149 39/253/1149 40/241/1149
f 560/451/1151 883/376/1151 884/377/1151 370/374/1151
f 355/370/1152 39/253/1152 387/452/1152
f 393/455/1153 358/249/1153 356/252/1153 389/371/1153
f 397/457/1154 36/248/1154 358/249/1154 393/455/1154
f 362/382/1155 880/1006/1155 565/442/1155
f 359/673/1159 382/460/1159 305/356/1159 885/390/1159
f 302/372/1160 577/380/1160 369/373/1160
f 884/377/1161 302/372/1161 370/374/1161
f 47/458/1162 36/248/1162 397/457/1162
f 889/385/1163 362/382/1163 565/442/1163
f 577/380/1164 36/248/1164 47/458/1164
f 885/390/1165 889/385/1165 359/673/1165
f 50/446/1194 559/496/1194 558/444/1194 894/443/1194
f 420/437/1200 375/1013/1200 52/438/1200
f 375/1013/1201 429/505/1201 432/430/1201
f 385/426/1202 381/502/1202 428/427/1202
f 376/440/1203 427/433/1203 426/432/1203
f 376/440/1204 426/432/1204 551/665/1204
f 50/446/1205 895/445/1205 896/367/1205 49/1014/1205
f 409/1015/1206 404/1016/1206 897/448/1206 390/447/1206
f 896/367/1207 352/366/1207 897/448/1207
f 404/1016/1208 49/1014/1208 896/367/1208 897/448/1208
f 388/498/1209 353/1008/1209 396/1017/1209 51/1018/1209
f 351/359/1210 396/1017/1210 353/1008/1210
f 409/1015/1211 394/369/1211 386/666/1211 349/1019/1211
f 390/447/1212 394/369/1212 409/1015/1212
f 387/452/1213 353/1008/1213 388/498/1213
f 370/374/1214 898/449/1214 560/451/1214
f 371/361/1215 386/666/1215 394/369/1215
f 388/498/1216 403/1020/1216 899/453/1216 387/452/1216
f 389/371/1217 355/370/1217 899/453/1217
f 403/1020/1218 407/1021/1218 389/371/1218 899/453/1218
f 414/456/1219 393/455/1219 389/371/1219 407/1021/1219
f 392/1022/1220 595/462/1220 382/460/1220 391/1023/1220
f 382/460/1221 359/673/1221 391/1023/1221
f 350/1024/1222 561/450/1222 898/449/1222 395/454/1222
f 370/374/1223 369/373/1223 395/454/1223
f 414/456/1224 41/482/1224 596/459/1224 397/457/1224
f 411/465/1225 409/1015/1225 349/1019/1225 401/463/1225
f 412/468/1226 901/472/1226 407/1021/1226 403/1020/1226
f 48/507/1227 421/471/1227 900/470/1227 418/469/1227
f 403/1020/1228 388/498/1228 412/468/1228
f 402/483/1229 414/456/1229 407/1021/1229 901/472/1229
f 901/472/1230 412/468/1230 900/470/1230
f 398/477/1231 592/476/1231 595/462/1231 392/1022/1231
f 901/472/1232 421/471/1232 416/478/1232
f 406/490/1233 554/489/1233 561/450/1233 350/1024/1233
f 593/473/1234 398/477/1234 399/474/1234
f 402/483/1235 901/472/1235 423/479/1235
f 401/463/1236 374/466/1236 400/464/1236
f 41/482/1237 414/456/1237 402/483/1237
f 405/480/1238 402/483/1238 423/479/1238
f 410/484/1239 415/1025/1239 418/469/1239
f 559/496/1240 50/446/1240 408/497/1240
f 408/497/1241 50/446/1241 49/1014/1241 902/1026/1241
f 555/486/1242 406/490/1242 373/487/1242
f 408/497/1243 903/491/1243 377/493/1243
f 411/465/1244 902/1026/1244 404/1016/1244 409/1015/1244
f 903/491/1245 379/501/1245 378/492/1245
f 902/1026/1246 903/491/1246 408/497/1246
f 556/494/1247 408/497/1247 377/493/1247
f 49/1014/1248 404/1016/1248 902/1026/1248
f 400/464/1249 903/491/1249 902/1026/1249 411/465/1249
f 384/467/1250 379/501/1250 903/491/1250 400/464/1250
f 413/485/1251 388/498/1251 51/1018/1251 410/484/1251
f 553/499/1253 70/431/1253 427/433/1253
f 552/488/1254 373/487/1254 70/431/1254
f 415/1025/1255 380/504/1255 48/507/1255
f 418/469/1256 415/1025/1256 48/507/1256
f 380/504/1257 433/428/1257 429/505/1257
f 422/500/1258 423/479/1258 416/478/1258
f 422/500/1259 416/478/1259 590/439/1259
f 378/492/1260 431/434/1260 434/436/1260
f 381/502/1261 377/493/1261 378/492/1261
f 381/502/1262 378/492/1262 434/436/1262
f 379/501/1263 384/467/1263 431/434/1263
f 421/471/1264 48/507/1264 420/437/1264
f 417/508/1265 427/433/1265 419/503/1265
f 374/466/1266 417/508/1266 384/467/1266
f 69/475/1267 399/474/1267 385/426/1267
f 416/478/1268 420/437/1268 590/439/1268
f 591/509/1269 385/426/1269 433/428/1269
f 426/432/1273 590/439/1273 928/688/1273
f 431/434/1274 430/441/1274 376/440/1274
f 70/431/1275 422/500/1275 590/439/1275
f 420/437/1276 429/505/1276 375/1013/1276
f 428/427/1277 434/436/1277 424/435/1277
f 431/434/1278 376/440/1278 424/435/1278
f 425/429/1279 928/688/1279 375/1013/1279
f 928/688/1280 52/438/1280 375/1013/1280
f 381/502/1421 385/426/1421 399/474/1421 557/495/1421
f 426/432/1422 928/688/1422 551/665/1422
f 425/429/1423 424/435/1423 551/665/1423
f 552/488/1424 553/499/1424 417/508/1424
f 401/463/1425 349/1019/1425 561/450/1425 554/489/1425
f 556/494/1426 398/477/1426 392/1022/1426 559/496/1426
f 554/489/1427 555/486/1427 401/463/1427
f 555/486/1428 552/488/1428 374/466/1428
f 557/495/1429 399/474/1429 398/477/1429 556/494/1429
f 558/444/1430 391/1023/1430 359/673/1430 565/442/1430
f 559/496/1431 392/1022/1431 391/1023/1431 558/444/1431
f 349/1019/1432 386/666/1432 560/451/1432 561/450/1432
f 422/500/1468 70/431/1468 373/487/1468 372/481/1468
f 432/430/1469 425/429/1469 375/1013/1469
f 380/504/1470 415/1025/1470 69/475/1470 591/509/1470
f 405/480/1471 406/490/1471 350/1024/1471 41/482/1471
f 372/481/1472 373/487/1472 406/490/1472 405/480/1472
f 410/484/1473 51/1018/1473 595/462/1473 592/476/1473
f 415/1025/1474 410/484/1474 593/473/1474 69/475/1474
f 592/476/1475 593/473/1475 410/484/1475
f 396/1017/1476 351/359/1476 879/357/1476 594/461/1476
f 51/1018/1477 396/1017/1477 594/461/1477 595/462/1477
f 596/459/1478 395/454/1478 369/373/1478 47/458/1478
f 41/482/1479 350/1024/1479 395/454/1479 596/459/1479
usemtl Metal
f 117/1/1 118/2/1 119/3/1
f 117/1/2 146/4/2 118/2/2
f 146/4/3 53/5/3 461/6/3
f 2/7/4 122/8/4 120/9/4
f 125/10/5 124/11/5 121/12/5
f 124/11/6 7/13/6 121/12/6
f 905/14/7 460/15/7 155/16/7
f 125/10/8 451/17/8 128/18/8
f 836/19/9 127/20/9 133/21/9
f 3/22/10 130/23/10 837/24/10
f 130/23/11 838/25/11 127/20/11
f 837/24/12 127/20/12 836/19/12
f 3/22/13 451/17/13 53/5/13
f 142/26/14 459/27/14 129/28/14
f 452/29/15 4/30/15 129/28/15
f 129/28/16 141/31/16 130/23/16
f 141/31/17 4/30/17 131/32/17
f 132/33/18 4/30/18 452/29/18
f 908/34/19 140/35/19 131/32/19
f 907/36/20 134/37/20 453/38/20
f 838/25/21 839/39/21 133/21/21
f 135/40/22 133/21/22 134/37/22
f 839/39/23 140/35/23 134/37/23
f 126/41/24 136/42/24 841/43/24
f 137/44/25 454/45/25 1/46/25
f 139/47/26 844/48/26 146/4/26
f 147/49/27 148/50/27 166/51/27
f 149/52/28 844/48/28 145/53/28
f 907/36/29 147/49/29 151/54/29
f 908/34/30 148/50/30 453/38/30
f 150/55/31 845/56/31 167/57/31
f 8/58/32 15/59/32 153/60/32
f 119/3/33 120/9/33 157/61/33
f 158/62/34 122/8/34 123/63/34
f 843/64/35 158/62/35 164/65/35
f 123/63/36 121/12/36 7/13/36
f 164/65/37 158/62/37 123/63/37
f 164/65/38 123/63/38 155/16/38
f 156/66/39 905/14/39 137/44/39
f 137/44/40 119/3/40 157/61/40
f 123/63/41 138/67/41 454/45/41
f 465/68/42 473/69/42 472/70/42
f 156/66/43 162/71/43 905/14/43
f 157/61/44 162/71/44 156/66/44
f 162/71/45 460/15/45 905/14/45
f 157/61/46 159/72/46 162/71/46
f 844/48/47 192/73/47 195/74/47
f 192/73/48 180/75/48 181/76/48
f 192/73/49 181/76/49 13/77/49
f 154/78/50 152/79/50 166/51/50
f 191/80/51 186/81/51 187/82/51
f 191/80/52 187/82/52 10/83/52
f 447/84/53 6/85/53 145/53/53
f 845/56/54 449/86/54 167/57/54
f 154/78/55 168/87/55 152/79/55
f 171/88/56 15/59/56 8/58/56
f 194/89/57 195/74/57 196/90/57
f 172/91/58 16/92/58 194/89/58
f 171/88/59 192/73/59 144/93/59
f 191/80/60 171/88/60 169/94/60
f 192/73/61 171/88/61 191/80/61
f 172/91/62 170/95/62 8/58/62
f 18/96/63 846/97/63 176/98/63
f 846/97/64 182/99/64 183/100/64
f 177/101/65 846/97/65 178/102/65
f 176/98/66 846/97/66 177/101/66
f 197/103/67 188/104/67 189/105/67
f 170/95/68 198/106/68 199/107/68
f 170/95/69 172/91/69 193/108/69
f 172/91/70 184/109/70 183/110/70
f 172/91/71 183/110/71 182/99/71
f 196/90/72 201/111/72 202/112/72
f 196/90/73 202/112/73 203/98/73
f 196/90/74 203/98/74 18/96/74
f 194/89/75 176/98/75 177/101/75
f 187/82/76 197/103/76 10/83/76
f 186/81/77 197/103/77 187/82/77
f 185/113/78 197/103/78 186/81/78
f 203/98/79 846/97/79 18/96/79
f 202/112/80 846/97/80 203/98/80
f 201/111/81 846/97/81 202/112/81
f 196/90/82 195/74/82 192/73/82
f 171/88/83 166/51/83 15/59/83
f 152/79/84 15/59/84 166/51/84
f 847/114/85 185/115/85 12/116/85
f 206/117/86 10/118/86 187/82/86
f 206/117/87 187/82/87 186/81/87
f 10/118/88 206/117/88 179/119/88
f 180/120/89 215/121/89 181/76/89
f 13/77/90 849/122/90 201/111/90
f 203/98/91 217/123/91 18/96/91
f 201/111/92 849/122/92 202/112/92
f 848/124/93 173/125/93 17/126/93
f 847/114/94 12/116/94 175/127/94
f 847/114/95 175/127/95 174/128/95
f 188/104/96 218/129/96 11/130/96
f 189/105/97 218/129/97 188/104/97
f 190/131/98 218/129/98 189/105/98
f 9/132/99 218/129/99 190/131/99
f 200/133/100 848/124/100 17/126/100
f 199/107/101 848/124/101 200/133/101
f 11/130/102 218/129/102 198/106/102
f 19/134/103 209/135/103 215/121/103
f 207/136/104 216/137/104 848/124/104
f 849/122/105 214/138/105 217/123/105
f 205/139/106 211/140/106 210/141/106
f 217/123/107 214/138/107 208/142/107
f 218/129/108 20/143/108 848/124/108
f 212/144/109 19/134/109 206/117/109
f 19/134/110 215/121/110 206/117/110
f 232/145/111 223/146/111 224/147/111
f 21/148/112 220/149/112 850/150/112
f 225/151/113 261/152/113 236/153/113
f 233/154/114 851/155/114 234/156/114
f 219/157/115 221/158/115 851/155/115
f 261/152/116 852/159/116 246/160/116
f 219/157/117 22/161/117 221/158/117
f 221/158/118 228/162/118 226/163/118
f 852/159/119 22/161/119 219/157/119
f 854/164/120 231/165/120 852/159/120
f 229/166/121 230/167/121 222/168/121
f 229/166/122 855/169/122 230/167/122
f 222/168/123 230/167/123 850/150/123
f 853/170/124 220/149/124 21/148/124
f 853/170/125 225/151/125 220/149/125
f 854/164/126 852/159/126 225/151/126
f 228/162/127 22/161/127 23/171/127
f 223/146/128 228/162/128 227/172/128
f 227/172/129 23/171/129 855/169/129
f 227/172/130 855/169/130 229/166/130
f 856/173/131 255/174/131 262/175/131
f 234/156/132 248/176/132 233/154/132
f 235/177/133 248/176/133 234/156/133
f 233/154/134 247/178/134 246/160/134
f 242/179/135 260/180/135 259/181/135
f 232/145/136 27/182/136 252/183/136
f 232/145/137 252/183/137 250/184/137
f 242/179/138 257/185/138 241/186/138
f 856/173/139 262/175/139 207/136/139
f 239/187/140 212/144/140 216/137/140
f 238/188/141 19/134/141 212/144/141
f 19/134/142 240/189/142 209/135/142
f 849/122/143 25/190/143 214/138/143
f 210/141/144 241/186/144 213/191/144
f 211/140/145 243/192/145 242/179/145
f 210/141/146 242/179/146 241/186/146
f 208/142/147 26/193/147 243/192/147
f 208/142/148 214/138/148 26/193/148
f 260/180/149 247/178/149 248/176/149
f 259/181/150 249/194/150 257/185/150
f 256/195/151 246/160/151 26/193/151
f 27/182/152 262/175/152 255/174/152
f 254/196/153 251/197/153 253/198/153
f 251/197/154 245/199/154 253/198/154
f 253/198/155 245/199/155 256/195/155
f 244/200/156 254/196/156 857/201/156
f 27/182/157 244/200/157 262/175/157
f 250/184/158 252/183/158 258/202/158
f 235/177/159 250/184/159 249/194/159
f 235/177/160 249/194/160 248/176/160
f 238/188/161 857/201/161 253/198/161
f 253/198/162 857/201/162 254/196/162
f 261/152/163 246/160/163 245/199/163
f 238/188/164 253/198/164 240/189/164
f 858/203/165 27/182/165 232/145/165
f 237/204/166 245/199/166 251/197/166
f 24/205/167 251/197/167 244/200/167
f 159/72/168 457/206/168 264/207/168
f 264/207/169 457/206/169 265/208/169
f 462/209/170 265/208/170 859/210/170
f 462/209/171 859/210/171 910/211/171
f 160/212/172 161/213/172 163/214/172
f 859/210/173 163/214/173 463/215/173
f 263/216/174 460/15/174 162/71/174
f 263/216/175 267/217/175 460/15/175
f 476/218/176 456/219/176 55/220/176
f 277/221/177 269/222/177 893/223/177
f 970/224/178 893/223/178 965/225/178
f 746/226/179 270/227/179 864/228/179
f 865/229/180 285/230/180 892/231/180
f 969/232/181 892/231/181 88/233/181
f 741/234/182 272/235/182 268/236/182
f 324/237/183 271/238/183 329/239/183
f 324/237/184 278/240/184 271/238/184
f 40/241/185 272/242/185 891/243/185
f 29/244/186 272/242/186 40/241/186
f 269/245/187 277/246/187 860/247/187
f 269/245/188 860/247/188 36/248/188
f 860/247/189 358/249/189 36/248/189
f 304/250/190 38/251/190 356/252/190
f 39/253/191 29/244/191 40/241/191
f 861/254/192 89/255/192 306/256/192
f 861/254/193 306/256/193 877/257/193
f 281/258/194 344/259/194 306/256/194
f 280/260/195 318/261/195 344/259/195
f 280/260/196 862/262/196 318/261/196
f 318/261/197 862/262/197 319/263/197
f 319/263/198 863/264/198 333/265/198
f 863/264/199 278/240/199 324/237/199
f 863/264/200 279/266/200 278/240/200
f 864/228/201 89/255/201 861/254/201
f 729/267/202 281/258/202 89/255/202
f 729/267/203 769/268/203 281/258/203
f 81/269/204 865/229/204 731/270/204
f 279/266/205 865/229/205 969/232/205
f 268/271/206 90/272/206 968/273/206
f 733/274/207 295/275/207 90/272/207
f 295/275/208 734/276/208 96/277/208
f 276/278/209 277/221/209 735/279/209
f 774/280/210 736/281/210 967/282/210
f 292/283/211 293/284/211 291/285/211
f 326/286/212 293/284/212 292/283/212
f 323/287/213 292/283/213 866/288/213
f 323/287/214 326/286/214 292/283/214
f 327/289/215 328/290/215 325/291/215
f 321/292/216 327/289/216 332/293/216
f 45/294/217 324/237/217 329/239/217
f 866/288/218 292/283/218 290/295/218
f 438/296/219 331/297/219 332/293/219
f 321/292/220 332/293/220 331/297/220
f 867/298/221 320/299/221 321/292/221
f 334/300/222 290/295/222 868/301/222
f 290/295/223 291/285/223 275/302/223
f 275/302/224 291/285/224 79/303/224
f 335/304/225 334/300/225 868/301/225
f 336/305/226 438/296/226 580/306/226
f 579/307/227 336/305/227 580/306/227
f 869/308/228 867/298/228 568/309/228
f 44/310/229 869/308/229 568/309/229
f 44/310/230 319/263/230 869/308/230
f 274/311/231 289/312/231 275/302/231
f 872/313/232 289/312/232 274/311/232
f 339/314/233 340/315/233 335/304/233
f 317/316/234 335/304/234 868/301/234
f 870/317/235 340/315/235 930/318/235
f 343/319/236 567/320/236 541/321/236
f 43/322/237 44/310/237 343/319/237
f 44/310/238 568/309/238 567/320/238
f 288/323/239 314/324/239 872/313/239
f 314/324/240 317/316/240 289/312/240
f 313/325/241 312/326/241 339/314/241
f 314/324/242 339/314/242 317/316/242
f 873/327/243 930/318/243 312/326/243
f 341/328/244 870/317/244 873/327/244
f 341/328/245 342/329/245 316/330/245
f 343/319/246 541/321/246 310/331/246
f 346/332/247 343/319/247 310/331/247
f 344/259/248 43/322/248 343/319/248
f 309/333/249 345/334/249 313/325/249
f 874/335/250 873/327/250 600/336/250
f 308/337/251 311/338/251 341/328/251
f 308/337/252 62/339/252 311/338/252
f 273/340/253 309/333/253 287/341/253
f 273/340/254 287/341/254 288/323/254
f 273/340/255 347/342/255 309/333/255
f 93/343/256 347/342/256 273/340/256
f 929/344/257 347/342/257 93/343/257
f 875/345/258 347/342/258 929/344/258
f 876/346/259 875/345/259 963/347/259
f 348/348/260 62/339/260 308/337/260
f 566/349/261 307/350/261 42/351/261
f 881/352/262 284/353/262 878/354/262
f 882/355/263 881/352/263 878/354/263
f 357/363/267 354/364/267 283/365/267
f 283/365/268 354/364/268 878/354/268
f 283/365/269 878/354/269 81/269/269
f 286/368/273 357/363/273 283/365/273
f 35/375/279 883/376/279 303/360/279
f 302/372/280 884/377/280 361/378/280
f 34/379/281 577/380/281 886/381/281
f 577/380/282 269/245/282 36/248/282
f 362/382/283 888/383/283 887/384/283
f 889/385/284 564/386/284 888/383/284
f 599/387/285 363/388/285 890/389/285
f 885/390/286 305/356/286 890/389/286
f 578/358/287 576/391/287 599/387/287
f 272/242/288 578/358/288 891/243/288
f 301/392/289 300/393/289 299/394/289
f 301/392/290 299/394/290 293/284/290
f 325/291/291 365/395/291 364/396/291
f 365/395/292 598/397/292 364/396/292
f 325/291/293 328/290/293 365/395/293
f 329/239/294 271/238/294 563/398/294
f 887/399/295 737/400/295 892/231/295
f 888/401/296 738/402/296 737/400/296
f 739/403/297 92/404/297 91/405/297
f 739/403/298 773/406/298 92/404/298
f 738/402/299 773/406/299 739/403/299
f 773/406/300 772/407/300 92/404/300
f 890/408/301 363/409/301 772/407/301
f 772/407/302 363/409/302 740/410/302
f 597/411/303 747/412/303 300/413/303
f 269/222/304 742/414/304 893/223/304
f 743/415/305 94/416/305 93/417/305
f 743/415/306 771/418/306 94/416/306
f 34/419/307 771/418/307 743/415/307
f 886/420/308 770/421/308 771/418/308
f 770/421/309 361/422/309 744/423/309
f 745/424/310 360/425/310 746/226/310
f 45/294/357 492/510/357 913/511/357
f 326/286/358 485/512/358 46/513/358
f 336/305/364 446/514/364 438/296/364
f 870/317/365 436/515/365 439/516/365
f 338/517/366 437/518/366 904/519/366
f 316/330/367 436/515/367 870/317/367
f 331/297/368 437/518/368 338/517/368
f 337/520/369 435/521/369 315/522/369
f 904/519/370 445/523/370 435/521/370
f 439/516/371 444/524/371 446/514/371
f 435/521/372 445/523/372 440/525/372
f 439/516/373 441/526/373 450/527/373
f 904/519/374 442/528/374 448/529/374
f 446/514/375 444/524/375 443/530/375
f 15/59/376 441/526/376 153/60/376
f 152/79/377 450/527/377 15/59/377
f 168/87/378 443/530/378 444/524/378
f 6/85/379 442/528/379 449/86/379
f 6/85/380 448/529/380 442/528/380
f 16/92/381 445/523/381 447/84/381
f 440/525/382 16/92/382 153/60/382
f 465/68/383 909/531/383 473/69/383
f 55/220/384 456/219/384 481/532/384
f 463/215/385 460/15/385 267/217/385
f 265/208/386 457/206/386 165/533/386
f 157/61/387 455/534/387 457/206/387
f 455/534/388 165/533/388 457/206/388
f 906/535/389 138/67/389 143/536/389
f 142/26/390 3/22/390 53/5/390
f 837/24/391 451/17/391 3/22/391
f 265/208/392 472/70/392 464/537/392
f 910/211/393 465/68/393 462/209/393
f 263/216/394 912/538/394 466/539/394
f 263/216/395 911/540/395 267/217/395
f 462/209/396 465/68/396 472/70/396
f 911/540/397 468/541/397 471/542/397
f 475/543/398 467/544/398 468/541/398
f 911/540/399 471/542/399 474/545/399
f 474/545/400 471/542/400 470/546/400
f 473/69/401 909/531/401 470/546/401
f 470/546/402 469/547/402 473/69/402
f 472/70/403 54/548/403 464/537/403
f 55/220/404 468/541/404 476/218/404
f 467/544/405 54/548/405 28/549/405
f 477/550/406 28/549/406 478/551/406
f 28/549/407 54/548/407 469/547/407
f 482/552/408 480/553/408 483/554/408
f 456/219/409 479/555/409 481/532/409
f 266/556/410 481/532/410 483/554/410
f 487/557/411 510/558/411 485/512/411
f 486/559/412 510/558/412 487/557/412
f 507/560/413 508/561/413 510/558/413
f 508/561/414 497/562/414 509/563/414
f 509/563/415 498/564/415 496/565/415
f 506/566/416 501/567/416 505/568/416
f 505/568/417 501/567/417 569/569/417
f 505/568/418 569/569/418 525/570/418
f 490/571/419 491/572/419 328/290/419
f 321/292/420 490/571/420 328/290/420
f 63/573/421 490/571/421 321/292/421
f 322/574/422 488/575/422 56/576/422
f 330/577/423 322/574/423 56/576/423
f 45/294/424 493/578/424 492/510/424
f 329/239/425 57/579/425 493/578/425
f 539/580/426 605/581/426 537/582/426
f 612/583/427 606/584/427 537/582/427
f 516/585/428 60/586/428 538/587/428
f 506/566/429 505/568/429 550/588/429
f 913/511/430 503/589/430 63/573/430
f 913/511/431 549/590/431 503/589/431
f 492/510/432 914/591/432 913/511/432
f 511/592/433 522/593/433 502/594/433
f 489/595/434 513/596/434 488/575/434
f 512/597/435 915/598/435 513/596/435
f 510/558/436 509/563/436 916/599/436
f 916/599/437 528/600/437 512/597/437
f 513/596/438 917/601/438 589/602/438
f 517/603/439 582/604/439 588/605/439
f 523/606/440 918/607/440 548/608/440
f 523/606/441 544/609/441 918/607/441
f 58/610/442 548/608/442 542/611/442
f 542/611/443 548/608/443 571/612/443
f 919/613/444 519/614/444 523/606/444
f 540/615/445 61/616/445 517/603/445
f 534/617/446 517/603/446 59/618/446
f 624/619/447 608/620/447 73/621/447
f 518/622/448 521/623/448 569/569/448
f 931/624/449 625/625/449 547/626/449
f 925/627/450 584/628/450 586/629/450
f 584/628/451 529/630/451 586/629/451
f 68/631/452 573/632/452 546/633/452
f 573/632/453 531/634/453 66/635/453
f 524/636/454 539/580/454 920/637/454
f 539/580/455 533/638/455 920/637/455
f 920/637/456 72/639/456 532/640/456
f 528/600/457 533/638/457 537/582/457
f 528/600/458 538/587/458 533/638/458
f 626/641/459 531/634/459 624/619/459
f 525/570/460 569/569/460 531/634/460
f 627/642/461 574/643/461 625/625/461
f 530/644/462 519/614/462 574/643/462
f 572/645/463 536/646/463 535/647/463
f 582/604/464 61/616/464 536/646/464
f 584/628/465 536/646/465 529/630/465
f 536/646/466 61/616/466 500/648/466
f 533/638/467 538/587/467 60/586/467
f 587/649/468 537/582/468 607/650/468
f 500/648/469 540/615/469 499/651/469
f 496/565/470 498/564/470 538/587/470
f 497/562/471 494/652/471 520/653/471
f 497/562/472 520/653/472 516/585/472
f 545/654/473 530/644/473 627/642/473
f 68/631/474 546/633/474 545/654/474
f 546/633/475 66/635/475 544/609/475
f 547/626/476 495/655/476 526/656/476
f 495/655/477 525/570/477 526/656/477
f 918/607/478 66/635/478 922/657/478
f 65/658/479 918/607/479 922/657/479
f 918/607/480 544/609/480 66/635/480
f 66/635/481 521/623/481 518/622/481
f 514/659/482 922/657/482 518/622/482
f 503/589/483 549/590/483 504/660/483
f 504/660/484 571/612/484 570/661/484
f 57/579/485 923/662/485 914/591/485
f 511/592/486 543/663/486 527/664/486
f 524/636/487 605/581/487 539/580/487
f 321/292/489 913/511/489 63/573/489
f 744/423/495 745/424/495 562/667/495
f 563/398/496 924/668/496 328/290/496
f 563/398/497 367/669/497 924/668/497
f 924/668/498 367/669/498 366/670/498
f 564/386/499 738/671/499 888/383/499
f 889/385/500 888/383/500 362/382/500
f 360/672/501 35/375/501 303/360/501
f 311/338/504 541/321/504 342/329/504
f 342/329/505 541/321/505 315/522/505
f 315/522/506 541/321/506 337/520/506
f 867/298/507 321/292/507 338/517/507
f 572/645/508 620/674/508 583/675/508
f 625/625/509 574/643/509 543/663/509
f 543/663/510 574/643/510 527/664/510
f 574/643/511 519/614/511 522/593/511
f 531/634/512 569/569/512 521/623/512
f 501/567/513 570/661/513 514/659/513
f 501/567/514 514/659/514 518/622/514
f 68/631/515 617/676/515 603/677/515
f 573/632/516 603/677/516 608/620/516
f 583/675/517 532/640/517 572/645/517
f 532/640/518 72/639/518 582/604/518
f 532/640/519 582/604/519 536/646/519
f 585/678/520 528/600/520 587/649/520
f 71/679/521 515/680/521 494/652/521
f 585/678/522 607/650/522 602/681/522
f 585/678/523 587/649/523 607/650/523
f 585/678/524 602/681/524 619/682/524
f 588/605/525 72/683/525 926/684/525
f 72/683/526 60/586/526 516/585/526
f 520/653/527 926/684/527 516/585/527
f 927/685/528 71/679/528 494/652/528
f 507/560/529 927/685/529 508/561/529
f 915/598/530 529/630/530 500/648/530
f 512/597/531 529/630/531 915/598/531
f 364/396/532 581/686/532 489/595/532
f 330/577/533 484/687/533 323/287/533
f 484/687/534 486/559/534 323/287/534
f 740/410/538 747/412/538 597/411/538
f 46/513/539 598/397/539 301/392/539
f 930/318/541 340/315/541 339/314/541
f 335/304/542 580/306/542 866/288/542
f 580/306/543 323/287/543 866/288/543
f 580/306/544 330/577/544 323/287/544
f 634/689/545 618/690/545 643/691/545
f 934/692/546 634/689/546 643/691/546
f 637/693/547 623/694/547 936/695/547
f 623/694/548 76/696/548 936/695/548
f 629/697/549 637/693/549 936/695/549
f 647/698/550 644/699/550 628/700/550
f 633/701/551 647/698/551 628/700/551
f 639/702/552 78/703/552 641/704/552
f 632/705/553 642/706/553 614/707/553
f 630/708/554 646/709/554 618/690/554
f 622/710/555 646/709/555 630/708/555
f 631/711/556 76/696/556 932/712/556
f 931/624/557 610/713/557 625/625/557
f 67/714/558 615/715/558 931/624/558
f 624/619/559 73/621/559 626/641/559
f 609/716/560 75/717/560 627/642/560
f 545/654/561 616/718/561 617/676/561
f 611/719/562 620/674/562 572/645/562
f 526/656/563 601/720/563 67/714/563
f 626/641/564 601/720/564 526/656/564
f 932/712/565 601/720/565 631/711/565
f 602/681/566 607/650/566 606/584/566
f 933/721/567 602/681/567 632/705/567
f 633/701/568 608/620/568 603/677/568
f 616/718/569 603/677/569 617/676/569
f 633/701/570 603/677/570 616/718/570
f 634/689/571 612/583/571 604/722/571
f 632/705/572 606/584/572 635/723/572
f 628/700/573 636/724/573 633/701/573
f 636/724/574 73/621/574 608/620/574
f 622/710/575 611/719/575 639/702/575
f 639/702/576 613/725/576 74/726/576
f 639/702/577 611/719/577 613/725/577
f 637/693/578 615/715/578 932/712/578
f 637/693/579 609/716/579 615/715/579
f 633/701/580 616/718/580 640/727/580
f 631/711/581 73/621/581 636/724/581
f 640/727/582 75/717/582 638/728/582
f 933/721/583 74/726/583 602/681/583
f 634/689/584 604/722/584 630/708/584
f 604/722/585 620/674/585 622/710/585
f 935/729/586 643/691/586 618/690/586
f 935/729/587 618/690/587 937/730/587
f 649/731/588 644/699/588 76/696/588
f 78/703/589 937/730/589 641/704/589
f 937/730/590 618/690/590 646/709/590
f 640/727/591 648/732/591 633/701/591
f 638/728/592 648/732/592 640/727/592
f 635/723/593 935/729/593 632/705/593
f 935/729/594 642/706/594 632/705/594
f 649/731/595 76/696/595 631/711/595
f 629/697/596 936/695/596 645/733/596
f 638/728/597 629/697/597 645/733/597
f 937/730/598 78/703/598 933/721/598
f 639/702/599 933/721/599 78/703/599
f 622/710/600 641/704/600 646/709/600
f 655/734/601 751/735/601 671/736/601
f 655/734/602 671/736/602 662/737/602
f 650/738/603 938/739/603 663/740/603
f 659/741/604 938/739/604 650/738/604
f 938/739/605 768/742/605 663/740/605
f 96/743/606 31/744/606 752/745/606
f 652/746/607 753/747/607 669/748/607
f 652/746/608 669/748/608 660/749/608
f 297/750/609 872/751/609 274/752/609
f 650/738/610 274/752/610 296/753/610
f 296/753/611 274/752/611 275/754/611
f 656/755/612 304/250/612 735/279/612
f 652/746/613 656/755/613 735/279/613
f 304/250/614 276/278/614 735/279/614
f 653/756/615 657/757/615 32/758/615
f 294/759/616 279/266/616 862/262/616
f 32/758/617 657/757/617 280/260/617
f 32/758/618 280/260/618 769/268/618
f 658/760/619 81/269/619 731/270/619
f 655/734/620 658/760/620 731/270/620
f 32/758/621 769/268/621 95/761/621
f 655/734/622 731/270/622 748/762/622
f 296/753/623 295/763/623 96/743/623
f 652/746/624 735/279/624 749/764/624
f 660/749/625 82/765/625 752/745/625
f 97/766/626 716/767/626 713/768/626
f 661/769/627 97/766/627 940/770/627
f 98/771/628 666/772/628 688/773/628
f 659/741/629 98/771/629 938/739/629
f 653/756/630 940/770/630 664/774/630
f 661/769/631 940/770/631 653/756/631
f 940/770/632 767/775/632 664/774/632
f 663/740/633 768/742/633 749/764/633
f 296/753/634 962/776/634 659/741/634
f 95/761/635 33/777/635 750/778/635
f 32/758/636 961/779/636 661/769/636
f 31/744/637 651/780/637 752/745/637
f 664/774/638 767/775/638 748/762/638
f 33/777/639 654/781/639 750/778/639
f 84/782/640 941/783/640 706/784/640
f 689/785/641 681/786/641 941/783/641
f 941/783/642 681/786/642 680/787/642
f 941/783/643 680/787/643 701/788/643
f 808/789/644 817/790/644 810/791/644
f 757/792/645 675/793/645 944/794/645
f 698/795/646 943/796/646 942/797/646
f 665/798/647 677/799/647 943/796/647
f 943/796/648 677/799/648 676/800/648
f 942/797/649 676/800/649 692/801/649
f 662/737/650 939/802/650 750/778/650
f 938/739/651 668/803/651 768/742/651
f 98/771/652 688/773/652 668/803/652
f 940/770/653 713/768/653 667/804/653
f 940/770/654 667/804/654 767/775/654
f 944/794/655 673/805/655 85/806/655
f 944/794/656 675/793/656 676/800/656
f 674/807/657 673/805/657 677/799/657
f 945/808/658 681/786/658 960/809/658
f 945/808/659 679/810/659 680/787/659
f 756/811/660 696/812/660 766/813/660
f 765/814/661 679/810/661 945/808/661
f 692/801/662 676/800/662 675/793/662
f 697/815/663 692/801/663 946/816/663
f 758/817/664 683/818/664 764/819/664
f 761/820/665 758/817/665 764/819/665
f 764/819/666 683/818/666 689/785/666
f 701/788/667 680/787/667 679/810/667
f 704/821/668 701/788/668 947/822/668
f 699/823/669 697/815/669 948/824/669
f 948/824/670 697/815/670 693/825/670
f 949/826/671 695/827/671 972/828/671
f 688/773/672 763/829/672 668/803/672
f 672/830/673 698/795/673 950/831/673
f 950/831/674 698/795/674 942/797/674
f 693/825/675 687/832/675 951/833/675
f 687/832/676 757/792/676 951/833/676
f 951/833/677 762/834/677 957/835/677
f 952/836/678 705/837/678 953/838/678
f 758/817/679 761/820/679 754/839/679
f 953/838/680 760/840/680 97/766/680
f 979/841/681 788/842/681 973/843/681
f 973/843/682 99/844/682 790/845/682
f 690/846/683 84/782/683 706/784/683
f 717/847/684 85/806/684 674/807/684
f 717/847/685 686/848/685 696/812/685
f 721/849/686 722/850/686 720/851/686
f 724/852/687 682/853/687 678/854/687
f 712/855/688 954/856/688 708/857/688
f 666/772/689 86/858/689 954/856/689
f 954/856/690 86/858/690 725/859/690
f 726/860/691 696/812/691 756/811/691
f 711/861/692 726/860/692 688/773/692
f 715/862/693 702/863/693 667/804/693
f 786/864/694 955/865/694 103/866/694
f 716/767/695 87/867/695 955/865/695
f 955/865/696 87/867/696 728/868/696
f 725/859/697 86/858/697 694/869/697
f 720/851/698 702/863/698 727/870/698
f 720/851/699 683/818/699 702/863/699
f 103/866/700 728/868/700 107/871/700
f 728/868/701 87/867/701 703/872/701
f 97/766/702 956/873/702 87/867/702
f 97/766/703 760/840/703 956/873/703
f 956/873/704 759/874/704 703/872/704
f 700/875/705 958/876/705 84/782/705
f 957/835/706 762/834/706 694/869/706
f 672/830/707 755/877/707 698/795/707
f 755/877/708 763/829/708 959/878/708
f 764/819/709 689/785/709 958/876/709
f 958/876/710 689/785/710 84/782/710
f 766/813/711 665/798/711 959/878/711
f 959/878/712 665/798/712 943/796/712
f 682/853/713 945/808/713 678/854/713
f 678/854/714 945/808/714 960/809/714
f 683/818/715 684/879/715 689/785/715
f 685/880/716 944/794/716 85/806/716
f 672/830/717 668/803/717 755/877/717
f 762/834/718 685/880/718 694/869/718
f 748/762/719 751/735/719 655/734/719
f 95/761/720 750/778/720 961/779/720
f 32/758/721 95/761/721 961/779/721
f 749/764/722 753/747/722 652/746/722
f 663/740/723 735/279/723 297/750/723
f 297/750/724 735/279/724 774/280/724
f 31/744/725 96/743/725 734/881/725
f 664/774/726 731/270/726 294/759/726
f 294/759/727 731/270/727 732/882/727
f 33/777/728 769/268/728 730/883/728
f 96/743/729 752/745/729 962/776/729
f 296/753/730 96/743/730 962/776/730
f 368/884/731 877/885/731 298/886/731
f 368/884/732 298/886/732 876/887/732
f 964/888/733 770/421/733 368/884/733
f 94/416/734 964/888/734 963/889/734
f 93/417/735 94/416/735 929/890/735
f 597/411/736 301/891/736 575/892/736
f 740/410/737 597/411/737 966/893/737
f 367/894/738 966/893/738 366/895/738
f 92/404/739 772/407/739 966/893/739
f 91/405/740 92/404/740 367/894/740
f 774/280/741 288/896/741 872/751/741
f 295/275/742 296/897/742 79/898/742
f 968/273/743 90/272/743 299/899/743
f 969/232/744 278/240/744 279/266/744
f 294/759/745 732/882/745 279/266/745
f 968/900/746 299/901/746 300/413/746
f 969/232/747 88/233/747 278/240/747
f 562/667/748 861/254/748 877/885/748
f 967/282/749 970/224/749 288/896/749
f 970/224/750 965/225/750 273/902/750
f 778/903/751 775/904/751 779/905/751
f 971/906/752 776/907/752 972/828/752
f 777/908/753 99/844/753 778/903/753
f 978/909/754 99/844/754 777/908/754
f 777/908/755 779/905/755 974/910/755
f 974/910/756 779/905/756 796/911/756
f 780/912/757 105/913/757 971/906/757
f 781/914/758 105/913/758 780/912/758
f 780/912/759 971/906/759 975/915/759
f 104/916/760 978/909/760 974/910/760
f 787/917/761 783/918/761 785/919/761
f 976/920/762 813/921/762 824/922/762
f 786/864/763 781/914/763 714/923/763
f 714/923/764 781/914/764 787/917/764
f 710/924/765 695/827/765 721/849/765
f 710/924/766 785/919/766 695/827/766
f 718/925/767 102/926/767 788/842/767
f 803/927/768 815/928/768 977/929/768
f 711/861/769 978/909/769 104/916/769
f 708/857/770 790/845/770 712/855/770
f 800/930/771 112/931/771 820/932/771
f 797/933/772 105/913/772 798/934/772
f 100/935/773 797/933/773 101/936/773
f 105/913/774 781/914/774 798/934/774
f 792/937/775 106/938/775 805/939/775
f 792/937/776 796/911/776 106/938/776
f 797/933/777 782/940/777 784/941/777
f 83/942/778 107/871/778 793/943/778
f 791/944/779 789/945/779 794/946/779
f 709/947/780 711/861/780 789/945/780
f 793/943/781 107/871/781 797/933/781
f 797/933/782 107/871/782 782/940/782
f 103/866/783 798/934/783 786/864/783
f 83/942/784 798/934/784 103/866/784
f 794/946/785 789/945/785 796/911/785
f 796/911/786 789/945/786 104/916/786
f 804/948/787 115/949/787 834/950/787
f 977/929/788 980/951/788 803/927/788
f 800/930/789 823/943/789 801/952/789
f 806/953/790 807/954/790 109/955/790
f 806/953/791 111/956/791 807/954/791
f 976/920/762 828/957/762 812/958/762
f 814/959/792 110/960/792 799/961/792
f 799/961/793 110/960/793 815/928/793
f 824/922/762 828/957/762 976/920/762
f 812/958/762 826/958/762 811/962/762
f 811/962/762 826/958/762 113/963/762
f 791/944/794 794/946/794 108/964/794
f 791/944/795 809/965/795 805/939/795
f 808/789/796 810/791/796 794/946/796
f 792/937/797 808/789/797 794/946/797
f 101/936/798 829/966/798 813/921/798
f 793/943/799 812/958/799 83/942/799
f 813/921/800 976/920/800 101/936/800
f 101/936/801 976/920/801 100/935/801
f 109/955/802 816/967/802 817/790/802
f 814/959/803 816/967/803 109/955/803
f 111/956/804 815/928/804 110/960/804
f 817/790/805 816/967/805 981/968/805
f 818/969/806 815/928/806 111/956/806
f 977/929/807 816/967/807 804/948/807
f 981/968/808 977/929/808 815/928/808
f 108/964/809 817/790/809 818/969/809
f 799/961/810 804/948/810 814/959/810
f 806/953/762 109/955/762 808/789/762
f 827/970/811 821/971/811 824/922/811
f 828/957/812 822/972/812 819/973/812
f 826/958/813 823/943/813 113/963/813
f 825/974/814 112/931/814 827/970/814
f 113/963/815 823/943/815 820/932/815
f 982/975/816 112/931/816 802/976/816
f 829/966/762 825/974/762 827/970/762
f 813/921/762 829/966/762 827/970/762
f 801/952/817 823/943/817 819/973/817
f 819/973/818 822/972/818 821/971/818
f 116/977/819 831/978/819 833/979/819
f 114/980/820 832/981/820 833/979/820
f 834/950/821 115/949/821 830/982/821
f 804/948/822 834/950/822 830/982/822
f 802/976/823 831/978/823 982/975/823
f 801/952/824 116/977/824 832/981/824
f 799/961/825 115/949/825 804/948/825
f 800/930/826 833/979/826 802/976/826
f 982/975/827 831/978/827 116/977/827
f 1/46/828 117/1/828 119/3/828
f 119/3/829 118/2/829 120/9/829
f 117/1/830 139/47/830 146/4/830
f 117/1/831 1/46/831 139/47/831
f 161/213/832 164/65/832 155/16/832 163/214/832
f 451/17/833 146/4/833 461/6/833
f 121/12/834 122/8/834 2/7/834 125/10/834
f 125/10/835 835/983/835 124/11/835
f 7/13/836 835/983/836 143/536/836 123/63/836
f 128/18/837 126/41/837 835/983/837 125/10/837
f 124/11/838 835/983/838 7/13/838
f 125/10/839 2/7/839 451/17/839
f 128/18/840 451/17/840 837/24/840
f 135/40/841 136/42/841 836/19/841 133/21/841
f 143/536/842 835/983/842 841/43/842
f 835/983/843 126/41/843 841/43/843
f 126/41/844 836/19/844 136/42/844
f 126/41/845 128/18/845 836/19/845
f 133/21/846 127/20/846 838/25/846
f 131/32/847 4/30/847 132/33/847 908/34/847
f 837/24/848 130/23/848 127/20/848
f 128/18/849 837/24/849 836/19/849
f 130/23/850 3/22/850 129/28/850
f 142/26/851 129/28/851 3/22/851
f 459/27/852 452/29/852 129/28/852
f 838/25/853 130/23/853 141/31/853
f 141/31/854 129/28/854 4/30/854
f 908/34/855 453/38/855 140/35/855
f 458/984/856 906/535/856 143/536/856 841/43/856
f 907/36/857 135/40/857 134/37/857
f 453/38/858 134/37/858 140/35/858
f 135/40/859 5/985/859 136/42/859
f 838/25/860 141/31/860 839/39/860
f 839/39/861 141/31/861 131/32/861
f 839/39/862 131/32/862 140/35/862
f 133/21/863 839/39/863 134/37/863
f 1/46/864 458/984/864 840/986/864
f 840/986/865 458/984/865 5/985/865
f 1/46/866 840/986/866 139/47/866
f 5/985/867 458/984/867 841/43/867 136/42/867
f 148/50/868 147/49/868 907/36/868 453/38/868
f 1/46/869 119/3/869 137/44/869
f 906/535/870 454/45/870 138/67/870
f 1/46/871 454/45/871 906/535/871
f 139/47/872 144/93/872 844/48/872
f 146/4/873 149/52/873 142/26/873 53/5/873
f 166/51/874 148/50/874 154/78/874
f 149/52/875 146/4/875 844/48/875
f 459/27/876 142/26/876 149/52/876
f 845/56/877 150/55/877 149/52/877 145/53/877
f 150/55/878 452/29/878 459/27/878 149/52/878
f 171/88/879 151/54/879 147/49/879 166/51/879
f 171/88/880 144/93/880 139/47/880 840/986/880
f 148/50/881 167/57/881 154/78/881
f 150/55/882 148/50/882 908/34/882 132/33/882
f 840/986/883 5/985/883 151/54/883
f 840/986/884 151/54/884 171/88/884
f 160/212/885 843/64/885 164/65/885 161/213/885
f 132/33/886 452/29/886 150/55/886
f 148/50/887 150/55/887 167/57/887
f 172/91/888 153/60/888 16/92/888
f 172/91/889 8/58/889 153/60/889
f 157/61/890 120/9/890 455/534/890
f 158/62/891 455/534/891 120/9/891
f 843/64/892 842/987/892 158/62/892
f 123/63/893 122/8/893 121/12/893
f 137/44/894 905/14/894 454/45/894
f 156/66/895 137/44/895 157/61/895
f 155/16/896 123/63/896 454/45/896
f 455/534/897 842/987/897 165/533/897
f 842/987/898 843/64/898 160/212/898
f 179/119/899 192/73/899 191/80/899 10/83/899
f 165/533/900 842/987/900 160/212/900
f 159/72/901 157/61/901 457/206/901
f 844/48/902 144/93/902 192/73/902
f 6/85/903 449/86/903 845/56/903 145/53/903
f 192/73/904 179/119/904 180/75/904
f 185/113/905 191/80/905 169/94/905 12/988/905
f 8/58/906 170/95/906 169/94/906 171/88/906
f 191/80/907 185/113/907 186/81/907
f 844/48/908 447/84/908 145/53/908
f 167/57/909 449/86/909 168/87/909
f 154/78/910 167/57/910 168/87/910
f 9/132/911 182/99/911 846/97/911 197/103/911
f 194/89/912 16/92/912 195/74/912
f 14/989/913 178/102/913 846/97/913 184/109/913
f 846/97/914 183/100/914 184/109/914
f 11/990/915 188/104/915 197/103/915 198/106/915
f 17/126/916 200/133/916 197/103/916
f 200/133/917 199/107/917 197/103/917
f 199/107/918 198/106/918 197/103/918
f 11/130/919 198/106/919 170/95/919 193/108/919
f 197/103/920 189/105/920 190/131/920
f 197/103/921 190/131/921 9/132/921
f 14/991/922 184/109/922 172/91/922 194/89/922
f 170/95/923 199/107/923 200/133/923
f 170/95/924 200/133/924 17/126/924
f 193/108/925 9/132/925 190/131/925
f 193/108/926 190/131/926 189/105/926
f 193/108/927 189/105/927 188/104/927
f 193/108/928 188/104/928 11/130/928
f 182/99/929 9/132/929 193/108/929 172/91/929
f 13/77/930 201/111/930 196/90/930 192/73/930
f 18/96/931 176/98/931 194/89/931 196/90/931
f 173/125/932 169/94/932 170/95/932 17/126/932
f 194/89/933 177/101/933 178/102/933
f 194/89/934 178/102/934 14/991/934
f 197/103/935 185/113/935 12/992/935 175/127/935
f 169/94/936 173/125/936 174/128/936
f 169/94/937 174/128/937 175/127/937
f 169/94/938 175/127/938 12/988/938
f 846/97/939 201/111/939 13/993/939 181/76/939
f 175/127/940 174/128/940 197/103/940
f 174/128/941 173/125/941 197/103/941
f 173/125/942 17/126/942 197/103/942
f 197/103/943 846/97/943 179/119/943 10/83/943
f 181/76/944 180/75/944 846/97/944
f 180/75/945 179/119/945 846/97/945
f 447/84/946 844/48/946 195/74/946 16/92/946
f 186/81/947 185/115/947 847/114/947 206/117/947
f 849/122/948 13/77/948 181/76/948 215/121/948
f 215/121/949 180/120/949 179/119/949 206/117/949
f 217/123/950 203/98/950 202/112/950 849/122/950
f 174/128/951 173/125/951 848/124/951 847/114/951
f 205/139/952 218/129/952 9/132/952 182/99/952
f 204/994/953 205/139/953 184/109/953 14/991/953
f 182/99/954 183/110/954 205/139/954
f 183/110/955 184/109/955 205/139/955
f 217/123/956 204/994/956 178/102/956 177/101/956
f 14/991/957 178/102/957 204/994/957
f 848/124/958 199/107/958 198/106/958 218/129/958
f 177/101/959 176/98/959 217/123/959
f 176/98/960 18/96/960 217/123/960
f 213/191/961 218/129/961 205/139/961 210/141/961
f 215/121/962 209/135/962 849/122/962
f 848/124/963 216/137/963 847/114/963
f 208/142/964 211/140/964 205/139/964 204/994/964
f 218/129/965 213/191/965 20/143/965
f 222/168/966 24/205/966 858/203/966 229/166/966
f 204/994/967 217/123/967 208/142/967
f 848/124/968 20/143/968 207/136/968
f 216/137/969 206/117/969 847/114/969
f 216/137/970 212/144/970 206/117/970
f 236/153/971 237/204/971 220/149/971 225/151/971
f 24/205/972 222/168/972 850/150/972
f 24/205/973 850/150/973 237/204/973
f 226/163/974 223/146/974 235/177/974 234/156/974
f 850/150/975 220/149/975 237/204/975
f 858/203/976 224/147/976 229/166/976
f 232/145/977 224/147/977 858/203/977
f 225/151/978 852/159/978 261/152/978
f 219/157/979 233/154/979 246/160/979 852/159/979
f 232/145/980 235/177/980 223/146/980
f 233/154/981 219/157/981 851/155/981
f 851/155/982 221/158/982 226/163/982
f 234/156/983 851/155/983 226/163/983
f 853/170/984 230/167/984 855/169/984 854/164/984
f 221/158/985 22/161/985 228/162/985
f 852/159/986 231/165/986 22/161/986
f 224/147/987 223/146/987 227/172/987
f 850/150/988 230/167/988 21/148/988
f 230/167/989 853/170/989 21/148/989
f 224/147/990 227/172/990 229/166/990
f 853/170/991 854/164/991 225/151/991
f 223/146/992 226/163/992 228/162/992
f 227/172/993 228/162/993 23/171/993
f 146/4/994 451/17/994 2/7/994 118/2/994
f 22/161/995 231/165/995 23/171/995
f 258/202/996 856/173/996 241/186/996 257/185/996
f 231/165/997 854/164/997 23/171/997
f 855/169/998 23/171/998 854/164/998
f 856/173/999 258/202/999 255/174/999
f 233/154/1000 248/176/1000 247/178/1000
f 243/192/1001 26/193/1001 260/180/1001
f 242/179/1002 243/192/1002 260/180/1002
f 242/179/1003 259/181/1003 257/185/1003
f 27/182/1004 858/203/1004 24/205/1004 244/200/1004
f 25/190/1005 849/122/1005 209/135/1005 240/189/1005
f 20/143/1006 856/173/1006 207/136/1006
f 239/187/1007 238/188/1007 212/144/1007
f 19/134/1008 238/188/1008 240/189/1008
f 216/137/1009 207/136/1009 262/175/1009 239/187/1009
f 856/173/1010 20/143/1010 213/191/1010 241/186/1010
f 246/160/1011 247/178/1011 260/180/1011 26/193/1011
f 210/141/1012 211/140/1012 242/179/1012
f 211/140/1013 208/142/1013 243/192/1013
f 26/193/1014 214/138/1014 25/190/1014
f 250/184/1015 258/202/1015 257/185/1015 249/194/1015
f 259/181/1016 260/180/1016 248/176/1016
f 256/195/1017 25/190/1017 240/189/1017 253/198/1017
f 259/181/1018 248/176/1018 249/194/1018
f 256/195/1019 245/199/1019 246/160/1019
f 252/183/1020 27/182/1020 255/174/1020
f 254/196/1021 244/200/1021 251/197/1021
f 262/175/1022 244/200/1022 857/201/1022
f 258/202/1023 252/183/1023 255/174/1023
f 235/177/1024 232/145/1024 250/184/1024
f 857/201/1025 239/187/1025 262/175/1025
f 238/188/1026 239/187/1026 857/201/1026
f 236/153/1027 261/152/1027 245/199/1027
f 165/533/1028 160/212/1028 859/210/1028 265/208/1028
f 24/205/1029 237/204/1029 251/197/1029
f 237/204/1030 236/153/1030 245/199/1030
f 25/190/1031 256/195/1031 26/193/1031
f 263/216/1032 159/72/1032 264/207/1032
f 263/216/1033 162/71/1033 159/72/1033
f 482/552/1034 28/549/1034 477/550/1034 480/553/1034
f 859/210/1035 160/212/1035 163/214/1035
f 910/211/1036 859/210/1036 463/215/1036
f 463/215/1037 163/214/1037 460/15/1037
f 476/218/1038 479/555/1038 456/219/1038
f 893/223/1039 970/224/1039 967/282/1039 736/281/1039
f 466/539/1040 475/543/1040 911/540/1040
f 466/539/1041 912/538/1041 475/543/1041
f 746/226/1042 861/254/1042 562/667/1042 745/424/1042
f 736/281/1043 277/221/1043 893/223/1043
f 741/234/1044 968/900/1044 300/413/1044 747/412/1044
f 746/226/1045 360/425/1045 270/227/1045
f 861/254/1046 746/226/1046 864/228/1046
f 969/232/1047 865/229/1047 892/231/1047
f 892/231/1048 285/230/1048 887/384/1048
f 356/252/1049 358/249/1049 860/247/1049 276/995/1049
f 741/234/1050 576/996/1050 272/235/1050
f 968/900/1051 741/234/1051 268/236/1051
f 278/240/1052 88/233/1052 271/238/1052
f 277/246/1053 276/995/1053 860/247/1053
f 30/997/1054 39/253/1054 38/251/1054 80/998/1054
f 276/995/1055 304/250/1055 356/252/1055
f 733/274/1056 268/271/1056 272/999/1056 29/1000/1056
f 38/251/1057 304/250/1057 80/998/1057
f 39/253/1058 30/997/1058 29/244/1058
f 89/255/1059 281/258/1059 306/256/1059
f 306/256/1060 344/259/1060 346/332/1060
f 281/258/1061 280/260/1061 344/259/1061
f 344/259/1062 318/261/1062 43/322/1062
f 43/322/1063 318/261/1063 44/310/1063
f 862/262/1064 279/266/1064 863/264/1064
f 44/310/1065 318/261/1065 319/263/1065
f 319/263/1066 862/262/1066 863/264/1066
f 333/265/1067 863/264/1067 324/237/1067
f 270/1001/1068 282/1002/1068 864/228/1068
f 864/228/1069 282/1002/1069 729/267/1069
f 864/228/1070 729/267/1070 89/255/1070
f 729/267/1071 282/1002/1071 283/365/1071
f 729/267/1072 730/883/1072 769/268/1072
f 731/270/1073 865/229/1073 732/882/1073
f 81/269/1074 284/353/1074 865/229/1074
f 279/266/1075 732/882/1075 865/229/1075
f 865/229/1076 284/353/1076 285/230/1076
f 364/396/1077 322/574/1077 327/289/1077 325/291/1077
f 268/271/1078 733/274/1078 90/272/1078
f 29/1000/1079 30/1003/1079 733/274/1079
f 733/274/1080 30/1003/1080 80/1004/1080
f 733/274/1081 734/276/1081 295/275/1081
f 735/279/1082 736/281/1082 774/280/1082
f 735/279/1083 277/221/1083 736/281/1083
f 291/285/1084 293/284/1084 299/394/1084
f 291/285/1085 299/394/1085 79/303/1085
f 293/284/1086 326/286/1086 46/513/1086
f 324/237/1087 45/294/1087 320/299/1087 333/265/1087
f 322/574/1088 332/293/1088 327/289/1088
f 321/292/1089 328/290/1089 327/289/1089
f 333/265/1090 320/299/1090 869/308/1090 319/263/1090
f 290/295/1091 292/283/1091 291/285/1091
f 334/300/1092 866/288/1092 290/295/1092
f 580/306/1093 438/296/1093 330/577/1093
f 438/296/1094 332/293/1094 330/577/1094
f 330/577/1095 332/293/1095 322/574/1095
f 338/517/1096 321/292/1096 331/297/1096
f 321/292/1097 320/299/1097 45/294/1097
f 867/298/1098 869/308/1098 320/299/1098
f 579/307/1099 340/315/1099 871/1005/1099 336/305/1099
f 868/301/1100 290/295/1100 275/302/1100
f 335/304/1101 866/288/1101 334/300/1101
f 275/302/1102 289/312/1102 868/301/1102
f 317/316/1103 339/314/1103 335/304/1103
f 340/315/1104 579/307/1104 335/304/1104
f 289/312/1105 317/316/1105 868/301/1105
f 870/317/1106 871/1005/1106 340/315/1106
f 285/230/1107 284/353/1107 881/352/1107 880/1006/1107
f 343/319/1108 44/310/1108 567/320/1108
f 872/313/1109 314/324/1109 289/312/1109
f 314/324/1110 313/325/1110 339/314/1110
f 339/314/1111 312/326/1111 930/318/1111
f 873/327/1112 870/317/1112 930/318/1112
f 874/335/1113 341/328/1113 873/327/1113
f 341/328/1114 316/330/1114 870/317/1114
f 341/328/1115 311/338/1115 342/329/1115
f 342/329/1116 315/522/1116 316/330/1116
f 346/332/1117 344/259/1117 343/319/1117
f 287/341/1118 309/333/1118 313/325/1118
f 287/341/1119 313/325/1119 314/324/1119
f 288/323/1120 287/341/1120 314/324/1120
f 313/325/1121 345/334/1121 312/326/1121
f 600/336/1122 308/337/1122 874/335/1122
f 308/337/1123 341/328/1123 874/335/1123
f 307/350/1124 346/332/1124 310/331/1124
f 307/350/1125 310/331/1125 42/351/1125
f 347/342/1126 345/334/1126 309/333/1126
f 963/347/1127 875/345/1127 929/344/1127
f 875/345/1128 600/336/1128 347/342/1128
f 876/346/1129 348/348/1129 875/345/1129
f 348/348/1130 308/337/1130 875/345/1130
f 875/345/1131 308/337/1131 600/336/1131
f 876/346/1132 298/1007/1132 348/348/1132
f 62/339/1133 566/349/1133 42/351/1133
f 877/257/1134 307/350/1134 566/349/1134
f 877/257/1135 306/256/1135 307/350/1135
f 306/256/1136 346/332/1136 307/350/1136
f 285/230/1138 880/1006/1138 887/384/1138
f 878/354/1139 284/353/1139 81/269/1139
f 354/364/1140 882/355/1140 878/354/1140
f 282/1002/1150 286/368/1150 283/365/1150
f 270/1001/1156 286/368/1156 282/1002/1156
f 270/1001/1157 37/362/1157 286/368/1157
f 286/368/1158 37/362/1158 357/363/1158
f 884/377/1166 883/376/1166 35/375/1166 361/378/1166
f 303/360/1167 37/362/1167 270/1001/1167
f 360/672/1168 303/360/1168 270/1001/1168
f 564/386/1169 889/385/1169 885/390/1169 890/389/1169
f 886/381/1170 577/380/1170 302/372/1170
f 886/381/1171 302/372/1171 361/378/1171
f 34/379/1172 269/245/1172 577/380/1172
f 887/384/1173 880/1006/1173 362/382/1173
f 91/405/1174 88/233/1174 737/400/1174 739/403/1174
f 305/356/1175 578/358/1175 599/387/1175
f 890/389/1176 305/356/1176 599/387/1176
f 578/358/1177 272/242/1177 576/391/1177
f 293/284/1178 46/513/1178 301/392/1178
f 46/513/1179 364/396/1179 598/397/1179
f 365/395/1180 366/670/1180 598/397/1180
f 598/397/1181 366/670/1181 575/1009/1181
f 365/395/1182 328/290/1182 924/668/1182
f 365/395/1183 924/668/1183 366/670/1183
f 563/398/1184 271/238/1184 91/1010/1184
f 563/398/1185 91/1010/1185 367/669/1185
f 887/399/1186 888/401/1186 737/400/1186
f 772/407/1187 773/406/1187 564/1011/1187 890/408/1187
f 892/231/1188 737/400/1188 88/233/1188
f 737/400/1189 738/402/1189 739/403/1189
f 738/402/1190 564/1011/1190 773/406/1190
f 93/417/1191 965/225/1191 742/414/1191 743/415/1191
f 747/412/1192 576/996/1192 741/234/1192
f 269/222/1193 34/419/1193 742/414/1193
f 893/223/1195 742/414/1195 965/225/1195
f 742/414/1196 34/419/1196 743/415/1196
f 34/419/1197 886/420/1197 771/418/1197
f 886/420/1198 361/422/1198 770/421/1198
f 744/423/1199 361/422/1199 35/1012/1199
f 487/557/1252 326/286/1252 323/287/1252 486/559/1252
f 321/292/1270 45/294/1270 913/511/1270
f 446/514/1271 437/518/1271 331/297/1271 438/296/1271
f 326/286/1272 487/557/1272 485/512/1272
f 336/305/1281 439/516/1281 446/514/1281
f 435/521/1282 436/515/1282 316/330/1282 315/522/1282
f 871/1005/1283 870/317/1283 439/516/1283
f 336/305/1284 871/1005/1284 439/516/1284
f 909/531/1285 910/211/1285 463/215/1285 474/545/1285
f 337/520/1286 338/517/1286 904/519/1286
f 337/520/1287 904/519/1287 435/521/1287
f 436/515/1288 440/525/1288 441/526/1288
f 904/519/1289 448/529/1289 445/523/1289
f 439/516/1290 450/527/1290 444/524/1290
f 437/518/1291 443/530/1291 442/528/1291
f 436/515/1292 435/521/1292 440/525/1292
f 439/516/1293 436/515/1293 441/526/1293
f 904/519/1294 437/518/1294 442/528/1294
f 437/518/1295 446/514/1295 443/530/1295
f 153/60/1296 441/526/1296 440/525/1296
f 450/527/1297 441/526/1297 15/59/1297
f 152/79/1298 444/524/1298 450/527/1298
f 168/87/1299 449/86/1299 443/530/1299
f 152/79/1300 168/87/1300 444/524/1300
f 449/86/1301 442/528/1301 443/530/1301
f 6/85/1302 447/84/1302 448/529/1302
f 447/84/1303 445/523/1303 448/529/1303
f 440/525/1304 445/523/1304 16/92/1304
f 266/556/1305 55/220/1305 481/532/1305
f 155/16/1306 454/45/1306 905/14/1306
f 842/987/1307 455/534/1307 158/62/1307
f 122/8/1308 158/62/1308 120/9/1308
f 143/536/1309 138/67/1309 123/63/1309
f 1/46/1310 906/535/1310 458/984/1310
f 151/54/1311 5/985/1311 135/40/1311
f 151/54/1312 135/40/1312 907/36/1312
f 155/16/1313 460/15/1313 163/214/1313
f 451/17/1314 461/6/1314 53/5/1314
f 118/2/1315 2/7/1315 120/9/1315
f 464/537/1316 912/538/1316 264/207/1316 265/208/1316
f 474/545/1317 463/215/1317 267/217/1317 911/540/1317
f 910/211/1318 909/531/1318 465/68/1318
f 54/548/1319 472/70/1319 473/69/1319 469/547/1319
f 263/216/1320 264/207/1320 912/538/1320
f 263/216/1321 466/539/1321 911/540/1321
f 265/208/1322 462/209/1322 472/70/1322
f 471/542/1323 468/541/1323 55/220/1323 266/556/1323
f 475/543/1324 468/541/1324 911/540/1324
f 475/543/1325 912/538/1325 467/544/1325
f 912/538/1326 464/537/1326 467/544/1326
f 464/537/1327 54/548/1327 467/544/1327
f 909/531/1328 474/545/1328 470/546/1328
f 476/218/1329 467/544/1329 28/549/1329
f 476/218/1330 468/541/1330 467/544/1330
f 478/551/1331 28/549/1331 469/547/1331
f 478/551/1332 469/547/1332 470/546/1332
f 483/554/1333 480/553/1333 477/550/1333 478/551/1333
f 478/551/1334 470/546/1334 471/542/1334
f 266/556/1335 478/551/1335 471/542/1335
f 479/555/1336 482/552/1336 483/554/1336
f 481/532/1337 479/555/1337 483/554/1337
f 478/551/1338 266/556/1338 483/554/1338
f 479/555/1339 476/218/1339 28/549/1339 482/552/1339
f 506/566/1340 490/571/1340 63/573/1340 503/589/1340
f 510/558/1341 508/561/1341 509/563/1341
f 486/559/1342 507/560/1342 510/558/1342
f 508/561/1343 494/652/1343 497/562/1343
f 509/563/1344 497/562/1344 498/564/1344
f 491/572/1345 490/571/1345 506/566/1345
f 504/660/1346 501/567/1346 506/566/1346 503/589/1346
f 57/579/1347 329/239/1347 328/290/1347 64/1027/1347
f 501/567/1348 504/660/1348 570/661/1348
f 489/595/1349 488/575/1349 322/574/1349 364/396/1349
f 328/290/1350 491/572/1350 64/1027/1350
f 550/588/1351 64/1027/1351 491/572/1351 506/566/1351
f 330/577/1352 56/576/1352 484/687/1352
f 45/294/1353 329/239/1353 493/578/1353
f 537/582/1354 605/581/1354 612/583/1354
f 550/588/1355 505/568/1355 495/655/1355
f 502/594/1356 58/610/1356 549/590/1356 511/592/1356
f 505/568/1357 525/570/1357 495/655/1357
f 549/590/1358 58/610/1358 542/611/1358
f 492/510/1359 493/578/1359 914/591/1359
f 493/578/1360 57/579/1360 914/591/1360
f 511/592/1361 527/664/1361 522/593/1361
f 511/592/1362 549/590/1362 913/511/1362 914/591/1362
f 534/617/1363 917/601/1363 915/598/1363 499/651/1363
f 56/576/1364 488/575/1364 513/596/1364
f 489/595/1365 512/597/1365 513/596/1365
f 915/598/1366 500/648/1366 499/651/1366
f 512/597/1367 581/686/1367 485/512/1367 916/599/1367
f 513/596/1368 915/598/1368 917/601/1368
f 916/599/1369 509/563/1369 528/600/1369
f 71/679/1370 927/685/1370 917/601/1370 921/1028/1370
f 485/512/1371 510/558/1371 916/599/1371
f 509/563/1372 496/565/1372 528/600/1372
f 56/576/1373 513/596/1373 589/602/1373
f 917/601/1374 534/617/1374 921/1028/1374
f 515/680/1375 71/679/1375 921/1028/1375 59/618/1375
f 589/602/1376 917/601/1376 927/685/1376
f 59/618/1377 517/603/1377 588/605/1377
f 582/604/1378 517/603/1378 61/616/1378
f 65/658/1379 548/608/1379 918/607/1379
f 544/609/1380 523/606/1380 519/614/1380
f 58/610/1381 523/606/1381 548/608/1381
f 523/606/1382 502/594/1382 919/613/1382
f 624/619/1383 573/632/1383 608/620/1383
f 921/1028/1384 534/617/1384 59/618/1384
f 60/586/1385 72/639/1385 920/637/1385 533/638/1385
f 547/626/1386 625/625/1386 543/663/1386
f 67/714/1387 931/624/1387 547/626/1387
f 585/678/1388 925/627/1388 586/629/1388
f 546/633/1389 573/632/1389 66/635/1389
f 66/635/1390 531/634/1390 521/623/1390
f 583/675/1391 524/636/1391 920/637/1391
f 514/659/1392 570/661/1392 571/612/1392 65/658/1392
f 587/649/1393 528/600/1393 537/582/1393
f 526/656/1394 525/570/1394 531/634/1394
f 626/641/1395 526/656/1395 531/634/1395
f 627/642/1396 530/644/1396 574/643/1396
f 572/645/1397 532/640/1397 536/646/1397
f 584/628/1398 535/647/1398 536/646/1398
f 529/630/1399 536/646/1399 500/648/1399
f 539/580/1400 537/582/1400 533/638/1400
f 607/650/1401 537/582/1401 606/584/1401
f 500/648/1402 61/616/1402 540/615/1402
f 499/651/1403 540/615/1403 517/603/1403
f 499/651/1404 517/603/1404 534/617/1404
f 498/564/1405 497/562/1405 516/585/1405
f 538/587/1406 498/564/1406 516/585/1406
f 545/654/1407 546/633/1407 530/644/1407
f 530/644/1408 546/633/1408 544/609/1408
f 530/644/1409 544/609/1409 519/614/1409
f 67/714/1410 547/626/1410 526/656/1410
f 547/626/1411 543/663/1411 495/655/1411
f 542/611/1412 571/612/1412 504/660/1412 549/590/1412
f 571/612/1413 548/608/1413 65/658/1413
f 514/659/1414 65/658/1414 922/657/1414
f 922/657/1415 66/635/1415 518/622/1415
f 550/588/1416 923/662/1416 57/579/1416 64/1027/1416
f 495/655/1417 543/663/1417 923/662/1417 550/588/1417
f 543/663/1418 511/592/1418 914/591/1418 923/662/1418
f 604/722/1419 524/636/1419 583/675/1419 621/1029/1419
f 524/636/1420 604/722/1420 605/581/1420
f 360/425/1433 745/424/1433 744/423/1433 35/1012/1433
f 566/349/1434 348/348/1434 298/1007/1434 877/257/1434
f 329/239/1435 563/398/1435 328/290/1435
f 310/331/1436 311/338/1436 62/339/1436 42/351/1436
f 348/348/1437 566/349/1437 62/339/1437
f 338/517/1438 337/520/1438 568/309/1438 867/298/1438
f 311/338/1439 310/331/1439 541/321/1439
f 337/520/1440 541/321/1440 567/320/1440
f 337/520/1441 567/320/1441 568/309/1441
f 619/682/1442 74/726/1442 584/628/1442 925/627/1442
f 583/675/1443 620/674/1443 621/1029/1443
f 527/664/1444 574/643/1444 522/593/1444
f 573/632/1445 624/619/1445 531/634/1445
f 569/569/1446 501/567/1446 518/622/1446
f 522/593/1447 519/614/1447 919/613/1447
f 522/593/1448 919/613/1448 502/594/1448
f 502/594/1449 523/606/1449 58/610/1449
f 573/632/1450 68/631/1450 603/677/1450
f 926/684/1451 515/680/1451 59/618/1451 588/605/1451
f 925/627/1452 585/678/1452 619/682/1452
f 583/675/1453 920/637/1453 532/640/1453
f 585/678/1454 586/629/1454 528/600/1454
f 528/600/1455 496/565/1455 538/587/1455
f 494/652/1456 515/680/1456 520/653/1456
f 520/653/1457 515/680/1457 926/684/1457
f 589/602/1458 507/560/1458 484/687/1458 56/576/1458
f 588/605/1459 582/604/1459 72/683/1459
f 926/684/1460 72/683/1460 516/585/1460
f 486/559/1461 484/687/1461 507/560/1461
f 485/512/1462 581/686/1462 364/396/1462 46/513/1462
f 507/560/1463 589/602/1463 927/685/1463
f 508/561/1464 927/685/1464 494/652/1464
f 489/595/1465 581/686/1465 512/597/1465
f 529/630/1466 512/597/1466 528/600/1466
f 529/630/1467 528/600/1467 586/629/1467
f 576/996/1480 747/412/1480 740/410/1480 363/409/1480
f 312/326/1481 345/334/1481 600/336/1481 873/327/1481
f 301/392/1482 598/397/1482 575/1009/1482
f 363/388/1483 599/387/1483 576/391/1483
f 347/342/1484 600/336/1484 345/334/1484
f 643/691/1485 77/1030/1485 635/723/1485 934/692/1485
f 335/304/1486 579/307/1486 580/306/1486
f 76/696/1487 623/694/1487 637/693/1487 932/712/1487
f 634/689/1488 630/708/1488 618/690/1488
f 74/726/1489 613/725/1489 535/647/1489 584/628/1489
f 931/624/1490 615/715/1490 610/713/1490
f 625/625/1491 610/713/1491 609/716/1491
f 625/625/1492 609/716/1492 627/642/1492
f 611/719/1493 572/645/1493 535/647/1493 613/725/1493
f 545/654/1494 627/642/1494 616/718/1494
f 616/718/1495 627/642/1495 75/717/1495
f 68/631/1496 545/654/1496 617/676/1496
f 75/717/1497 609/716/1497 629/697/1497 638/728/1497
f 626/641/1498 73/621/1498 601/720/1498
f 67/714/1499 601/720/1499 615/715/1499
f 932/712/1500 615/715/1500 601/720/1500
f 614/707/1501 933/721/1501 632/705/1501
f 604/722/1502 612/583/1502 605/581/1502
f 632/705/1503 602/681/1503 606/584/1503
f 633/701/1504 636/724/1504 608/620/1504
f 606/584/1505 612/583/1505 934/692/1505 635/723/1505
f 637/693/1506 629/697/1506 609/716/1506
f 622/710/1507 620/674/1507 611/719/1507
f 648/732/1508 936/695/1508 76/696/1508 647/698/1508
f 634/689/1509 934/692/1509 612/583/1509
f 933/721/1510 639/702/1510 74/726/1510
f 615/715/1511 609/716/1511 610/713/1511
f 631/711/1512 601/720/1512 73/621/1512
f 640/727/1513 616/718/1513 75/717/1513
f 602/681/1514 74/726/1514 619/682/1514
f 630/708/1515 604/722/1515 622/710/1515
f 604/722/1516 621/1029/1516 620/674/1516
f 935/729/1517 77/1030/1517 643/691/1517
f 642/706/1518 935/729/1518 937/730/1518
f 936/695/1519 648/732/1519 645/733/1519
f 937/730/1520 933/721/1520 614/707/1520 642/706/1520
f 76/696/1521 644/699/1521 647/698/1521
f 937/730/1522 646/709/1522 641/704/1522
f 633/701/1523 648/732/1523 647/698/1523
f 635/723/1524 77/1030/1524 935/729/1524
f 631/711/1525 636/724/1525 649/731/1525
f 636/724/1526 644/699/1526 649/731/1526
f 636/724/1527 628/700/1527 644/699/1527
f 638/728/1528 645/733/1528 648/732/1528
f 734/881/1529 656/755/1529 651/780/1529 31/744/1529
f 622/710/1530 639/702/1530 641/704/1530
f 650/738/1531 297/750/1531 274/752/1531
f 650/738/1532 663/740/1532 297/750/1532
f 296/753/1533 275/754/1533 79/898/1533
f 730/883/1534 658/760/1534 654/781/1534 33/777/1534
f 656/755/1535 80/998/1535 304/250/1535
f 652/746/1536 651/780/1536 656/755/1536
f 653/756/1537 294/759/1537 657/757/1537
f 653/756/1538 664/774/1538 294/759/1538
f 657/757/1539 294/759/1539 862/262/1539
f 280/260/1540 657/757/1540 862/262/1540
f 681/786/1541 689/785/1541 684/879/1541 960/809/1541
f 658/760/1542 283/365/1542 81/269/1542
f 655/734/1543 654/781/1543 658/760/1543
f 95/761/1544 769/268/1544 33/777/1544
f 660/749/1545 669/748/1545 82/765/1545
f 661/769/1546 961/779/1546 97/766/1546
f 750/778/1547 939/802/1547 97/766/1547
f 939/802/1548 953/838/1548 97/766/1548
f 659/741/1549 962/776/1549 98/771/1549
f 32/758/1550 661/769/1550 653/756/1550
f 650/738/1551 296/753/1551 659/741/1551
f 652/746/1552 660/749/1552 651/780/1552
f 651/780/1553 660/749/1553 752/745/1553
f 655/734/1554 662/737/1554 654/781/1554
f 654/781/1555 662/737/1555 750/778/1555
f 706/1031/1556 941/783/1556 701/788/1556
f 84/782/1557 689/785/1557 941/783/1557
f 757/792/1558 687/832/1558 675/793/1558
f 762/834/1559 757/792/1559 944/794/1559
f 942/797/1560 943/796/1560 676/800/1560
f 699/823/1561 942/797/1561 692/801/1561
f 662/737/1562 671/736/1562 939/802/1562
f 669/748/1563 753/747/1563 672/830/1563
f 669/748/1564 672/830/1564 82/765/1564
f 752/745/1565 82/765/1565 98/771/1565
f 938/739/1566 98/771/1566 668/803/1566
f 671/736/1567 751/735/1567 670/1032/1567
f 671/736/1568 670/1032/1568 939/802/1568
f 940/770/1569 97/766/1569 713/768/1569
f 673/805/1570 944/794/1570 676/800/1570
f 665/798/1571 686/848/1571 677/799/1571
f 686/848/1572 674/807/1572 677/799/1572
f 674/807/1573 85/806/1573 673/805/1573
f 673/805/1574 676/800/1574 677/799/1574
f 679/810/1575 765/814/1575 759/874/1575 705/837/1575
f 681/786/1576 945/808/1576 680/787/1576
f 763/829/1577 756/811/1577 766/813/1577
f 766/813/1578 696/812/1578 686/848/1578
f 665/798/1579 766/813/1579 686/848/1579
f 972/828/1580 784/941/1580 782/940/1580 949/826/1580
f 695/827/1581 785/919/1581 783/918/1581
f 946/816/1582 692/801/1582 675/793/1582
f 687/832/1583 697/815/1583 946/816/1583
f 697/815/1584 699/823/1584 692/801/1584
f 687/832/1585 946/816/1585 675/793/1585
f 758/817/1586 702/863/1586 683/818/1586
f 947/822/1587 701/788/1587 679/810/1587
f 705/837/1588 704/821/1588 947/822/1588
f 704/821/1589 706/1031/1589 701/788/1589
f 705/837/1590 947/822/1590 679/810/1590
f 82/765/1591 948/824/1591 693/825/1591
f 82/765/1592 950/831/1592 948/824/1592
f 950/831/1593 699/823/1593 948/824/1593
f 693/825/1594 697/815/1594 687/832/1594
f 957/835/1595 98/771/1595 82/765/1595 951/833/1595
f 688/773/1596 756/811/1596 763/829/1596
f 82/765/1597 672/830/1597 950/831/1597
f 699/823/1598 950/831/1598 942/797/1598
f 704/821/1599 952/836/1599 690/846/1599 706/1031/1599
f 82/765/1600 693/825/1600 951/833/1600
f 951/833/1601 757/792/1601 762/834/1601
f 939/802/1602 952/836/1602 953/838/1602
f 939/802/1603 691/1033/1603 952/836/1603
f 691/1033/1604 690/846/1604 952/836/1604
f 759/874/1605 760/840/1605 953/838/1605 705/837/1605
f 952/836/1606 704/821/1606 705/837/1606
f 667/804/1607 758/817/1607 754/839/1607
f 667/804/1608 702/863/1608 758/817/1608
f 700/875/1609 690/846/1609 691/1033/1609 670/1032/1609
f 979/841/1610 973/843/1610 790/845/1610
f 939/802/1611 670/1032/1611 691/1033/1611
f 688/773/1612 666/772/1612 712/855/1612 711/861/1612
f 690/846/1613 700/875/1613 84/782/1613
f 713/768/1614 714/923/1614 707/1034/1614 715/862/1614
f 85/806/1615 717/847/1615 719/1035/1615 685/880/1615
f 715/862/1616 667/804/1616 713/768/1616
f 716/767/1617 714/923/1617 713/768/1617
f 102/926/1618 718/925/1618 717/847/1618
f 717/847/1619 674/807/1619 686/848/1619
f 718/925/1620 719/1035/1620 717/847/1620
f 960/809/1621 722/850/1621 724/852/1621 678/854/1621
f 721/849/1622 723/1036/1622 722/850/1622
f 720/851/1623 722/850/1623 960/809/1623
f 720/851/1624 960/809/1624 684/879/1624
f 723/1036/1625 724/852/1625 722/850/1625
f 725/859/1626 719/1035/1626 718/925/1626 708/857/1626
f 708/857/1627 954/856/1627 725/859/1627
f 712/855/1628 666/772/1628 954/856/1628
f 666/772/1629 98/771/1629 86/858/1629
f 711/861/1630 709/947/1630 726/860/1630
f 688/773/1631 726/860/1631 756/811/1631
f 707/1034/1632 727/870/1632 715/862/1632
f 715/862/1633 727/870/1633 702/863/1633
f 707/1034/1634 710/924/1634 727/870/1634
f 103/866/1635 955/865/1635 728/868/1635
f 786/864/1636 714/923/1636 955/865/1636
f 714/923/1637 716/767/1637 955/865/1637
f 716/767/1638 97/766/1638 87/867/1638
f 694/869/1639 685/880/1639 719/1035/1639 725/859/1639
f 728/868/1640 724/852/1640 723/1036/1640 107/871/1640
f 102/926/1641 696/812/1641 726/860/1641
f 709/947/1642 102/926/1642 726/860/1642
f 102/926/1643 717/847/1643 696/812/1643
f 721/849/1644 720/851/1644 727/870/1644
f 710/924/1645 721/849/1645 727/870/1645
f 720/851/1646 684/879/1646 683/818/1646
f 703/872/1647 682/853/1647 724/852/1647 728/868/1647
f 761/820/1648 700/875/1648 670/1032/1648 754/839/1648
f 956/873/1649 760/840/1649 759/874/1649
f 87/867/1650 956/873/1650 703/872/1650
f 682/853/1651 703/872/1651 759/874/1651 765/814/1651
f 700/875/1652 761/820/1652 958/876/1652
f 86/858/1653 957/835/1653 694/869/1653
f 86/858/1654 98/771/1654 957/835/1654
f 755/877/1655 668/803/1655 763/829/1655
f 698/795/1656 755/877/1656 959/878/1656
f 761/820/1657 764/819/1657 958/876/1657
f 668/803/1658 672/830/1658 753/747/1658 768/742/1658
f 765/814/1659 945/808/1659 682/853/1659
f 698/795/1660 959/878/1660 943/796/1660
f 763/829/1661 766/813/1661 959/878/1661
f 667/804/1662 670/1032/1662 751/735/1662 767/775/1662
f 962/776/1663 752/745/1663 98/771/1663
f 733/1037/1664 80/998/1664 656/755/1664 734/881/1664
f 670/1032/1665 667/804/1665 754/839/1665
f 762/834/1666 944/794/1666 685/880/1666
f 748/762/1667 767/775/1667 751/735/1667
f 749/764/1668 768/742/1668 753/747/1668
f 961/779/1669 750/778/1669 97/766/1669
f 663/740/1670 749/764/1670 735/279/1670
f 729/267/1671 283/365/1671 658/760/1671 730/883/1671
f 664/774/1672 748/762/1672 731/270/1672
f 695/827/1673 783/918/1673 975/915/1673 972/828/1673
f 744/423/1674 562/667/1674 368/884/1674
f 368/884/1675 562/667/1675 877/885/1675
f 770/421/1676 744/423/1676 368/884/1676
f 964/888/1677 771/418/1677 770/421/1677
f 963/889/1678 964/888/1678 368/884/1678
f 876/887/1679 963/889/1679 368/884/1679
f 929/890/1680 94/416/1680 963/889/1680
f 964/888/1681 94/416/1681 771/418/1681
f 273/1038/1682 965/225/1682 93/417/1682
f 597/411/1683 300/413/1683 301/891/1683
f 966/893/1684 575/892/1684 366/895/1684
f 772/407/1685 740/410/1685 966/893/1685
f 966/893/1686 597/411/1686 575/892/1686
f 367/894/1687 92/404/1687 966/893/1687
f 271/1039/1688 88/233/1688 91/405/1688
f 774/280/1689 967/282/1689 288/896/1689
f 872/751/1690 297/750/1690 774/280/1690
f 79/898/1691 90/272/1691 295/275/1691
f 299/899/1692 90/272/1692 79/898/1692
f 281/258/1693 769/268/1693 280/260/1693
f 288/896/1694 970/224/1694 273/902/1694
f 779/905/1695 775/904/1695 106/938/1695
f 106/938/1696 775/904/1696 973/843/1696 788/842/1696
f 975/915/1697 971/906/1697 972/828/1697
f 972/828/1698 776/907/1698 784/941/1698
f 778/903/1699 99/844/1699 973/843/1699
f 784/941/1700 776/907/1700 971/906/1700 105/913/1700
f 778/903/1701 973/843/1701 775/904/1701
f 785/919/1702 707/1034/1702 714/923/1702 787/917/1702
f 974/910/1703 978/909/1703 777/908/1703
f 104/916/1704 974/910/1704 796/911/1704
f 777/908/1705 778/903/1705 779/905/1705
f 787/917/1706 781/914/1706 780/912/1706
f 787/917/1707 975/915/1707 783/918/1707
f 787/917/1708 780/912/1708 975/915/1708
f 790/845/1709 99/844/1709 978/909/1709
f 814/959/1710 804/948/1710 816/967/1710
f 788/842/1711 795/1040/1711 106/938/1711
f 824/922/762 813/921/762 827/970/762
f 710/924/1712 707/1034/1712 785/919/1712
f 788/842/1713 979/841/1713 708/857/1713 718/925/1713
f 723/1036/1714 721/849/1714 949/826/1714
f 721/849/1715 695/827/1715 949/826/1715
f 723/1036/1716 949/826/1716 782/940/1716
f 107/871/1717 723/1036/1717 782/940/1717
f 829/966/762 811/962/762 825/974/762
f 788/842/1718 102/926/1718 795/1040/1718
f 711/861/1719 712/855/1719 978/909/1719
f 712/855/1720 790/845/1720 978/909/1720
f 708/857/1721 979/841/1721 790/845/1721
f 795/1040/1722 709/947/1722 791/944/1722 805/939/1722
f 789/945/1723 711/861/1723 104/916/1723
f 709/947/1724 795/1040/1724 102/926/1724
f 812/958/1725 793/943/1725 100/935/1725 976/920/1725
f 791/944/1726 709/947/1726 789/945/1726
f 83/942/1727 103/866/1727 107/871/1727
f 101/936/1728 797/933/1728 798/934/1728
f 106/938/1729 796/911/1729 779/905/1729
f 797/933/1730 784/941/1730 105/913/1730
f 798/934/1731 781/914/1731 786/864/1731
f 100/935/1732 793/943/1732 797/933/1732
f 83/942/1733 101/936/1733 798/934/1733
f 805/939/1734 106/938/1734 795/1040/1734
f 792/937/1735 794/946/1735 796/911/1735
f 114/980/1736 801/952/1736 832/981/1736
f 977/929/1737 804/948/1737 830/982/1737
f 803/927/1738 115/949/1738 799/961/1738
f 803/927/1739 980/951/1739 115/949/1739
f 800/930/1740 820/932/1740 823/943/1740
f 812/958/762 828/957/762 826/958/762
f 803/927/1741 799/961/1741 815/928/1741
f 791/944/1742 108/964/1742 809/965/1742
f 108/964/1743 794/946/1743 810/791/1743
f 792/937/1744 806/953/1744 808/789/1744
f 806/953/1745 805/939/1745 809/965/1745
f 792/937/1746 805/939/1746 806/953/1746
f 83/942/1747 812/958/1747 811/962/1747
f 111/956/1748 809/965/1748 108/964/1748 818/969/1748
f 101/936/1749 83/942/1749 829/966/1749
f 83/942/1750 811/962/1750 829/966/1750
f 109/955/1751 807/954/1751 110/960/1751
f 807/954/1752 111/956/1752 110/960/1752
f 109/955/1753 110/960/1753 814/959/1753
f 818/969/1754 817/790/1754 981/968/1754
f 818/969/1755 981/968/1755 815/928/1755
f 823/943/1756 826/958/1756 828/957/1756 819/973/1756
f 977/929/1757 981/968/1757 816/967/1757
f 108/964/1758 810/791/1758 817/790/1758
f 808/789/1759 109/955/1759 817/790/1759
f 806/953/1760 809/965/1760 111/956/1760
f 824/922/1761 821/971/1761 822/972/1761
f 112/931/1762 825/974/1762 820/932/1762
f 828/957/1763 824/922/1763 822/972/1763
f 825/974/1764 113/963/1764 820/932/1764
f 827/970/1765 112/931/1765 821/971/1765
f 982/975/1766 821/971/1766 112/931/1766
f 982/975/817 801/952/817 819/973/817
f 800/930/792 802/976/792 112/931/792
f 811/962/762 113/963/762 825/974/762
f 982/975/1767 819/973/1767 821/971/1767
f 832/981/1768 116/977/1768 833/979/1768
f 980/951/1769 830/982/1769 115/949/1769
f 977/929/1770 830/982/1770 980/951/1770
f 802/976/1771 833/979/1771 831/978/1771
f 800/930/1772 801/952/1772 114/980/1772
f 801/952/1773 982/975/1773 116/977/1773
f 800/930/1774 114/980/1774 833/979/1774
